// Generated by tools/embed_blend_fixture.py -- DO NOT EDIT.
// Source fixture: tests/fixtures/BlenderDefault_248.blend
// Provenance: assimp v6.0.5 test/models/BLEND/BlenderDefault_248.blend
// (BSD-3-Clause repo; Blender 2.48 default scene: one cube).
// sha256: d1bb551178b12374e99c9ba196425f942f79b4d4ae8b4c1da1b2fdf0924aa650 (125148 bytes)
static const unsigned char kBlendDefault248[] = {
  0x42, 0x4c, 0x45, 0x4e, 0x44, 0x45, 0x52, 0x5f, 0x76, 0x32, 0x34, 0x38, 0x52, 0x45, 0x4e, 0x44,
  0x20, 0x00, 0x00, 0x00, 0x1c, 0xf5, 0x18, 0x00, 0x00, 0x00, 0x00, 0x00, 0x01, 0x00, 0x00, 0x00,
  0x01, 0x00, 0x00, 0x00, 0xfa, 0x00, 0x00, 0x00, 0x53, 0x63, 0x65, 0x6e, 0x65, 0x00, 0x00, 0x00,
  0x00, 0x00, 0x00, 0x00, 0x00, 0x00, 0x00, 0x00, 0x00, 0x00, 0x00, 0x00, 0x00, 0x00, 0x00, 0x00,
  0x47, 0x4c, 0x4f, 0x42, 0x20, 0x00, 0x00, 0x00, 0x10, 0xf5, 0x18, 0x00, 0xa9, 0x00, 0x00, 0x00,
  0x01, 0x00, 0x00, 0x00, 0x20, 0x20, 0x20, 0x31, 0x01, 0x00, 0x00, 0x00, 0xf5, 0x00, 0x0f, 0x00,
  0x01, 0x00, 0x00, 0x01, 0x28, 0xcf, 0xef, 0x06, 0x38, 0xc2, 0xf0, 0x06, 0x00, 0x10, 0x00, 0x00,
  0x80, 0x20, 0x04, 0x00, 0x53, 0x52, 0x00, 0x00, 0x78, 0x00, 0x00, 0x00, 0x30, 0x97, 0xef, 0x06,
  0xa4, 0x00, 0x00, 0x00, 0x01, 0x00, 0x00, 0x00, 0x28, 0xcf, 0xef, 0x06, 0x00, 0x00, 0x00, 0x00,
  0x00, 0x00, 0x00, 0x00, 0x00, 0x00, 0x00, 0x00, 0x53, 0x52, 0x31, 0x2d, 0x41, 0x6e, 0x69, 0x6d,
  0x61, 0x74, 0x69, 0x6f, 0x6e, 0x00, 0x00, 0x00, 0x00, 0x00, 0x00, 0x00, 0x00, 0x00, 0x00, 0x00,
  0x01, 0x00, 0x00, 0x00, 0x00, 0x00, 0x00, 0x00, 0x00, 0x00, 0x00, 0x00, 0x10, 0xd7, 0xe9, 0x06,
  0xb8, 0xda, 0xe9, 0x06, 0x00, 0xdb, 0xe9, 0x06, 0x70, 0x9c, 0xef, 0x06, 0x40, 0x62, 0xfa, 0x02,
  0x40, 0x67, 0xfa, 0x02, 0x38, 0xc2, 0xf0, 0x06, 0x00, 0x00, 0xe7, 0x03, 0x8f, 0x01, 0xae, 0x04,
  0xe8, 0x03, 0x20, 0x03, 0x01, 0x00, 0x01, 0x00, 0x00, 0x00, 0x00, 0x00, 0x01, 0x00, 0x00, 0x00,
  0x00, 0x00, 0x00, 0x00, 0x00, 0x00, 0x00, 0x00, 0x00, 0x00, 0x00, 0x00, 0x00, 0x00, 0x00, 0x00,
  0x44, 0x41, 0x54, 0x41, 0x14, 0x00, 0x00, 0x00, 0x10, 0xd7, 0xe9, 0x06, 0xa5, 0x00, 0x00, 0x00,
  0x01, 0x00, 0x00, 0x00, 0x58, 0xd7, 0xe9, 0x06, 0x00, 0x00, 0x00, 0x00, 0x00, 0x00, 0x00, 0x00,
  0x00, 0x00, 0x00, 0x00, 0x00, 0x00, 0x00, 0x00, 0x44, 0x41, 0x54, 0x41, 0x14, 0x00, 0x00, 0x00,
  0x58, 0xd7, 0xe9, 0x06, 0xa5, 0x00, 0x00, 0x00, 0x01, 0x00, 0x00, 0x00, 0xa0, 0xd7, 0xe9, 0x06,
  0x10, 0xd7, 0xe9, 0x06, 0x00, 0x00, 0x00, 0x00, 0x00, 0x00, 0x20, 0x03, 0x00, 0x00, 0x00, 0x00,
  0x44, 0x41, 0x54, 0x41, 0x14, 0x00, 0x00, 0x00, 0xa0, 0xd7, 0xe9, 0x06, 0xa5, 0x00, 0x00, 0x00,
  0x01, 0x00, 0x00, 0x00, 0xe8, 0xd7, 0xe9, 0x06, 0x58, 0xd7, 0xe9, 0x06, 0x00, 0x00, 0x00, 0x00,
  0xe8, 0x03, 0x20, 0x03, 0x00, 0x00, 0x00, 0x00, 0x44, 0x41, 0x54, 0x41, 0x14, 0x00, 0x00, 0x00,
  0xe8, 0xd7, 0xe9, 0x06, 0xa5, 0x00, 0x00, 0x00, 0x01, 0x00, 0x00, 0x00, 0x30, 0xd8, 0xe9, 0x06,
  0xa0, 0xd7, 0xe9, 0x06, 0x00, 0x00, 0x00, 0x00, 0xe8, 0x03, 0x00, 0x00, 0x00, 0x00, 0x00, 0x00,
  0x44, 0x41, 0x54, 0x41, 0x14, 0x00, 0x00, 0x00, 0x30, 0xd8, 0xe9, 0x06, 0xa5, 0x00, 0x00, 0x00,
  0x01, 0x00, 0x00, 0x00, 0x78, 0xd8, 0xe9, 0x06, 0xe8, 0xd7, 0xe9, 0x06, 0x00, 0x00, 0x00, 0x00,
  0xe8, 0x03, 0xf8, 0x00, 0x00, 0x00, 0x00, 0x00, 0x44, 0x41, 0x54, 0x41, 0x14, 0x00, 0x00, 0x00,
  0x78, 0xd8, 0xe9, 0x06, 0xa5, 0x00, 0x00, 0x00, 0x01, 0x00, 0x00, 0x00, 0xc0, 0xd8, 0xe9, 0x06,
  0x30, 0xd8, 0xe9, 0x06, 0x00, 0x00, 0x00, 0x00, 0x00, 0x00, 0x06, 0x03, 0x00, 0x00, 0x00, 0x00,
  0x44, 0x41, 0x54, 0x41, 0x14, 0x00, 0x00, 0x00, 0xc0, 0xd8, 0xe9, 0x06, 0xa5, 0x00, 0x00, 0x00,
  0x01, 0x00, 0x00, 0x00, 0x08, 0xd9, 0xe9, 0x06, 0x78, 0xd8, 0xe9, 0x06, 0x00, 0x00, 0x00, 0x00,
  0xe8, 0x03, 0x06, 0x03, 0x00, 0x00, 0x00, 0x00, 0x44, 0x41, 0x54, 0x41, 0x14, 0x00, 0x00, 0x00,
  0x08, 0xd9, 0xe9, 0x06, 0xa5, 0x00, 0x00, 0x00, 0x01, 0x00, 0x00, 0x00, 0x50, 0xd9, 0xe9, 0x06,
  0xc0, 0xd8, 0xe9, 0x06, 0x00, 0x00, 0x00, 0x00, 0xa0, 0x02, 0xf8, 0x00, 0x00, 0x00, 0x00, 0x00,
  0x44, 0x41, 0x54, 0x41, 0x14, 0x00, 0x00, 0x00, 0x50, 0xd9, 0xe9, 0x06, 0xa5, 0x00, 0x00, 0x00,
  0x01, 0x00, 0x00, 0x00, 0x98, 0xd9, 0xe9, 0x06, 0x08, 0xd9, 0xe9, 0x06, 0x00, 0x00, 0x00, 0x00,
  0xa0, 0x02, 0x06, 0x03, 0x00, 0x00, 0x00, 0x00, 0x44, 0x41, 0x54, 0x41, 0x14, 0x00, 0x00, 0x00,
  0x98, 0xd9, 0xe9, 0x06, 0xa5, 0x00, 0x00, 0x00, 0x01, 0x00, 0x00, 0x00, 0xe0, 0xd9, 0xe9, 0x06,
  0x50, 0xd9, 0xe9, 0x06, 0x00, 0x00, 0x00, 0x00, 0x00, 0x00, 0xbc, 0x00, 0x00, 0x00, 0x00, 0x00,
  0x44, 0x41, 0x54, 0x41, 0x14, 0x00, 0x00, 0x00, 0xe0, 0xd9, 0xe9, 0x06, 0xa5, 0x00, 0x00, 0x00,
  0x01, 0x00, 0x00, 0x00, 0x28, 0xda, 0xe9, 0x06, 0x98, 0xd9, 0xe9, 0x06, 0x00, 0x00, 0x00, 0x00,
  0xe8, 0x03, 0xbc, 0x00, 0x00, 0x00, 0x00, 0x00, 0x44, 0x41, 0x54, 0x41, 0x14, 0x00, 0x00, 0x00,
  0x28, 0xda, 0xe9, 0x06, 0xa5, 0x00, 0x00, 0x00, 0x01, 0x00, 0x00, 0x00, 0x70, 0xda, 0xe9, 0x06,
  0xe0, 0xd9, 0xe9, 0x06, 0x00, 0x00, 0x00, 0x00, 0xcc, 0x00, 0xf8, 0x00, 0x00, 0x00, 0x00, 0x00,
  0x44, 0x41, 0x54, 0x41, 0x14, 0x00, 0x00, 0x00, 0x70, 0xda, 0xe9, 0x06, 0xa5, 0x00, 0x00, 0x00,
  0x01, 0x00, 0x00, 0x00, 0xb8, 0xda, 0xe9, 0x06, 0x28, 0xda, 0xe9, 0x06, 0x00, 0x00, 0x00, 0x00,
  0xcc, 0x00, 0x06, 0x03, 0x00, 0x00, 0x00, 0x00, 0x44, 0x41, 0x54, 0x41, 0x14, 0x00, 0x00, 0x00,
  0xb8, 0xda, 0xe9, 0x06, 0xa5, 0x00, 0x00, 0x00, 0x01, 0x00, 0x00, 0x00, 0x00, 0x00, 0x00, 0x00,
  0x70, 0xda, 0xe9, 0x06, 0x00, 0x00, 0x00, 0x00, 0xcc, 0x00, 0xbc, 0x00, 0x00, 0x00, 0x00, 0x00,
  0x44, 0x41, 0x54, 0x41, 0x18, 0x00, 0x00, 0x00, 0x00, 0xdb, 0xe9, 0x06, 0xa6, 0x00, 0x00, 0x00,
  0x01, 0x00, 0x00, 0x00, 0x48, 0xdb, 0xe9, 0x06, 0x00, 0x00, 0x00, 0x00, 0x58, 0xd7, 0xe9, 0x06,
  0xa0, 0xd7, 0xe9, 0x06, 0x01, 0x00, 0x00, 0x00, 0x00, 0x00, 0x00, 0x00, 0x44, 0x41, 0x54, 0x41,
  0x18, 0x00, 0x00, 0x00, 0x48, 0xdb, 0xe9, 0x06, 0xa6, 0x00, 0x00, 0x00, 0x01, 0x00, 0x00, 0x00,
  0x90, 0xdb, 0xe9, 0x06, 0x00, 0xdb, 0xe9, 0x06, 0x10, 0xd7, 0xe9, 0x06, 0xe8, 0xd7, 0xe9, 0x06,
  0x01, 0x00, 0x00, 0x00, 0x00, 0x00, 0x00, 0x00, 0x44, 0x41, 0x54, 0x41, 0x18, 0x00, 0x00, 0x00,
  0x90, 0xdb, 0xe9, 0x06, 0xa6, 0x00, 0x00, 0x00, 0x01, 0x00, 0x00, 0x00, 0xd8, 0xdb, 0xe9, 0x06,
  0x48, 0xdb, 0xe9, 0x06, 0x58, 0xd7, 0xe9, 0x06, 0x78, 0xd8, 0xe9, 0x06, 0x01, 0x00, 0x00, 0x00,
  0x00, 0x00, 0x00, 0x00, 0x44, 0x41, 0x54, 0x41, 0x18, 0x00, 0x00, 0x00, 0xd8, 0xdb, 0xe9, 0x06,
  0xa6, 0x00, 0x00, 0x00, 0x01, 0x00, 0x00, 0x00, 0x20, 0xdc, 0xe9, 0x06, 0x90, 0xdb, 0xe9, 0x06,
  0xa0, 0xd7, 0xe9, 0x06, 0xc0, 0xd8, 0xe9, 0x06, 0x01, 0x00, 0x00, 0x00, 0x00, 0x00, 0x00, 0x00,
  0x44, 0x41, 0x54, 0x41, 0x18, 0x00, 0x00, 0x00, 0x20, 0xdc, 0xe9, 0x06, 0xa6, 0x00, 0x00, 0x00,
  0x01, 0x00, 0x00, 0x00, 0x68, 0xdc, 0xe9, 0x06, 0xd8, 0xdb, 0xe9, 0x06, 0x78, 0xd8, 0xe9, 0x06,
  0xc0, 0xd8, 0xe9, 0x06, 0x00, 0x00, 0x00, 0x00, 0x00, 0x00, 0x00, 0x00, 0x44, 0x41, 0x54, 0x41,
  0x18, 0x00, 0x00, 0x00, 0x68, 0xdc, 0xe9, 0x06, 0xa6, 0x00, 0x00, 0x00, 0x01, 0x00, 0x00, 0x00,
  0xf0, 0x97, 0xef, 0x06, 0x20, 0xdc, 0xe9, 0x06, 0x30, 0xd8, 0xe9, 0x06, 0x08, 0xd9, 0xe9, 0x06,
  0x00, 0x00, 0x00, 0x00, 0x00, 0x00, 0x00, 0x00, 0x44, 0x41, 0x54, 0x41, 0x18, 0x00, 0x00, 0x00,
  0xf0, 0x97, 0xef, 0x06, 0xa6, 0x00, 0x00, 0x00, 0x01, 0x00, 0x00, 0x00, 0x38, 0x98, 0xef, 0x06,
  0x68, 0xdc, 0xe9, 0x06, 0xc0, 0xd8, 0xe9, 0x06, 0x50, 0xd9, 0xe9, 0x06, 0x00, 0x00, 0x00, 0x00,
  0x00, 0x00, 0x00, 0x00, 0x44, 0x41, 0x54, 0x41, 0x18, 0x00, 0x00, 0x00, 0x38, 0x98, 0xef, 0x06,
  0xa6, 0x00, 0x00, 0x00, 0x01, 0x00, 0x00, 0x00, 0x80, 0x98, 0xef, 0x06, 0xf0, 0x97, 0xef, 0x06,
  0x08, 0xd9, 0xe9, 0x06, 0x50, 0xd9, 0xe9, 0x06, 0x00, 0x00, 0x00, 0x00, 0x00, 0x00, 0x00, 0x00,
  0x44, 0x41, 0x54, 0x41, 0x18, 0x00, 0x00, 0x00, 0x80, 0x98, 0xef, 0x06, 0xa6, 0x00, 0x00, 0x00,
  0x01, 0x00, 0x00, 0x00, 0xc8, 0x98, 0xef, 0x06, 0x38, 0x98, 0xef, 0x06, 0x30, 0xd8, 0xe9, 0x06,
  0xc0, 0xd8, 0xe9, 0x06, 0x01, 0x00, 0x00, 0x00, 0x00, 0x00, 0x00, 0x00, 0x44, 0x41, 0x54, 0x41,
  0x18, 0x00, 0x00, 0x00, 0xc8, 0x98, 0xef, 0x06, 0xa6, 0x00, 0x00, 0x00, 0x01, 0x00, 0x00, 0x00,
  0x10, 0x99, 0xef, 0x06, 0x80, 0x98, 0xef, 0x06, 0x10, 0xd7, 0xe9, 0x06, 0x98, 0xd9, 0xe9, 0x06,
  0x00, 0x00, 0x00, 0x00, 0x00, 0x00, 0x00, 0x00, 0x44, 0x41, 0x54, 0x41, 0x18, 0x00, 0x00, 0x00,
  0x10, 0x99, 0xef, 0x06, 0xa6, 0x00, 0x00, 0x00, 0x01, 0x00, 0x00, 0x00, 0x58, 0x99, 0xef, 0x06,
  0xc8, 0x98, 0xef, 0x06, 0x30, 0xd8, 0xe9, 0x06, 0xe0, 0xd9, 0xe9, 0x06, 0x00, 0x00, 0x00, 0x00,
  0x00, 0x00, 0x00, 0x00, 0x44, 0x41, 0x54, 0x41, 0x18, 0x00, 0x00, 0x00, 0x58, 0x99, 0xef, 0x06,
  0xa6, 0x00, 0x00, 0x00, 0x01, 0x00, 0x00, 0x00, 0xa0, 0x99, 0xef, 0x06, 0x10, 0x99, 0xef, 0x06,
  0xe8, 0xd7, 0xe9, 0x06, 0xe0, 0xd9, 0xe9, 0x06, 0x00, 0x00, 0x00, 0x00, 0x00, 0x00, 0x00, 0x00,
  0x44, 0x41, 0x54, 0x41, 0x18, 0x00, 0x00, 0x00, 0xa0, 0x99, 0xef, 0x06, 0xa6, 0x00, 0x00, 0x00,
  0x01, 0x00, 0x00, 0x00, 0xe8, 0x99, 0xef, 0x06, 0x58, 0x99, 0xef, 0x06, 0x98, 0xd9, 0xe9, 0x06,
  0xe0, 0xd9, 0xe9, 0x06, 0x00, 0x00, 0x00, 0x00, 0x00, 0x00, 0x00, 0x00, 0x44, 0x41, 0x54, 0x41,
  0x18, 0x00, 0x00, 0x00, 0xe8, 0x99, 0xef, 0x06, 0xa6, 0x00, 0x00, 0x00, 0x01, 0x00, 0x00, 0x00,
  0x30, 0x9a, 0xef, 0x06, 0xa0, 0x99, 0xef, 0x06, 0x08, 0xd9, 0xe9, 0x06, 0x28, 0xda, 0xe9, 0x06,
  0x00, 0x00, 0x00, 0x00, 0x00, 0x00, 0x00, 0x00, 0x44, 0x41, 0x54, 0x41, 0x18, 0x00, 0x00, 0x00,
  0x30, 0x9a, 0xef, 0x06, 0xa6, 0x00, 0x00, 0x00, 0x01, 0x00, 0x00, 0x00, 0x78, 0x9a, 0xef, 0x06,
  0xe8, 0x99, 0xef, 0x06, 0x78, 0xd8, 0xe9, 0x06, 0x70, 0xda, 0xe9, 0x06, 0x00, 0x00, 0x00, 0x00,
  0x00, 0x00, 0x00, 0x00, 0x44, 0x41, 0x54, 0x41, 0x18, 0x00, 0x00, 0x00, 0x78, 0x9a, 0xef, 0x06,
  0xa6, 0x00, 0x00, 0x00, 0x01, 0x00, 0x00, 0x00, 0xc0, 0x9a, 0xef, 0x06, 0x30, 0x9a, 0xef, 0x06,
  0x50, 0xd9, 0xe9, 0x06, 0x70, 0xda, 0xe9, 0x06, 0x00, 0x00, 0x00, 0x00, 0x00, 0x00, 0x00, 0x00,
  0x44, 0x41, 0x54, 0x41, 0x18, 0x00, 0x00, 0x00, 0xc0, 0x9a, 0xef, 0x06, 0xa6, 0x00, 0x00, 0x00,
  0x01, 0x00, 0x00, 0x00, 0x08, 0x9b, 0xef, 0x06, 0x78, 0x9a, 0xef, 0x06, 0x28, 0xda, 0xe9, 0x06,
  0x70, 0xda, 0xe9, 0x06, 0x00, 0x00, 0x00, 0x00, 0x00, 0x00, 0x00, 0x00, 0x44, 0x41, 0x54, 0x41,
  0x18, 0x00, 0x00, 0x00, 0x08, 0x9b, 0xef, 0x06, 0xa6, 0x00, 0x00, 0x00, 0x01, 0x00, 0x00, 0x00,
  0x50, 0x9b, 0xef, 0x06, 0xc0, 0x9a, 0xef, 0x06, 0x98, 0xd9, 0xe9, 0x06, 0xb8, 0xda, 0xe9, 0x06,
  0x00, 0x00, 0x00, 0x00, 0x00, 0x00, 0x00, 0x00, 0x44, 0x41, 0x54, 0x41, 0x18, 0x00, 0x00, 0x00,
  0x50, 0x9b, 0xef, 0x06, 0xa6, 0x00, 0x00, 0x00, 0x01, 0x00, 0x00, 0x00, 0x98, 0x9b, 0xef, 0x06,
  0x08, 0x9b, 0xef, 0x06, 0xe0, 0xd9, 0xe9, 0x06, 0xb8, 0xda, 0xe9, 0x06, 0x00, 0x00, 0x00, 0x00,
  0x00, 0x00, 0x00, 0x00, 0x44, 0x41, 0x54, 0x41, 0x18, 0x00, 0x00, 0x00, 0x98, 0x9b, 0xef, 0x06,
  0xa6, 0x00, 0x00, 0x00, 0x01, 0x00, 0x00, 0x00, 0xe0, 0x9b, 0xef, 0x06, 0x50, 0x9b, 0xef, 0x06,
  0x30, 0xd8, 0xe9, 0x06, 0x28, 0xda, 0xe9, 0x06, 0x00, 0x00, 0x00, 0x00, 0x00, 0x00, 0x00, 0x00,
  0x44, 0x41, 0x54, 0x41, 0x18, 0x00, 0x00, 0x00, 0xe0, 0x9b, 0xef, 0x06, 0xa6, 0x00, 0x00, 0x00,
  0x01, 0x00, 0x00, 0x00, 0x28, 0x9c, 0xef, 0x06, 0x98, 0x9b, 0xef, 0x06, 0x28, 0xda, 0xe9, 0x06,
  0xb8, 0xda, 0xe9, 0x06, 0x00, 0x00, 0x00, 0x00, 0x00, 0x00, 0x00, 0x00, 0x44, 0x41, 0x54, 0x41,
  0x18, 0x00, 0x00, 0x00, 0x28, 0x9c, 0xef, 0x06, 0xa6, 0x00, 0x00, 0x00, 0x01, 0x00, 0x00, 0x00,
  0x70, 0x9c, 0xef, 0x06, 0xe0, 0x9b, 0xef, 0x06, 0x78, 0xd8, 0xe9, 0x06, 0x98, 0xd9, 0xe9, 0x06,
  0x00, 0x00, 0x00, 0x00, 0x00, 0x00, 0x00, 0x00, 0x44, 0x41, 0x54, 0x41, 0x18, 0x00, 0x00, 0x00,
  0x70, 0x9c, 0xef, 0x06, 0xa6, 0x00, 0x00, 0x00, 0x01, 0x00, 0x00, 0x00, 0x00, 0x00, 0x00, 0x00,
  0x28, 0x9c, 0xef, 0x06, 0x70, 0xda, 0xe9, 0x06, 0xb8, 0xda, 0xe9, 0x06, 0x00, 0x00, 0x00, 0x00,
  0x00, 0x00, 0x00, 0x00, 0x44, 0x41, 0x54, 0x41, 0xcc, 0x00, 0x00, 0x00, 0x40, 0x62, 0xfa, 0x02,
  0xa8, 0x00, 0x00, 0x00, 0x01, 0x00, 0x00, 0x00, 0x40, 0x63, 0xfa, 0x02, 0x00, 0x00, 0x00, 0x00,
  0x10, 0xd7, 0xe9, 0x06, 0x98, 0xd9, 0xe9, 0x06, 0xe0, 0xd9, 0xe9, 0x06, 0xe8, 0xd7, 0xe9, 0x06,
  0x00, 0x00, 0x00, 0x00, 0x00, 0x00, 0x00, 0x00, 0x00, 0x00, 0x00, 0x00, 0x00, 0x00, 0x00, 0x00,
  0x00, 0x00, 0x00, 0x00, 0x00, 0x00, 0x00, 0x00, 0x00, 0x00, 0x00, 0x00, 0x00, 0x00, 0x00, 0x00,
  0x00, 0x00, 0x00, 0x00, 0x00, 0x00, 0x00, 0x00, 0x00, 0x00, 0x00, 0x00, 0x00, 0x00, 0x00, 0x00,
  0x00, 0x00, 0x00, 0x00, 0x00, 0x00, 0x00, 0x00, 0x00, 0x00, 0x00, 0x00, 0x00, 0x00, 0x00, 0x00,
  0x00, 0x00, 0x00, 0x00, 0x00, 0x00, 0x00, 0x00, 0xe8, 0x03, 0x00, 0x00, 0x00, 0x00, 0x00, 0x00,
  0xbb, 0x00, 0x00, 0x00, 0x00, 0x00, 0x00, 0x00, 0xe8, 0x03, 0x00, 0x00, 0xa1, 0x00, 0x00, 0x00,
  0xbb, 0x00, 0x00, 0x00, 0x00, 0x00, 0x00, 0x00, 0xe8, 0x03, 0x00, 0x00, 0x00, 0x00, 0x00, 0x00,
  0xa0, 0x00, 0x00, 0x00, 0x00, 0x00, 0x00, 0x00, 0x02, 0x00, 0x04, 0x04, 0xe9, 0x03, 0xa1, 0x00,
  0x03, 0x00, 0x03, 0x00, 0x4f, 0x01, 0x00, 0x00, 0x07, 0x00, 0x00, 0x00, 0x00, 0x00, 0x00, 0x00,
  0x00, 0x00, 0x00, 0x00, 0x00, 0x00, 0x00, 0x00, 0x00, 0x00, 0x00, 0x00, 0xb0, 0xb0, 0xef, 0x06,
  0x40, 0xe5, 0xfa, 0x02, 0x00, 0x00, 0x00, 0x00, 0x00, 0x00, 0x00, 0x00, 0x28, 0x5a, 0xfb, 0x02,
  0x98, 0xaf, 0xef, 0x06, 0x44, 0x41, 0x54, 0x41, 0xe4, 0x00, 0x00, 0x00, 0x28, 0x5a, 0xfb, 0x02,
  0xa7, 0x00, 0x00, 0x00, 0x01, 0x00, 0x00, 0x00, 0x40, 0x5b, 0xfb, 0x02, 0x00, 0x00, 0x00, 0x00,
  0x4c, 0x69, 0x6e, 0x6b, 0x20, 0x61, 0x6e, 0x64, 0x20, 0x4d, 0x61, 0x74, 0x65, 0x72, 0x69, 0x61,
  0x6c, 0x73, 0x00, 0x00, 0x00, 0x00, 0x00, 0x00, 0x00, 0x00, 0x00, 0x00, 0x00, 0x00, 0x00, 0x00,
  0x00, 0x00, 0x00, 0x00, 0x00, 0x00, 0x00, 0x00, 0x00, 0x00, 0x00, 0x00, 0x00, 0x00, 0x00, 0x00,
  0x00, 0x00, 0x00, 0x00, 0x00, 0x00, 0x00, 0x00, 0x00, 0x00, 0x00, 0x00, 0x00, 0x00, 0x00, 0x00,
  0x45, 0x64, 0x69, 0x74, 0x69, 0x6e, 0x67, 0x00, 0x00, 0x00, 0x00, 0x00, 0x00, 0x00, 0x00, 0x00,
  0x00, 0x00, 0x00, 0x00, 0x00, 0x00, 0x00, 0x00, 0x00, 0x00, 0x00, 0x00, 0x00, 0x00, 0x00, 0x00,
  0x00, 0x00, 0x00, 0x00, 0x00, 0x00, 0x00, 0x00, 0x00, 0x00, 0x00, 0x00, 0x00, 0x00, 0x00, 0x00,
  0x00, 0x00, 0x00, 0x00, 0x00, 0x00, 0x00, 0x00, 0x00, 0x00, 0x00, 0x00, 0x00, 0x00, 0x00, 0x00,
  0x00, 0x00, 0x00, 0x00, 0x00, 0x00, 0x00, 0x00, 0x00, 0x00, 0x00, 0x00, 0x00, 0x00, 0x00, 0x00,
  0x00, 0x00, 0x00, 0x00, 0x00, 0x00, 0x00, 0x00, 0x00, 0x00, 0x00, 0x00, 0x00, 0x00, 0x00, 0x00,
  0x00, 0x00, 0x00, 0x00, 0x00, 0x00, 0x00, 0x00, 0x00, 0x00, 0x00, 0x00, 0x00, 0x00, 0x00, 0x00,
  0x00, 0x00, 0x00, 0x00, 0x00, 0x00, 0x00, 0x00, 0x00, 0x00, 0x00, 0x00, 0x00, 0x00, 0x00, 0x00,
  0x00, 0x00, 0x00, 0x00, 0x3e, 0x01, 0xcc, 0x00, 0x00, 0x00, 0x00, 0x00, 0x01, 0x00, 0x00, 0x00,
  0x00, 0x00, 0x00, 0x00, 0x00, 0x00, 0x00, 0x00, 0x00, 0x00, 0x00, 0x00, 0x44, 0x41, 0x54, 0x41,
  0xe4, 0x00, 0x00, 0x00, 0x40, 0x5b, 0xfb, 0x02, 0xa7, 0x00, 0x00, 0x00, 0x01, 0x00, 0x00, 0x00,
  0x58, 0x5c, 0xfb, 0x02, 0x28, 0x5a, 0xfb, 0x02, 0x4d, 0x65, 0x73, 0x68, 0x00, 0x00, 0x00, 0x00,
  0x00, 0x00, 0x00, 0x00, 0x00, 0x00, 0x00, 0x00, 0x00, 0x00, 0x00, 0x00, 0x00, 0x00, 0x00, 0x00,
  0x00, 0x00, 0x00, 0x00, 0x00, 0x00, 0x00, 0x00, 0x00, 0x00, 0x00, 0x00, 0x00, 0x00, 0x00, 0x00,
  0x00, 0x00, 0x00, 0x00, 0x00, 0x00, 0x00, 0x00, 0x00, 0x00, 0x00, 0x00, 0x00, 0x00, 0x00, 0x00,
  0x00, 0x00, 0x00, 0x00, 0x00, 0x00, 0x00, 0x00, 0x45, 0x64, 0x69, 0x74, 0x69, 0x6e, 0x67, 0x00,
  0x00, 0x00, 0x00, 0x00, 0x00, 0x00, 0x00, 0x00, 0x00, 0x00, 0x00, 0x00, 0x00, 0x00, 0x00, 0x00,
  0x00, 0x00, 0x00, 0x00, 0x00, 0x00, 0x00, 0x00, 0x00, 0x00, 0x00, 0x00, 0x00, 0x00, 0x00, 0x00,
  0x00, 0x00, 0x00, 0x00, 0x00, 0x00, 0x00, 0x00, 0x00, 0x00, 0x00, 0x00, 0x00, 0x00, 0x00, 0x00,
  0x00, 0x00, 0x00, 0x00, 0x00, 0x00, 0x00, 0x00, 0x00, 0x00, 0x00, 0x00, 0x00, 0x00, 0x00, 0x00,
  0x00, 0x00, 0x00, 0x00, 0x00, 0x00, 0x00, 0x00, 0x00, 0x00, 0x00, 0x00, 0x00, 0x00, 0x00, 0x00,
  0x00, 0x00, 0x00, 0x00, 0x00, 0x00, 0x00, 0x00, 0x00, 0x00, 0x00, 0x00, 0x00, 0x00, 0x00, 0x00,
  0x00, 0x00, 0x00, 0x00, 0x00, 0x00, 0x00, 0x00, 0x00, 0x00, 0x00, 0x00, 0x00, 0x00, 0x00, 0x00,
  0x00, 0x00, 0x00, 0x00, 0x00, 0x00, 0x00, 0x00, 0x46, 0x01, 0x00, 0x00, 0x3e, 0x01, 0xcc, 0x00,
  0x00, 0x00, 0x00, 0x00, 0x01, 0x00, 0x00, 0x00, 0x00, 0x00, 0x00, 0x00, 0x00, 0x00, 0x00, 0x00,
  0x00, 0x00, 0x00, 0x00, 0x44, 0x41, 0x54, 0x41, 0xe4, 0x00, 0x00, 0x00, 0x58, 0x5c, 0xfb, 0x02,
  0xa7, 0x00, 0x00, 0x00, 0x01, 0x00, 0x00, 0x00, 0x70, 0x5d, 0xfb, 0x02, 0x40, 0x5b, 0xfb, 0x02,
  0x41, 0x6e, 0x69, 0x6d, 0x20, 0x73, 0x65, 0x74, 0x74, 0x69, 0x6e, 0x67, 0x73, 0x00, 0x00, 0x00,
  0x00, 0x00, 0x00, 0x00, 0x00, 0x00, 0x00, 0x00, 0x00, 0x00, 0x00, 0x00, 0x00, 0x00, 0x00, 0x00,
  0x00, 0x00, 0x00, 0x00, 0x00, 0x00, 0x00, 0x00, 0x00, 0x00, 0x00, 0x00, 0x00, 0x00, 0x00, 0x00,
  0x00, 0x00, 0x00, 0x00, 0x00, 0x00, 0x00, 0x00, 0x00, 0x00, 0x00, 0x00, 0x00, 0x00, 0x00, 0x00,
  0x4f, 0x62, 0x6a, 0x65, 0x63, 0x74, 0x00, 0x00, 0x00, 0x00, 0x00, 0x00, 0x00, 0x00, 0x00, 0x00,
  0x00, 0x00, 0x00, 0x00, 0x00, 0x00, 0x00, 0x00, 0x00, 0x00, 0x00, 0x00, 0x00, 0x00, 0x00, 0x00,
  0x00, 0x00, 0x00, 0x00, 0x00, 0x00, 0x00, 0x00, 0x00, 0x00, 0x00, 0x00, 0x00, 0x00, 0x00, 0x00,
  0x00, 0x00, 0x00, 0x00, 0x00, 0x00, 0x00, 0x00, 0x00, 0x00, 0x00, 0x00, 0x00, 0x00, 0x00, 0x00,
  0x00, 0x00, 0x00, 0x00, 0x00, 0x00, 0x00, 0x00, 0x00, 0x00, 0x00, 0x00, 0x00, 0x00, 0x00, 0x00,
  0x00, 0x00, 0x00, 0x00, 0x00, 0x00, 0x00, 0x00, 0x00, 0x00, 0x00, 0x00, 0x00, 0x00, 0x00, 0x00,
  0x00, 0x00, 0x00, 0x00, 0x00, 0x00, 0x00, 0x00, 0x00, 0x00, 0x00, 0x00, 0x00, 0x00, 0x00, 0x00,
  0x00, 0x00, 0x00, 0x00, 0x00, 0x00, 0x00, 0x00, 0x00, 0x00, 0x00, 0x00, 0x00, 0x00, 0x00, 0x00,
  0x00, 0x00, 0x00, 0x00, 0x3e, 0x01, 0xcc, 0x00, 0x00, 0x00, 0x00, 0x00, 0x01, 0x00, 0x00, 0x00,
  0x00, 0x00, 0x00, 0x00, 0x00, 0x00, 0x00, 0x00, 0x00, 0x00, 0x00, 0x00, 0x44, 0x41, 0x54, 0x41,
  0xe4, 0x00, 0x00, 0x00, 0x70, 0x5d, 0xfb, 0x02, 0xa7, 0x00, 0x00, 0x00, 0x01, 0x00, 0x00, 0x00,
  0x88, 0x5e, 0xfb, 0x02, 0x58, 0x5c, 0xfb, 0x02, 0x44, 0x72, 0x61, 0x77, 0x00, 0x00, 0x00, 0x00,
  0x00, 0x00, 0x00, 0x00, 0x00, 0x00, 0x00, 0x00, 0x00, 0x00, 0x00, 0x00, 0x00, 0x00, 0x00, 0x00,
  0x00, 0x00, 0x00, 0x00, 0x00, 0x00, 0x00, 0x00, 0x00, 0x00, 0x00, 0x00, 0x00, 0x00, 0x00, 0x00,
  0x00, 0x00, 0x00, 0x00, 0x00, 0x00, 0x00, 0x00, 0x00, 0x00, 0x00, 0x00, 0x00, 0x00, 0x00, 0x00,
  0x00, 0x00, 0x00, 0x00, 0x00, 0x00, 0x00, 0x00, 0x4f, 0x62, 0x6a, 0x65, 0x63, 0x74, 0x00, 0x00,
  0x00, 0x00, 0x00, 0x00, 0x00, 0x00, 0x00, 0x00, 0x00, 0x00, 0x00, 0x00, 0x00, 0x00, 0x00, 0x00,
  0x00, 0x00, 0x00, 0x00, 0x00, 0x00, 0x00, 0x00, 0x00, 0x00, 0x00, 0x00, 0x00, 0x00, 0x00, 0x00,
  0x00, 0x00, 0x00, 0x00, 0x00, 0x00, 0x00, 0x00, 0x00, 0x00, 0x00, 0x00, 0x00, 0x00, 0x00, 0x00,
  0x00, 0x00, 0x00, 0x00, 0x00, 0x00, 0x00, 0x00, 0x00, 0x00, 0x00, 0x00, 0x00, 0x00, 0x00, 0x00,
  0x00, 0x00, 0x00, 0x00, 0x00, 0x00, 0x00, 0x00, 0x00, 0x00, 0x00, 0x00, 0x00, 0x00, 0x00, 0x00,
  0x00, 0x00, 0x00, 0x00, 0x00, 0x00, 0x00, 0x00, 0x00, 0x00, 0x00, 0x00, 0x00, 0x00, 0x00, 0x00,
  0x00, 0x00, 0x00, 0x00, 0x00, 0x00, 0x00, 0x00, 0x00, 0x00, 0x00, 0x00, 0x00, 0x00, 0x00, 0x00,
  0x00, 0x00, 0x00, 0x00, 0x00, 0x00, 0x00, 0x00, 0x46, 0x01, 0x00, 0x00, 0x3e, 0x01, 0xcc, 0x00,
  0x00, 0x00, 0x00, 0x00, 0x01, 0x00, 0x00, 0x00, 0x00, 0x00, 0x00, 0x00, 0x00, 0x00, 0x00, 0x00,
  0x00, 0x00, 0x00, 0x00, 0x44, 0x41, 0x54, 0x41, 0xe4, 0x00, 0x00, 0x00, 0x88, 0x5e, 0xfb, 0x02,
  0xa7, 0x00, 0x00, 0x00, 0x01, 0x00, 0x00, 0x00, 0xf0, 0xa7, 0xef, 0x06, 0x70, 0x5d, 0xfb, 0x02,
  0x43, 0x6f, 0x6e, 0x73, 0x74, 0x72, 0x61, 0x69, 0x6e, 0x74, 0x73, 0x00, 0x00, 0x00, 0x00, 0x00,
  0x00, 0x00, 0x00, 0x00, 0x00, 0x00, 0x00, 0x00, 0x00, 0x00, 0x00, 0x00, 0x00, 0x00, 0x00, 0x00,
  0x00, 0x00, 0x00, 0x00, 0x00, 0x00, 0x00, 0x00, 0x00, 0x00, 0x00, 0x00, 0x00, 0x00, 0x00, 0x00,
  0x00, 0x00, 0x00, 0x00, 0x00, 0x00, 0x00, 0x00, 0x00, 0x00, 0x00, 0x00, 0x00, 0x00, 0x00, 0x00,
  0x4f, 0x62, 0x6a, 0x65, 0x63, 0x74, 0x00, 0x00, 0x00, 0x00, 0x00, 0x00, 0x00, 0x00, 0x00, 0x00,
  0x00, 0x00, 0x00, 0x00, 0x00, 0x00, 0x00, 0x00, 0x00, 0x00, 0x00, 0x00, 0x00, 0x00, 0x00, 0x00,
  0x00, 0x00, 0x00, 0x00, 0x00, 0x00, 0x00, 0x00, 0x00, 0x00, 0x00, 0x00, 0x00, 0x00, 0x00, 0x00,
  0x00, 0x00, 0x00, 0x00, 0x00, 0x00, 0x00, 0x00, 0x00, 0x00, 0x00, 0x00, 0x00, 0x00, 0x00, 0x00,
  0x00, 0x00, 0x00, 0x00, 0x00, 0x00, 0x00, 0x00, 0x00, 0x00, 0x00, 0x00, 0x00, 0x00, 0x00, 0x00,
  0x00, 0x00, 0x00, 0x00, 0x00, 0x00, 0x00, 0x00, 0x00, 0x00, 0x00, 0x00, 0x00, 0x00, 0x00, 0x00,
  0x00, 0x00, 0x00, 0x00, 0x00, 0x00, 0x00, 0x00, 0x00, 0x00, 0x00, 0x00, 0x00, 0x00, 0x00, 0x00,
  0x00, 0x00, 0x00, 0x00, 0x00, 0x00, 0x00, 0x00, 0x00, 0x00, 0x00, 0x00, 0x00, 0x00, 0x00, 0x00,
  0x8c, 0x02, 0x00, 0x00, 0x3e, 0x01, 0xcc, 0x00, 0x00, 0x00, 0x00, 0x00, 0x01, 0x00, 0x00, 0x00,
  0x00, 0x00, 0x00, 0x00, 0x00, 0x00, 0x00, 0x00, 0x00, 0x00, 0x00, 0x00, 0x44, 0x41, 0x54, 0x41,
  0xe4, 0x00, 0x00, 0x00, 0xf0, 0xa7, 0xef, 0x06, 0xa7, 0x00, 0x00, 0x00, 0x01, 0x00, 0x00, 0x00,
  0x08, 0xa9, 0xef, 0x06, 0x88, 0x5e, 0xfb, 0x02, 0x45, 0x66, 0x66, 0x65, 0x63, 0x74, 0x73, 0x00,
  0x00, 0x00, 0x00, 0x00, 0x00, 0x00, 0x00, 0x00, 0x00, 0x00, 0x00, 0x00, 0x00, 0x00, 0x00, 0x00,
  0x00, 0x00, 0x00, 0x00, 0x00, 0x00, 0x00, 0x00, 0x00, 0x00, 0x00, 0x00, 0x00, 0x00, 0x00, 0x00,
  0x00, 0x00, 0x00, 0x00, 0x00, 0x00, 0x00, 0x00, 0x00, 0x00, 0x00, 0x00, 0x00, 0x00, 0x00, 0x00,
  0x00, 0x00, 0x00, 0x00, 0x00, 0x00, 0x00, 0x00, 0x4f, 0x62, 0x6a, 0x65, 0x63, 0x74, 0x00, 0x00,
  0x00, 0x00, 0x00, 0x00, 0x00, 0x00, 0x00, 0x00, 0x00, 0x00, 0x00, 0x00, 0x00, 0x00, 0x00, 0x00,
  0x00, 0x00, 0x00, 0x00, 0x00, 0x00, 0x00, 0x00, 0x00, 0x00, 0x00, 0x00, 0x00, 0x00, 0x00, 0x00,
  0x00, 0x00, 0x00, 0x00, 0x00, 0x00, 0x00, 0x00, 0x00, 0x00, 0x00, 0x00, 0x00, 0x00, 0x00, 0x00,
  0x00, 0x00, 0x00, 0x00, 0x00, 0x00, 0x00, 0x00, 0x00, 0x00, 0x00, 0x00, 0x00, 0x00, 0x00, 0x00,
  0x00, 0x00, 0x00, 0x00, 0x00, 0x00, 0x00, 0x00, 0x00, 0x00, 0x00, 0x00, 0x00, 0x00, 0x00, 0x00,
  0x00, 0x00, 0x00, 0x00, 0x00, 0x00, 0x00, 0x00, 0x00, 0x00, 0x00, 0x00, 0x00, 0x00, 0x00, 0x00,
  0x00, 0x00, 0x00, 0x00, 0x00, 0x00, 0x00, 0x00, 0x00, 0x00, 0x00, 0x00, 0x00, 0x00, 0x00, 0x00,
  0x00, 0x00, 0x00, 0x00, 0x00, 0x00, 0x00, 0x00, 0xd2, 0x03, 0x00, 0x00, 0xa2, 0x01, 0xcc, 0x00,
  0x00, 0x00, 0x00, 0x00, 0x01, 0x00, 0x00, 0x00, 0x00, 0x00, 0x00, 0x00, 0x00, 0x00, 0x00, 0x00,
  0x00, 0x00, 0x00, 0x00, 0x44, 0x41, 0x54, 0x41, 0xe4, 0x00, 0x00, 0x00, 0x08, 0xa9, 0xef, 0x06,
  0xa7, 0x00, 0x00, 0x00, 0x01, 0x00, 0x00, 0x00, 0x20, 0xaa, 0xef, 0x06, 0xf0, 0xa7, 0xef, 0x06,
  0x48, 0x6f, 0x6f, 0x6b, 0x73, 0x00, 0x00, 0x00, 0x00, 0x00, 0x00, 0x00, 0x00, 0x00, 0x00, 0x00,
  0x00, 0x00, 0x00, 0x00, 0x00, 0x00, 0x00, 0x00, 0x00, 0x00, 0x00, 0x00, 0x00, 0x00, 0x00, 0x00,
  0x00, 0x00, 0x00, 0x00, 0x00, 0x00, 0x00, 0x00, 0x00, 0x00, 0x00, 0x00, 0x00, 0x00, 0x00, 0x00,
  0x00, 0x00, 0x00, 0x00, 0x00, 0x00, 0x00, 0x00, 0x00, 0x00, 0x00, 0x00, 0x00, 0x00, 0x00, 0x00,
  0x4f, 0x62, 0x6a, 0x65, 0x63, 0x74, 0x00, 0x00, 0x00, 0x00, 0x00, 0x00, 0x00, 0x00, 0x00, 0x00,
  0x00, 0x00, 0x00, 0x00, 0x00, 0x00, 0x00, 0x00, 0x00, 0x00, 0x00, 0x00, 0x00, 0x00, 0x00, 0x00,
  0x00, 0x00, 0x00, 0x00, 0x00, 0x00, 0x00, 0x00, 0x00, 0x00, 0x00, 0x00, 0x00, 0x00, 0x00, 0x00,
  0x00, 0x00, 0x00, 0x00, 0x00, 0x00, 0x00, 0x00, 0x00, 0x00, 0x00, 0x00, 0x00, 0x00, 0x00, 0x00,
  0x00, 0x00, 0x00, 0x00, 0x00, 0x00, 0x00, 0x00, 0x00, 0x00, 0x00, 0x00, 0x00, 0x00, 0x00, 0x00,
  0x00, 0x00, 0x00, 0x00, 0x00, 0x00, 0x00, 0x00, 0x00, 0x00, 0x00, 0x00, 0x00, 0x00, 0x00, 0x00,
  0x00, 0x00, 0x00, 0x00, 0x00, 0x00, 0x00, 0x00, 0x00, 0x00, 0x00, 0x00, 0x00, 0x00, 0x00, 0x00,
  0x00, 0x00, 0x00, 0x00, 0x00, 0x00, 0x00, 0x00, 0x00, 0x00, 0x00, 0x00, 0x00, 0x00, 0x00, 0x00,
  0x46, 0x01, 0x00, 0x00, 0x3e, 0x01, 0xcc, 0x00, 0x00, 0x00, 0x00, 0x00, 0x01, 0x00, 0x00, 0x00,
  0x00, 0x00, 0x00, 0x00, 0x00, 0x00, 0x00, 0x00, 0x70, 0x5d, 0xfb, 0x02, 0x44, 0x41, 0x54, 0x41,
  0xe4, 0x00, 0x00, 0x00, 0x20, 0xaa, 0xef, 0x06, 0xa7, 0x00, 0x00, 0x00, 0x01, 0x00, 0x00, 0x00,
  0x38, 0xab, 0xef, 0x06, 0x08, 0xa9, 0xef, 0x06, 0x50, 0x61, 0x72, 0x74, 0x69, 0x63, 0x6c, 0x65,
  0x20, 0x49, 0x6e, 0x74, 0x65, 0x72, 0x61, 0x63, 0x74, 0x69, 0x6f, 0x6e, 0x00, 0x00, 0x00, 0x00,
  0x00, 0x00, 0x00, 0x00, 0x00, 0x00, 0x00, 0x00, 0x00, 0x00, 0x00, 0x00, 0x00, 0x00, 0x00, 0x00,
  0x00, 0x00, 0x00, 0x00, 0x00, 0x00, 0x00, 0x00, 0x00, 0x00, 0x00, 0x00, 0x00, 0x00, 0x00, 0x00,
  0x00, 0x00, 0x00, 0x00, 0x00, 0x00, 0x00, 0x00, 0x4f, 0x62, 0x6a, 0x65, 0x63, 0x74, 0x00, 0x00,
  0x00, 0x00, 0x00, 0x00, 0x00, 0x00, 0x00, 0x00, 0x00, 0x00, 0x00, 0x00, 0x00, 0x00, 0x00, 0x00,
  0x00, 0x00, 0x00, 0x00, 0x00, 0x00, 0x00, 0x00, 0x00, 0x00, 0x00, 0x00, 0x00, 0x00, 0x00, 0x00,
  0x00, 0x00, 0x00, 0x00, 0x00, 0x00, 0x00, 0x00, 0x00, 0x00, 0x00, 0x00, 0x00, 0x00, 0x00, 0x00,
  0x00, 0x00, 0x00, 0x00, 0x00, 0x00, 0x00, 0x00, 0x00, 0x00, 0x00, 0x00, 0x00, 0x00, 0x00, 0x00,
  0x00, 0x00, 0x00, 0x00, 0x00, 0x00, 0x00, 0x00, 0x00, 0x00, 0x00, 0x00, 0x00, 0x00, 0x00, 0x00,
  0x00, 0x00, 0x00, 0x00, 0x00, 0x00, 0x00, 0x00, 0x00, 0x00, 0x00, 0x00, 0x00, 0x00, 0x00, 0x00,
  0x00, 0x00, 0x00, 0x00, 0x00, 0x00, 0x00, 0x00, 0x00, 0x00, 0x00, 0x00, 0x00, 0x00, 0x00, 0x00,
  0x00, 0x00, 0x00, 0x00, 0x00, 0x00, 0x00, 0x00, 0x8c, 0x02, 0x00, 0x00, 0x3e, 0x01, 0xcc, 0x00,
  0x00, 0x00, 0x00, 0x00, 0x01, 0x00, 0x00, 0x00, 0x00, 0x00, 0x00, 0x00, 0x00, 0x00, 0x00, 0x00,
  0x88, 0x5e, 0xfb, 0x02, 0x44, 0x41, 0x54, 0x41, 0xe4, 0x00, 0x00, 0x00, 0x38, 0xab, 0xef, 0x06,
  0xa7, 0x00, 0x00, 0x00, 0x01, 0x00, 0x00, 0x00, 0x50, 0xac, 0xef, 0x06, 0x20, 0xaa, 0xef, 0x06,
  0x53, 0x6f, 0x66, 0x74, 0x62, 0x6f, 0x64, 0x79, 0x00, 0x00, 0x00, 0x00, 0x00, 0x00, 0x00, 0x00,
  0x00, 0x00, 0x00, 0x00, 0x00, 0x00, 0x00, 0x00, 0x00, 0x00, 0x00, 0x00, 0x00, 0x00, 0x00, 0x00,
  0x00, 0x00, 0x00, 0x00, 0x00, 0x00, 0x00, 0x00, 0x00, 0x00, 0x00, 0x00, 0x00, 0x00, 0x00, 0x00,
  0x00, 0x00, 0x00, 0x00, 0x00, 0x00, 0x00, 0x00, 0x00, 0x00, 0x00, 0x00, 0x00, 0x00, 0x00, 0x00,
  0x4f, 0x62, 0x6a, 0x65, 0x63, 0x74, 0x00, 0x00, 0x00, 0x00, 0x00, 0x00, 0x00, 0x00, 0x00, 0x00,
  0x00, 0x00, 0x00, 0x00, 0x00, 0x00, 0x00, 0x00, 0x00, 0x00, 0x00, 0x00, 0x00, 0x00, 0x00, 0x00,
  0x00, 0x00, 0x00, 0x00, 0x00, 0x00, 0x00, 0x00, 0x00, 0x00, 0x00, 0x00, 0x00, 0x00, 0x00, 0x00,
  0x00, 0x00, 0x00, 0x00, 0x00, 0x00, 0x00, 0x00, 0x00, 0x00, 0x00, 0x00, 0x00, 0x00, 0x00, 0x00,
  0x00, 0x00, 0x00, 0x00, 0x00, 0x00, 0x00, 0x00, 0x00, 0x00, 0x00, 0x00, 0x00, 0x00, 0x00, 0x00,
  0x00, 0x00, 0x00, 0x00, 0x00, 0x00, 0x00, 0x00, 0x00, 0x00, 0x00, 0x00, 0x00, 0x00, 0x00, 0x00,
  0x00, 0x00, 0x00, 0x00, 0x00, 0x00, 0x00, 0x00, 0x00, 0x00, 0x00, 0x00, 0x00, 0x00, 0x00, 0x00,
  0x00, 0x00, 0x00, 0x00, 0x00, 0x00, 0x00, 0x00, 0x00, 0x00, 0x00, 0x00, 0x00, 0x00, 0x00, 0x00,
  0x8c, 0x02, 0x00, 0x00, 0x3e, 0x01, 0xcc, 0x00, 0x00, 0x00, 0x00, 0x00, 0x01, 0x00, 0x00, 0x00,
  0x00, 0x00, 0x00, 0x00, 0x00, 0x00, 0x00, 0x00, 0x88, 0x5e, 0xfb, 0x02, 0x44, 0x41, 0x54, 0x41,
  0xe4, 0x00, 0x00, 0x00, 0x50, 0xac, 0xef, 0x06, 0xa7, 0x00, 0x00, 0x00, 0x01, 0x00, 0x00, 0x00,
  0x68, 0xad, 0xef, 0x06, 0x38, 0xab, 0xef, 0x06, 0x4f, 0x75, 0x74, 0x70, 0x75, 0x74, 0x00, 0x00,
  0x00, 0x00, 0x00, 0x00, 0x00, 0x00, 0x00, 0x00, 0x00, 0x00, 0x00, 0x00, 0x00, 0x00, 0x00, 0x00,
  0x00, 0x00, 0x00, 0x00, 0x00, 0x00, 0x00, 0x00, 0x00, 0x00, 0x00, 0x00, 0x00, 0x00, 0x00, 0x00,
  0x00, 0x00, 0x00, 0x00, 0x00, 0x00, 0x00, 0x00, 0x00, 0x00, 0x00, 0x00, 0x00, 0x00, 0x00, 0x00,
  0x00, 0x00, 0x00, 0x00, 0x00, 0x00, 0x00, 0x00, 0x52, 0x65, 0x6e, 0x64, 0x65, 0x72, 0x00, 0x00,
  0x00, 0x00, 0x00, 0x00, 0x00, 0x00, 0x00, 0x00, 0x00, 0x00, 0x00, 0x00, 0x00, 0x00, 0x00, 0x00,
  0x00, 0x00, 0x00, 0x00, 0x00, 0x00, 0x00, 0x00, 0x00, 0x00, 0x00, 0x00, 0x00, 0x00, 0x00, 0x00,
  0x00, 0x00, 0x00, 0x00, 0x00, 0x00, 0x00, 0x00, 0x00, 0x00, 0x00, 0x00, 0x00, 0x00, 0x00, 0x00,
  0x00, 0x00, 0x00, 0x00, 0x00, 0x00, 0x00, 0x00, 0x00, 0x00, 0x00, 0x00, 0x00, 0x00, 0x00, 0x00,
  0x00, 0x00, 0x00, 0x00, 0x00, 0x00, 0x00, 0x00, 0x00, 0x00, 0x00, 0x00, 0x00, 0x00, 0x00, 0x00,
  0x00, 0x00, 0x00, 0x00, 0x00, 0x00, 0x00, 0x00, 0x00, 0x00, 0x00, 0x00, 0x00, 0x00, 0x00, 0x00,
  0x00, 0x00, 0x00, 0x00, 0x00, 0x00, 0x00, 0x00, 0x00, 0x00, 0x00, 0x00, 0x00, 0x00, 0x00, 0x00,
  0x00, 0x00, 0x00, 0x00, 0x00, 0x00, 0x00, 0x00, 0x00, 0x00, 0x00, 0x00, 0x3e, 0x01, 0xcc, 0x00,
  0x00, 0x00, 0x00, 0x00, 0x01, 0x00, 0x00, 0x00, 0x00, 0x00, 0x00, 0x00, 0x00, 0x00, 0x00, 0x00,
  0x00, 0x00, 0x00, 0x00, 0x44, 0x41, 0x54, 0x41, 0xe4, 0x00, 0x00, 0x00, 0x68, 0xad, 0xef, 0x06,
  0xa7, 0x00, 0x00, 0x00, 0x01, 0x00, 0x00, 0x00, 0x80, 0xae, 0xef, 0x06, 0x50, 0xac, 0xef, 0x06,
  0x52, 0x65, 0x6e, 0x64, 0x65, 0x72, 0x00, 0x00, 0x00, 0x00, 0x00, 0x00, 0x00, 0x00, 0x00, 0x00,
  0x00, 0x00, 0x00, 0x00, 0x00, 0x00, 0x00, 0x00, 0x00, 0x00, 0x00, 0x00, 0x00, 0x00, 0x00, 0x00,
  0x00, 0x00, 0x00, 0x00, 0x00, 0x00, 0x00, 0x00, 0x00, 0x00, 0x00, 0x00, 0x00, 0x00, 0x00, 0x00,
  0x00, 0x00, 0x00, 0x00, 0x00, 0x00, 0x00, 0x00, 0x00, 0x00, 0x00, 0x00, 0x00, 0x00, 0x00, 0x00,
  0x52, 0x65, 0x6e, 0x64, 0x65, 0x72, 0x00, 0x00, 0x00, 0x00, 0x00, 0x00, 0x00, 0x00, 0x00, 0x00,
  0x00, 0x00, 0x00, 0x00, 0x00, 0x00, 0x00, 0x00, 0x00, 0x00, 0x00, 0x00, 0x00, 0x00, 0x00, 0x00,
  0x00, 0x00, 0x00, 0x00, 0x00, 0x00, 0x00, 0x00, 0x00, 0x00, 0x00, 0x00, 0x00, 0x00, 0x00, 0x00,
  0x00, 0x00, 0x00, 0x00, 0x00, 0x00, 0x00, 0x00, 0x00, 0x00, 0x00, 0x00, 0x00, 0x00, 0x00, 0x00,
  0x00, 0x00, 0x00, 0x00, 0x00, 0x00, 0x00, 0x00, 0x00, 0x00, 0x00, 0x00, 0x00, 0x00, 0x00, 0x00,
  0x00, 0x00, 0x00, 0x00, 0x00, 0x00, 0x00, 0x00, 0x00, 0x00, 0x00, 0x00, 0x00, 0x00, 0x00, 0x00,
  0x00, 0x00, 0x00, 0x00, 0x00, 0x00, 0x00, 0x00, 0x00, 0x00, 0x00, 0x00, 0x00, 0x00, 0x00, 0x00,
  0x00, 0x00, 0x00, 0x00, 0x00, 0x00, 0x00, 0x00, 0x00, 0x00, 0x00, 0x00, 0x00, 0x00, 0x00, 0x00,
  0x46, 0x01, 0x00, 0x00, 0x3e, 0x01, 0xcc, 0x00, 0x00, 0x00, 0x00, 0x00, 0x01, 0x00, 0x00, 0x00,
  0x00, 0x00, 0x00, 0x00, 0x00, 0x00, 0x00, 0x00, 0x00, 0x00, 0x00, 0x00, 0x44, 0x41, 0x54, 0x41,
  0xe4, 0x00, 0x00, 0x00, 0x80, 0xae, 0xef, 0x06, 0xa7, 0x00, 0x00, 0x00, 0x01, 0x00, 0x00, 0x00,
  0x98, 0xaf, 0xef, 0x06, 0x68, 0xad, 0xef, 0x06, 0x41, 0x6e, 0x69, 0x6d, 0x00, 0x00, 0x00, 0x00,
  0x00, 0x00, 0x00, 0x00, 0x00, 0x00, 0x00, 0x00, 0x00, 0x00, 0x00, 0x00, 0x00, 0x00, 0x00, 0x00,
  0x00, 0x00, 0x00, 0x00, 0x00, 0x00, 0x00, 0x00, 0x00, 0x00, 0x00, 0x00, 0x00, 0x00, 0x00, 0x00,
  0x00, 0x00, 0x00, 0x00, 0x00, 0x00, 0x00, 0x00, 0x00, 0x00, 0x00, 0x00, 0x00, 0x00, 0x00, 0x00,
  0x00, 0x00, 0x00, 0x00, 0x00, 0x00, 0x00, 0x00, 0x52, 0x65, 0x6e, 0x64, 0x65, 0x72, 0x00, 0x00,
  0x00, 0x00, 0x00, 0x00, 0x00, 0x00, 0x00, 0x00, 0x00, 0x00, 0x00, 0x00, 0x00, 0x00, 0x00, 0x00,
  0x00, 0x00, 0x00, 0x00, 0x00, 0x00, 0x00, 0x00, 0x00, 0x00, 0x00, 0x00, 0x00, 0x00, 0x00, 0x00,
  0x00, 0x00, 0x00, 0x00, 0x00, 0x00, 0x00, 0x00, 0x00, 0x00, 0x00, 0x00, 0x00, 0x00, 0x00, 0x00,
  0x00, 0x00, 0x00, 0x00, 0x00, 0x00, 0x00, 0x00, 0x00, 0x00, 0x00, 0x00, 0x00, 0x00, 0x00, 0x00,
  0x00, 0x00, 0x00, 0x00, 0x00, 0x00, 0x00, 0x00, 0x00, 0x00, 0x00, 0x00, 0x00, 0x00, 0x00, 0x00,
  0x00, 0x00, 0x00, 0x00, 0x00, 0x00, 0x00, 0x00, 0x00, 0x00, 0x00, 0x00, 0x00, 0x00, 0x00, 0x00,
  0x00, 0x00, 0x00, 0x00, 0x00, 0x00, 0x00, 0x00, 0x00, 0x00, 0x00, 0x00, 0x00, 0x00, 0x00, 0x00,
  0x00, 0x00, 0x00, 0x00, 0x00, 0x00, 0x00, 0x00, 0x8c, 0x02, 0x00, 0x00, 0x3e, 0x01, 0xcc, 0x00,
  0x00, 0x00, 0x00, 0x00, 0x01, 0x00, 0x00, 0x00, 0x00, 0x00, 0x00, 0x00, 0x00, 0x00, 0x00, 0x00,
  0x00, 0x00, 0x00, 0x00, 0x44, 0x41, 0x54, 0x41, 0xe4, 0x00, 0x00, 0x00, 0x98, 0xaf, 0xef, 0x06,
  0xa7, 0x00, 0x00, 0x00, 0x01, 0x00, 0x00, 0x00, 0x00, 0x00, 0x00, 0x00, 0x80, 0xae, 0xef, 0x06,
  0x46, 0x6f, 0x72, 0x6d, 0x61, 0x74, 0x00, 0x00, 0x00, 0x00, 0x00, 0x00, 0x00, 0x00, 0x00, 0x00,
  0x00, 0x00, 0x00, 0x00, 0x00, 0x00, 0x00, 0x00, 0x00, 0x00, 0x00, 0x00, 0x00, 0x00, 0x00, 0x00,
  0x00, 0x00, 0x00, 0x00, 0x00, 0x00, 0x00, 0x00, 0x00, 0x00, 0x00, 0x00, 0x00, 0x00, 0x00, 0x00,
  0x00, 0x00, 0x00, 0x00, 0x00, 0x00, 0x00, 0x00, 0x00, 0x00, 0x00, 0x00, 0x00, 0x00, 0x00, 0x00,
  0x52, 0x65, 0x6e, 0x64, 0x65, 0x72, 0x00, 0x00, 0x00, 0x00, 0x00, 0x00, 0x00, 0x00, 0x00, 0x00,
  0x00, 0x00, 0x00, 0x00, 0x00, 0x00, 0x00, 0x00, 0x00, 0x00, 0x00, 0x00, 0x00, 0x00, 0x00, 0x00,
  0x00, 0x00, 0x00, 0x00, 0x00, 0x00, 0x00, 0x00, 0x00, 0x00, 0x00, 0x00, 0x00, 0x00, 0x00, 0x00,
  0x00, 0x00, 0x00, 0x00, 0x00, 0x00, 0x00, 0x00, 0x00, 0x00, 0x00, 0x00, 0x00, 0x00, 0x00, 0x00,
  0x00, 0x00, 0x00, 0x00, 0x00, 0x00, 0x00, 0x00, 0x00, 0x00, 0x00, 0x00, 0x00, 0x00, 0x00, 0x00,
  0x00, 0x00, 0x00, 0x00, 0x00, 0x00, 0x00, 0x00, 0x00, 0x00, 0x00, 0x00, 0x00, 0x00, 0x00, 0x00,
  0x00, 0x00, 0x00, 0x00, 0x00, 0x00, 0x00, 0x00, 0x00, 0x00, 0x00, 0x00, 0x00, 0x00, 0x00, 0x00,
  0x00, 0x00, 0x00, 0x00, 0x00, 0x00, 0x00, 0x00, 0x00, 0x00, 0x00, 0x00, 0x00, 0x00, 0x00, 0x00,
  0xd2, 0x03, 0x00, 0x00, 0x3e, 0x01, 0xcc, 0x00, 0x00, 0x00, 0x00, 0x00, 0x01, 0x00, 0x00, 0x00,
  0x00, 0x00, 0x00, 0x00, 0x00, 0x00, 0x00, 0x00, 0x00, 0x00, 0x00, 0x00, 0x44, 0x41, 0x54, 0x41,
  0xdc, 0x00, 0x00, 0x00, 0xb0, 0xb0, 0xef, 0x06, 0x92, 0x00, 0x00, 0x00, 0x01, 0x00, 0x00, 0x00,
  0x40, 0xe5, 0xfa, 0x02, 0x00, 0x00, 0x00, 0x00, 0x04, 0x00, 0x00, 0x00, 0x33, 0x33, 0x33, 0x3f,
  0xc0, 0xaa, 0x91, 0x05, 0x00, 0x00, 0x00, 0x00, 0x00, 0x00, 0x00, 0x00, 0x00, 0x00, 0x00, 0x00,
  0x00, 0x00, 0x00, 0x00, 0x00, 0x00, 0x00, 0x00, 0x00, 0x00, 0x00, 0x00, 0x01, 0x00, 0x00, 0x00,
  0x00, 0x00, 0x00, 0xc1, 0x00, 0x40, 0xd4, 0x44, 0x00, 0x00, 0x00, 0xc1, 0x00, 0x00, 0x68, 0x43,
  0x00, 0x00, 0x00, 0xc1, 0x91, 0x85, 0xb9, 0x44, 0x00, 0x00, 0x00, 0xc1, 0x00, 0x00, 0x68, 0x43,
  0x00, 0x00, 0x00, 0x00, 0x00, 0x00, 0x00, 0x00, 0x00, 0x00, 0x00, 0x00, 0x00, 0x00, 0x00, 0x00,
  0x00, 0x00, 0x00, 0x00, 0x00, 0x00, 0x00, 0x00, 0x00, 0x00, 0x00, 0x00, 0x00, 0x00, 0x00, 0x00,
  0x00, 0x00, 0x00, 0x00, 0x00, 0x00, 0x00, 0x00, 0x00, 0x00, 0x00, 0x00, 0x00, 0x00, 0x00, 0x00,
  0x00, 0x00, 0x80, 0x43, 0x00, 0x00, 0x28, 0x42, 0x00, 0x00, 0xc8, 0x44, 0x00, 0x00, 0xe1, 0x43,
  0x00, 0x00, 0x00, 0x3f, 0xe1, 0x7a, 0xb4, 0x3f, 0x00, 0x00, 0x01, 0x00, 0x01, 0x00, 0x01, 0x00,
  0xe9, 0x03, 0xa1, 0x00, 0x00, 0x00, 0x00, 0x00, 0x00, 0x00, 0x00, 0x00, 0x00, 0x00, 0x00, 0x00,
  0x00, 0x00, 0x00, 0x00, 0x00, 0x00, 0x00, 0x00, 0x01, 0x00, 0x01, 0x00, 0x00, 0x00, 0x01, 0x00,
  0x00, 0x00, 0x00, 0x00, 0x00, 0x00, 0x00, 0x00, 0x00, 0x00, 0x00, 0x00, 0x96, 0x01, 0x00, 0x00,
  0x00, 0x00, 0x00, 0x00, 0x00, 0x00, 0x00, 0x00, 0x00, 0x00, 0x00, 0x00, 0x44, 0x41, 0x54, 0x41,
  0xc8, 0x01, 0x00, 0x00, 0x40, 0xe5, 0xfa, 0x02, 0x94, 0x00, 0x00, 0x00, 0x01, 0x00, 0x00, 0x00,
  0x00, 0x00, 0x00, 0x00, 0xb0, 0xb0, 0xef, 0x06, 0x05, 0x00, 0x00, 0x00, 0x33, 0x33, 0x33, 0x3f,
  0xc0, 0xaa, 0x91, 0x05, 0x00, 0x00, 0x00, 0x00, 0x00, 0x00, 0x00, 0x00, 0x00, 0x00, 0x00, 0x00,
  0x00, 0x00, 0x00, 0x00, 0x00, 0x00, 0x00, 0x00, 0x14, 0x00, 0x00, 0x00, 0x00, 0x00, 0x00, 0x00,
  0x00, 0x00, 0x00, 0x00, 0x00, 0x00, 0x00, 0x00, 0x00, 0x00, 0x00, 0x00, 0x00, 0x00, 0x00, 0x00,
  0x00, 0x00, 0x00, 0x00, 0x2f, 0x00, 0x00, 0x00, 0x00, 0x00, 0x00, 0x00, 0x00, 0x00, 0x00, 0x00,
  0x00, 0x00, 0x00, 0x00, 0x00, 0x00, 0x00, 0x00, 0x00, 0x00, 0x00, 0x00, 0x00, 0x00, 0x00, 0x00,
  0x00, 0x00, 0x00, 0x00, 0x00, 0x00, 0x00, 0x00, 0x00, 0x00, 0x00, 0x00, 0x00, 0x00, 0x00, 0x00,
  0x00, 0x00, 0x00, 0x00, 0x00, 0x00, 0x00, 0x00, 0x00, 0x00, 0x00, 0x00, 0x00, 0x00, 0x00, 0x00,
  0x00, 0x00, 0x00, 0x00, 0x00, 0x00, 0x00, 0x00, 0x00, 0x00, 0x00, 0x00, 0x00, 0x00, 0x00, 0x00,
  0x00, 0x00, 0x00, 0x00, 0x00, 0x00, 0x00, 0x00, 0x00, 0x00, 0x00, 0x00, 0x00, 0x00, 0x00, 0x00,
  0x00, 0x00, 0x00, 0x00, 0x00, 0x00, 0x00, 0x00, 0x00, 0x00, 0x00, 0x00, 0x00, 0x00, 0x00, 0x00,
  0x00, 0x00, 0x00, 0x00, 0x00, 0x00, 0x00, 0x00, 0x00, 0x00, 0x00, 0x00, 0x00, 0x00, 0x00, 0x00,
  0x00, 0x00, 0x00, 0x00, 0x00, 0x00, 0x00, 0x00, 0x00, 0x00, 0x00, 0x00, 0x00, 0x00, 0x00, 0x00,
  0x00, 0x00, 0x00, 0x00, 0x00, 0x00, 0x00, 0x00, 0x00, 0x00, 0x00, 0x00, 0x00, 0x00, 0x00, 0x00,
  0x00, 0x00, 0x00, 0x00, 0x00, 0x00, 0x00, 0x00, 0x00, 0x00, 0x00, 0x00, 0x00, 0x00, 0x00, 0x00,
  0x00, 0x00, 0x00, 0x00, 0x00, 0x00, 0x00, 0x00, 0x00, 0x00, 0x00, 0x00, 0x00, 0x00, 0x00, 0x00,
  0x00, 0x00, 0x00, 0x00, 0x00, 0x00, 0x00, 0x00, 0x00, 0x00, 0x00, 0x00, 0x00, 0x00, 0x00, 0x00,
  0x00, 0x00, 0x00, 0x00, 0x00, 0x00, 0x00, 0x00, 0x00, 0x00, 0x00, 0x00, 0x00, 0x00, 0x00, 0x00,
  0x00, 0x00, 0x00, 0x00, 0x00, 0x00, 0x00, 0x00, 0x00, 0x00, 0x00, 0x00, 0x00, 0x00, 0x00, 0x00,
  0x00, 0x00, 0x00, 0x00, 0x00, 0x00, 0x00, 0x00, 0x00, 0x00, 0x00, 0x00, 0x00, 0x00, 0x00, 0x00,
  0x00, 0x00, 0x00, 0x00, 0x00, 0x00, 0x00, 0x00, 0x00, 0x00, 0x00, 0x00, 0x00, 0x00, 0x00, 0x00,
  0x00, 0x00, 0x00, 0x00, 0x00, 0x00, 0x00, 0x00, 0x00, 0x00, 0x00, 0x00, 0x00, 0x00, 0x00, 0x00,
  0x00, 0x00, 0x00, 0x00, 0x00, 0x00, 0x00, 0x00, 0x00, 0x00, 0x00, 0x00, 0x00, 0x00, 0x00, 0x00,
  0x00, 0x00, 0x00, 0x00, 0x00, 0x00, 0x00, 0x00, 0x00, 0x00, 0x00, 0x00, 0x00, 0x00, 0x00, 0x00,
  0x00, 0x00, 0x00, 0x00, 0x08, 0x00, 0x00, 0x00, 0x00, 0x00, 0x00, 0x00, 0x39, 0x00, 0x02, 0x00,
  0x00, 0x00, 0x00, 0x00, 0x00, 0x00, 0x00, 0x00, 0x00, 0x00, 0x00, 0x00, 0x00, 0x00, 0x00, 0x00,
  0x00, 0x00, 0x00, 0x00, 0x00, 0x00, 0x00, 0x00, 0xff, 0xff, 0x00, 0x00, 0x00, 0x00, 0x00, 0x00,
  0x00, 0x00, 0x00, 0x00, 0x00, 0x00, 0x00, 0x00, 0x00, 0x00, 0x00, 0x00, 0x00, 0x00, 0x00, 0x00,
  0x00, 0x00, 0x00, 0x00, 0x00, 0x00, 0x00, 0x00, 0x44, 0x41, 0x54, 0x41, 0xcc, 0x00, 0x00, 0x00,
  0x40, 0x63, 0xfa, 0x02, 0xa8, 0x00, 0x00, 0x00, 0x01, 0x00, 0x00, 0x00, 0x40, 0x64, 0xfa, 0x02,
  0x40, 0x62, 0xfa, 0x02, 0x78, 0xd8, 0xe9, 0x06, 0x58, 0xd7, 0xe9, 0x06, 0xa0, 0xd7, 0xe9, 0x06,
  0xc0, 0xd8, 0xe9, 0x06, 0x00, 0x00, 0x00, 0x00, 0x00, 0x00, 0x00, 0x00, 0x00, 0x00, 0x00, 0x00,
  0x00, 0x00, 0x00, 0x00, 0x00, 0x00, 0x00, 0x00, 0x00, 0x00, 0x00, 0x00, 0x00, 0x00, 0x00, 0x00,
  0x00, 0x00, 0x00, 0x00, 0x00, 0x00, 0x00, 0x00, 0x00, 0x00, 0x00, 0x00, 0x00, 0x00, 0x00, 0x00,
  0x00, 0x00, 0x00, 0x00, 0x00, 0x00, 0x00, 0x00, 0x00, 0x00, 0x00, 0x00, 0x00, 0x00, 0x00, 0x00,
  0x00, 0x00, 0x00, 0x00, 0x00, 0x00, 0x00, 0x00, 0x00, 0x00, 0x00, 0x00, 0xe8, 0x03, 0x00, 0x00,
  0x07, 0x03, 0x00, 0x00, 0x20, 0x03, 0x00, 0x00, 0x00, 0x00, 0x00, 0x00, 0xe8, 0x03, 0x00, 0x00,
  0x07, 0x03, 0x00, 0x00, 0x21, 0x03, 0x00, 0x00, 0x00, 0x00, 0x00, 0x00, 0xe8, 0x03, 0x00, 0x00,
  0x20, 0x03, 0x00, 0x00, 0x20, 0x03, 0x00, 0x00, 0x00, 0x00, 0x00, 0x00, 0x01, 0x00, 0x07, 0x07,
  0xe9, 0x03, 0x01, 0x00, 0x03, 0x00, 0x03, 0x01, 0xc4, 0x02, 0x00, 0x00, 0x07, 0x00, 0x00, 0x00,
  0x00, 0x00, 0x00, 0x00, 0x00, 0x00, 0x00, 0x00, 0x00, 0x00, 0x00, 0x00, 0x00, 0x00, 0x00, 0x00,
  0x00, 0x00, 0x00, 0x00, 0x00, 0x00, 0x00, 0x00, 0x00, 0x00, 0x00, 0x00, 0x00, 0x00, 0x00, 0x00,
  0x00, 0x00, 0x00, 0x00, 0x00, 0x00, 0x00, 0x00, 0x44, 0x41, 0x54, 0x41, 0xcc, 0x00, 0x00, 0x00,
  0x40, 0x64, 0xfa, 0x02, 0xa8, 0x00, 0x00, 0x00, 0x01, 0x00, 0x00, 0x00, 0x40, 0x65, 0xfa, 0x02,
  0x40, 0x63, 0xfa, 0x02, 0x28, 0xda, 0xe9, 0x06, 0x70, 0xda, 0xe9, 0x06, 0x50, 0xd9, 0xe9, 0x06,
  0x08, 0xd9, 0xe9, 0x06, 0x00, 0x00, 0x00, 0x00, 0x47, 0xbb, 0xcc, 0x3d, 0x00, 0x00, 0x00, 0x00,
  0x00, 0x00, 0x00, 0x00, 0x00, 0x00, 0x00, 0x00, 0x00, 0x00, 0x00, 0x00, 0xba, 0xfc, 0xbf, 0x3d,
  0x00, 0x00, 0x00, 0x00, 0x00, 0x00, 0x00, 0x00, 0x00, 0x00, 0x00, 0x80, 0x00, 0x00, 0x00, 0x80,
  0x6f, 0x12, 0x03, 0xbb, 0x00, 0x00, 0x00, 0x80, 0x00, 0x00, 0x00, 0x00, 0x00, 0x00, 0x00, 0x00,
  0x00, 0x00, 0x00, 0x00, 0x00, 0x00, 0x80, 0x3f, 0xcd, 0x00, 0x00, 0x00, 0x9f, 0x02, 0x00, 0x00,
  0xf9, 0x00, 0x00, 0x00, 0x05, 0x03, 0x00, 0x00, 0xcd, 0x00, 0x00, 0x00, 0x9f, 0x02, 0x00, 0x00,
  0xf9, 0x00, 0x00, 0x00, 0x13, 0x01, 0x00, 0x00, 0xcd, 0x00, 0x00, 0x00, 0x9f, 0x02, 0x00, 0x00,
  0x14, 0x01, 0x00, 0x00, 0x05, 0x03, 0x00, 0x00, 0x00, 0x00, 0x00, 0x00, 0x01, 0x00, 0x01, 0x01,
  0xd3, 0x01, 0xf2, 0x01, 0x01, 0x00, 0x03, 0x00, 0xfb, 0x02, 0x00, 0x00, 0x07, 0x00, 0x00, 0x00,
  0x00, 0x00, 0x00, 0x00, 0x00, 0x00, 0x00, 0x00, 0x00, 0x00, 0x00, 0x00, 0x00, 0x00, 0x00, 0x00,
  0x78, 0x09, 0xfb, 0x02, 0x38, 0xe7, 0xfa, 0x02, 0x00, 0x00, 0x00, 0x00, 0x00, 0x00, 0x00, 0x00,
  0xc8, 0xb1, 0xef, 0x06, 0xe0, 0xb2, 0xef, 0x06, 0x44, 0x41, 0x54, 0x41, 0xe4, 0x00, 0x00, 0x00,
  0xc8, 0xb1, 0xef, 0x06, 0xa7, 0x00, 0x00, 0x00, 0x01, 0x00, 0x00, 0x00, 0xe0, 0xb2, 0xef, 0x06,
  0x00, 0x00, 0x00, 0x00, 0x54, 0x72, 0x61, 0x6e, 0x73, 0x66, 0x6f, 0x72, 0x6d, 0x20, 0x50, 0x72,
  0x6f, 0x70, 0x65, 0x72, 0x74, 0x69, 0x65, 0x73, 0x00, 0x00, 0x00, 0x00, 0x00, 0x00, 0x00, 0x00,
  0x00, 0x00, 0x00, 0x00, 0x00, 0x00, 0x00, 0x00, 0x00, 0x00, 0x00, 0x00, 0x00, 0x00, 0x00, 0x00,
  0x00, 0x00, 0x00, 0x00, 0x00, 0x00, 0x00, 0x00, 0x00, 0x00, 0x00, 0x00, 0x00, 0x00, 0x00, 0x00,
  0x00, 0x00, 0x00, 0x00, 0x56, 0x69, 0x65, 0x77, 0x33, 0x64, 0x00, 0x00, 0x00, 0x00, 0x00, 0x00,
  0x00, 0x00, 0x00, 0x00, 0x00, 0x00, 0x00, 0x00, 0x00, 0x00, 0x00, 0x00, 0x00, 0x00, 0x00, 0x00,
  0x00, 0x00, 0x00, 0x00, 0x00, 0x00, 0x00, 0x00, 0x00, 0x00, 0x00, 0x00, 0x00, 0x00, 0x00, 0x00,
  0x00, 0x00, 0x00, 0x00, 0x00, 0x00, 0x00, 0x00, 0x00, 0x00, 0x00, 0x00, 0x00, 0x00, 0x00, 0x00,
  0x00, 0x00, 0x00, 0x00, 0x00, 0x00, 0x00, 0x00, 0x00, 0x00, 0x00, 0x00, 0x00, 0x00, 0x00, 0x00,
  0x00, 0x00, 0x00, 0x00, 0x00, 0x00, 0x00, 0x00, 0x00, 0x00, 0x00, 0x00, 0x00, 0x00, 0x00, 0x00,
  0x00, 0x00, 0x00, 0x00, 0x00, 0x00, 0x00, 0x00, 0x00, 0x00, 0x00, 0x00, 0x00, 0x00, 0x00, 0x00,
  0x00, 0x00, 0x00, 0x00, 0x00, 0x00, 0x00, 0x00, 0x00, 0x00, 0x00, 0x00, 0x00, 0x00, 0x00, 0x00,
  0x00, 0x00, 0x00, 0x00, 0x8c, 0x00, 0xd2, 0x00, 0x3e, 0x01, 0xcc, 0x00, 0x00, 0x00, 0x00, 0x00,
  0xa2, 0x00, 0x00, 0x00, 0x00, 0x00, 0x00, 0x00, 0x00, 0x00, 0x00, 0x00, 0x00, 0x00, 0x00, 0x00,
  0x44, 0x41, 0x54, 0x41, 0xe4, 0x00, 0x00, 0x00, 0xe0, 0xb2, 0xef, 0x06, 0xa7, 0x00, 0x00, 0x00,
  0x01, 0x00, 0x00, 0x00, 0x00, 0x00, 0x00, 0x00, 0xc8, 0xb1, 0xef, 0x06, 0x33, 0x44, 0x20, 0x56,
  0x69, 0x65, 0x77, 0x70, 0x6f, 0x72, 0x74, 0x20, 0x70, 0x72, 0x6f, 0x70, 0x65, 0x72, 0x74, 0x69,
  0x65, 0x73, 0x00, 0x00, 0x00, 0x00, 0x00, 0x00, 0x00, 0x00, 0x00, 0x00, 0x00, 0x00, 0x00, 0x00,
  0x00, 0x00, 0x00, 0x00, 0x00, 0x00, 0x00, 0x00, 0x00, 0x00, 0x00, 0x00, 0x00, 0x00, 0x00, 0x00,
  0x00, 0x00, 0x00, 0x00, 0x00, 0x00, 0x00, 0x00, 0x00, 0x00, 0x00, 0x00, 0x56, 0x69, 0x65, 0x77,
  0x33, 0x64, 0x00, 0x00, 0x00, 0x00, 0x00, 0x00, 0x00, 0x00, 0x00, 0x00, 0x00, 0x00, 0x00, 0x00,
  0x00, 0x00, 0x00, 0x00, 0x00, 0x00, 0x00, 0x00, 0x00, 0x00, 0x00, 0x00, 0x00, 0x00, 0x00, 0x00,
  0x00, 0x00, 0x00, 0x00, 0x00, 0x00, 0x00, 0x00, 0x00, 0x00, 0x00, 0x00, 0x00, 0x00, 0x00, 0x00,
  0x00, 0x00, 0x00, 0x00, 0x00, 0x00, 0x00, 0x00, 0x00, 0x00, 0x00, 0x00, 0x00, 0x00, 0x00, 0x00,
  0x00, 0x00, 0x00, 0x00, 0x00, 0x00, 0x00, 0x00, 0x00, 0x00, 0x00, 0x00, 0x00, 0x00, 0x00, 0x00,
  0x00, 0x00, 0x00, 0x00, 0x00, 0x00, 0x00, 0x00, 0x00, 0x00, 0x00, 0x00, 0x00, 0x00, 0x00, 0x00,
  0x00, 0x00, 0x00, 0x00, 0x00, 0x00, 0x00, 0x00, 0x00, 0x00, 0x00, 0x00, 0x00, 0x00, 0x00, 0x00,
  0x00, 0x00, 0x00, 0x00, 0x00, 0x00, 0x00, 0x00, 0x00, 0x00, 0x00, 0x00, 0x08, 0x00, 0x08, 0x00,
  0x3e, 0x01, 0xcc, 0x00, 0x00, 0x00, 0x00, 0x00, 0x22, 0x00, 0x00, 0x00, 0x00, 0x00, 0x00, 0x00,
  0x00, 0x00, 0x00, 0x00, 0x00, 0x00, 0x00, 0x00, 0x44, 0x41, 0x54, 0x41, 0x1c, 0x03, 0x00, 0x00,
  0x78, 0x09, 0xfb, 0x02, 0x8d, 0x00, 0x00, 0x00, 0x01, 0x00, 0x00, 0x00, 0x38, 0xe7, 0xfa, 0x02,
  0x00, 0x00, 0x00, 0x00, 0x01, 0x00, 0x00, 0x00, 0x33, 0x33, 0x33, 0x3f, 0xc0, 0x8a, 0x93, 0x07,
  0x00, 0x00, 0x00, 0x00, 0x00, 0x00, 0x00, 0x00, 0x00, 0x00, 0x00, 0x00, 0x00, 0x00, 0x00, 0x00,
  0x00, 0x00, 0x80, 0x3f, 0x00, 0x00, 0x00, 0x00, 0x00, 0x00, 0x00, 0x00, 0x00, 0x00, 0x00, 0x00,
  0x00, 0x00, 0x00, 0x00, 0x00, 0x00, 0x80, 0x3f, 0x00, 0x00, 0x00, 0x00, 0x00, 0x00, 0x00, 0x00,
  0x00, 0x00, 0x00, 0x00, 0x00, 0x00, 0x00, 0x00, 0x00, 0x00, 0x80, 0x3f, 0x00, 0x00, 0x00, 0x00,
  0x00, 0x00, 0x00, 0x00, 0x00, 0x00, 0x00, 0x00, 0x00, 0x00, 0x00, 0x00, 0x00, 0x00, 0x80, 0x3f,
  0x00, 0x00, 0x80, 0x3f, 0x00, 0x00, 0x00, 0x00, 0x00, 0x00, 0x00, 0x00, 0x00, 0x00, 0x00, 0x00,
  0x00, 0x00, 0x00, 0x00, 0x00, 0x00, 0x80, 0x3f, 0x00, 0x00, 0x00, 0x00, 0x00, 0x00, 0x00, 0x00,
  0x00, 0x00, 0x00, 0x00, 0x00, 0x00, 0x00, 0x00, 0x00, 0x00, 0x80, 0x3f, 0x00, 0x00, 0x00, 0x00,
  0x00, 0x00, 0x00, 0x00, 0x00, 0x00, 0x00, 0x00, 0x00, 0x00, 0x00, 0x00, 0x00, 0x00, 0x80, 0x3f,
  0x47, 0xbb, 0xcc, 0x3d, 0x00, 0x00, 0x00, 0x00, 0x00, 0x00, 0x00, 0x00, 0x00, 0x00, 0x00, 0x00,
  0x00, 0x00, 0x00, 0x00, 0xba, 0xfc, 0xbf, 0x3d, 0x00, 0x00, 0x00, 0x00, 0x00, 0x00, 0x00, 0x00,
  0x00, 0x00, 0x00, 0x00, 0x00, 0x00, 0x00, 0x00, 0x6f, 0x12, 0x03, 0xbb, 0x00, 0x00, 0x00, 0x00,
  0x00, 0x00, 0x00, 0x00, 0x00, 0x00, 0x00, 0x00, 0x00, 0x00, 0x00, 0x00, 0x00, 0x00, 0x80, 0x3f,
  0xb2, 0x0d, 0x20, 0x41, 0x00, 0x00, 0x00, 0x00, 0x00, 0x00, 0x00, 0x00, 0x00, 0x00, 0x00, 0x00,
  0x00, 0x00, 0x00, 0x00, 0x94, 0xad, 0x2a, 0x41, 0x00, 0x00, 0x00, 0x00, 0x00, 0x00, 0x00, 0x00,
  0x00, 0x00, 0x00, 0x00, 0x00, 0x00, 0x00, 0x00, 0xff, 0xff, 0xf9, 0xc3, 0x00, 0x00, 0x00, 0x00,
  0x00, 0x00, 0x00, 0x00, 0x00, 0x00, 0x00, 0x00, 0x00, 0x00, 0x00, 0x00, 0x00, 0x00, 0x80, 0x3f,
  0x47, 0xbb, 0xcc, 0x3d, 0x00, 0x00, 0x00, 0x00, 0x00, 0x00, 0x00, 0x00, 0x00, 0x00, 0x00, 0x00,
  0x00, 0x00, 0x00, 0x00, 0xba, 0xfc, 0xbf, 0x3d, 0x00, 0x00, 0x00, 0x00, 0x00, 0x00, 0x00, 0x00,
  0x00, 0x00, 0x00, 0x80, 0x00, 0x00, 0x00, 0x80, 0x6f, 0x12, 0x03, 0xbb, 0x00, 0x00, 0x00, 0x80,
  0x00, 0x00, 0x00, 0x00, 0x00, 0x00, 0x00, 0x00, 0x00, 0x00, 0x00, 0x00, 0x00, 0x00, 0x80, 0x3f,
  0x00, 0x00, 0x80, 0x3f, 0x00, 0x00, 0x00, 0x00, 0x00, 0x00, 0x00, 0x00, 0x00, 0x00, 0x00, 0x00,
  0x00, 0x00, 0x00, 0x00, 0x00, 0x00, 0x80, 0x3f, 0x00, 0x00, 0x00, 0x00, 0x00, 0x00, 0x00, 0x00,
  0x00, 0x00, 0x00, 0x00, 0x00, 0x00, 0x00, 0x00, 0x00, 0x00, 0x80, 0x3f, 0x00, 0x00, 0x00, 0x00,
  0x00, 0x00, 0x00, 0x00, 0x00, 0x00, 0x00, 0x00, 0x00, 0x00, 0x00, 0x00, 0x00, 0x00, 0x80, 0x3f,
  0x00, 0x00, 0x80, 0x3f, 0x00, 0x00, 0x00, 0x00, 0x00, 0x00, 0x00, 0x00, 0x00, 0x00, 0x00, 0x00,
  0x94, 0xad, 0x2a, 0x41, 0x00, 0x00, 0x00, 0x00, 0x00, 0x00, 0x00, 0x00, 0x00, 0x00, 0x07, 0x00,
  0x28, 0x45, 0x01, 0x03, 0x00, 0x00, 0x00, 0x00, 0x00, 0x00, 0x00, 0x00, 0x00, 0x00, 0x00, 0x00,
  0x00, 0x00, 0x00, 0x00, 0x00, 0x00, 0x00, 0x00, 0x00, 0x00, 0x00, 0x00, 0x00, 0x00, 0x00, 0x00,
  0x00, 0x00, 0x00, 0x00, 0x00, 0x00, 0x00, 0x00, 0x00, 0x00, 0x00, 0x00, 0x00, 0x00, 0x00, 0x00,
  0x00, 0x00, 0x00, 0x00, 0x00, 0x00, 0x00, 0x00, 0x00, 0x00, 0x00, 0x00, 0x02, 0x00, 0x00, 0x00,
  0x01, 0x00, 0x00, 0x00, 0x01, 0x00, 0x00, 0x00, 0x01, 0x00, 0x03, 0x00, 0x00, 0x00, 0x00, 0x00,
  0x00, 0x00, 0x0c, 0x42, 0x00, 0x00, 0x80, 0x3f, 0x00, 0x00, 0x80, 0x3f, 0x00, 0x00, 0x00, 0x00,
  0xcd, 0xcc, 0xcc, 0x3d, 0x00, 0x00, 0xfa, 0x43, 0x00, 0x00, 0x00, 0x00, 0x00, 0x00, 0x00, 0x00,
  0x00, 0x00, 0x00, 0x00, 0x00, 0x00, 0x00, 0x00, 0x00, 0x00, 0x00, 0x00, 0x00, 0x00, 0x00, 0x00,
  0x00, 0x00, 0x00, 0x00, 0x00, 0x00, 0x00, 0x00, 0x20, 0x00, 0x01, 0x00, 0x07, 0x00, 0xaf, 0x00,
  0x00, 0x00, 0x00, 0x00, 0x01, 0x00, 0x00, 0x00, 0x03, 0x00, 0x00, 0x00, 0xdd, 0xa2, 0x4d, 0x40,
  0x00, 0x00, 0x00, 0x00, 0x00, 0x00, 0x00, 0x00, 0x00, 0x00, 0x00, 0x00, 0x00, 0x00, 0x00, 0x00,
  0xdd, 0xa2, 0x4d, 0x40, 0x00, 0x00, 0x00, 0x00, 0x00, 0x00, 0x00, 0x00, 0x00, 0x00, 0x00, 0x00,
  0x00, 0x00, 0x00, 0x00, 0xdd, 0xa2, 0x4d, 0x40, 0x00, 0x00, 0x00, 0x00, 0x00, 0x00, 0x00, 0x00,
  0x00, 0x00, 0x00, 0x00, 0x00, 0x00, 0x00, 0x00, 0x00, 0x00, 0x80, 0x3f, 0x00, 0x00, 0x00, 0x00,
  0x00, 0x00, 0x00, 0x00, 0x00, 0x00, 0x00, 0x00, 0x00, 0x00, 0x00, 0x00, 0x00, 0x00, 0x00, 0x00,
  0x00, 0x00, 0x00, 0x00, 0x00, 0x00, 0x00, 0x00, 0x00, 0x00, 0x00, 0x00, 0x00, 0x00, 0x00, 0x00,
  0x00, 0x00, 0x00, 0x00, 0x00, 0x00, 0x00, 0x00, 0x00, 0x00, 0x00, 0x00, 0x00, 0x00, 0x00, 0x00,
  0x00, 0x00, 0x00, 0x00, 0x00, 0x00, 0x00, 0x00, 0x00, 0x00, 0x00, 0x00, 0x00, 0x00, 0x00, 0x00,
  0x00, 0x00, 0x00, 0x00, 0x00, 0x00, 0x00, 0x00, 0x00, 0x00, 0x00, 0x00, 0x00, 0x00, 0x08, 0x18,
  0x00, 0x00, 0x0a, 0x00, 0x00, 0x00, 0x00, 0x00, 0x00, 0x00, 0x00, 0x00, 0x00, 0x00, 0x00, 0x00,
  0x00, 0x00, 0x00, 0x00, 0x00, 0x00, 0x00, 0x00, 0x00, 0x00, 0x00, 0x00, 0x00, 0x00, 0x00, 0x00,
  0x00, 0x00, 0x00, 0x00, 0x00, 0x00, 0x00, 0x00, 0x44, 0x41, 0x54, 0x41, 0xc8, 0x01, 0x00, 0x00,
  0x38, 0xe7, 0xfa, 0x02, 0x94, 0x00, 0x00, 0x00, 0x01, 0x00, 0x00, 0x00, 0x00, 0x00, 0x00, 0x00,
  0x78, 0x09, 0xfb, 0x02, 0x05, 0x00, 0x00, 0x00, 0x33, 0x33, 0x33, 0x3f, 0xc0, 0x8a, 0x93, 0x07,
  0x00, 0x00, 0x00, 0x00, 0x00, 0x00, 0x00, 0x00, 0x00, 0x00, 0x00, 0x00, 0x00, 0x00, 0x00, 0x00,
  0x00, 0x00, 0x00, 0x00, 0x14, 0x00, 0x00, 0x00, 0x00, 0x00, 0x00, 0x00, 0x00, 0x00, 0x00, 0x00,
  0x00, 0x00, 0x00, 0x00, 0x00, 0x00, 0x00, 0x00, 0x00, 0x00, 0x00, 0x00, 0x00, 0x00, 0x00, 0x00,
  0x2f, 0x00, 0x00, 0x00, 0x00, 0x00, 0x00, 0x00, 0x00, 0x00, 0x00, 0x00, 0x00, 0x00, 0x00, 0x00,
  0x00, 0x00, 0x00, 0x00, 0x00, 0x00, 0x00, 0x00, 0x00, 0x00, 0x00, 0x00, 0x00, 0x00, 0x00, 0x00,
  0x00, 0x00, 0x00, 0x00, 0x00, 0x00, 0x00, 0x00, 0x00, 0x00, 0x00, 0x00, 0x00, 0x00, 0x00, 0x00,
  0x00, 0x00, 0x00, 0x00, 0x00, 0x00, 0x00, 0x00, 0x00, 0x00, 0x00, 0x00, 0x00, 0x00, 0x00, 0x00,
  0x00, 0x00, 0x00, 0x00, 0x00, 0x00, 0x00, 0x00, 0x00, 0x00, 0x00, 0x00, 0x00, 0x00, 0x00, 0x00,
  0x00, 0x00, 0x00, 0x00, 0x00, 0x00, 0x00, 0x00, 0x00, 0x00, 0x00, 0x00, 0x00, 0x00, 0x00, 0x00,
  0x00, 0x00, 0x00, 0x00, 0x00, 0x00, 0x00, 0x00, 0x00, 0x00, 0x00, 0x00, 0x00, 0x00, 0x00, 0x00,
  0x00, 0x00, 0x00, 0x00, 0x00, 0x00, 0x00, 0x00, 0x00, 0x00, 0x00, 0x00, 0x00, 0x00, 0x00, 0x00,
  0x00, 0x00, 0x00, 0x00, 0x00, 0x00, 0x00, 0x00, 0x00, 0x00, 0x00, 0x00, 0x00, 0x00, 0x00, 0x00,
  0x00, 0x00, 0x00, 0x00, 0x00, 0x00, 0x00, 0x00, 0x00, 0x00, 0x00, 0x00, 0x00, 0x00, 0x00, 0x00,
  0x00, 0x00, 0x00, 0x00, 0x00, 0x00, 0x00, 0x00, 0x00, 0x00, 0x00, 0x00, 0x00, 0x00, 0x00, 0x00,
  0x00, 0x00, 0x00, 0x00, 0x00, 0x00, 0x00, 0x00, 0x00, 0x00, 0x00, 0x00, 0x00, 0x00, 0x00, 0x00,
  0x00, 0x00, 0x00, 0x00, 0x00, 0x00, 0x00, 0x00, 0x00, 0x00, 0x00, 0x00, 0x00, 0x00, 0x00, 0x00,
  0x00, 0x00, 0x00, 0x00, 0x00, 0x00, 0x00, 0x00, 0x00, 0x00, 0x00, 0x00, 0x00, 0x00, 0x00, 0x00,
  0x00, 0x00, 0x00, 0x00, 0x00, 0x00, 0x00, 0x00, 0x00, 0x00, 0x00, 0x00, 0x00, 0x00, 0x00, 0x00,
  0x00, 0x00, 0x00, 0x00, 0x00, 0x00, 0x00, 0x00, 0x00, 0x00, 0x00, 0x00, 0x00, 0x00, 0x00, 0x00,
  0x00, 0x00, 0x00, 0x00, 0x00, 0x00, 0x00, 0x00, 0x00, 0x00, 0x00, 0x00, 0x00, 0x00, 0x00, 0x00,
  0x00, 0x00, 0x00, 0x00, 0x00, 0x00, 0x00, 0x00, 0x00, 0x00, 0x00, 0x00, 0x00, 0x00, 0x00, 0x00,
  0x00, 0x00, 0x00, 0x00, 0x00, 0x00, 0x00, 0x00, 0x00, 0x00, 0x00, 0x00, 0x00, 0x00, 0x00, 0x00,
  0x00, 0x00, 0x00, 0x00, 0x00, 0x00, 0x00, 0x00, 0x00, 0x00, 0x00, 0x00, 0x00, 0x00, 0x00, 0x00,
  0x08, 0x00, 0x00, 0x00, 0x00, 0x00, 0x00, 0x00, 0x39, 0x00, 0x01, 0x00, 0x00, 0x00, 0x00, 0x00,
  0x00, 0x00, 0x00, 0x00, 0x00, 0x00, 0x00, 0x00, 0x00, 0x00, 0x00, 0x00, 0x00, 0x00, 0x00, 0x00,
  0x00, 0x00, 0x00, 0x00, 0xff, 0xff, 0x00, 0x00, 0x00, 0x00, 0x00, 0x00, 0x00, 0x00, 0x00, 0x00,
  0x00, 0x00, 0x00, 0x00, 0x00, 0x00, 0x00, 0x00, 0x00, 0x00, 0x00, 0x00, 0x00, 0x00, 0x00, 0x00,
  0x00, 0x00, 0x00, 0x00, 0x44, 0x41, 0x54, 0x41, 0xcc, 0x00, 0x00, 0x00, 0x40, 0x65, 0xfa, 0x02,
  0xa8, 0x00, 0x00, 0x00, 0x01, 0x00, 0x00, 0x00, 0x40, 0x66, 0xfa, 0x02, 0x40, 0x64, 0xfa, 0x02,
  0x08, 0xd9, 0xe9, 0x06, 0x50, 0xd9, 0xe9, 0x06, 0xc0, 0xd8, 0xe9, 0x06, 0x30, 0xd8, 0xe9, 0x06,
  0x00, 0x00, 0x00, 0x00, 0x01, 0xb8, 0x9d, 0x3f, 0x00, 0x00, 0x00, 0x00, 0x00, 0x00, 0x00, 0x00,
  0x00, 0x00, 0x00, 0x00, 0x00, 0x00, 0x00, 0x00, 0x00, 0x00, 0x8c, 0x3f, 0x00, 0x00, 0x00, 0x00,
  0x00, 0x00, 0x00, 0x00, 0x00, 0x00, 0x00, 0x00, 0x00, 0x00, 0x00, 0x00, 0x50, 0x01, 0x80, 0xbf,
  0x00, 0x00, 0x80, 0xbf, 0x00, 0x00, 0x00, 0x00, 0x00, 0x00, 0x00, 0x00, 0xe1, 0xd7, 0xa3, 0xbc,
  0x00, 0x00, 0x00, 0x00, 0xa1, 0x02, 0x00, 0x00, 0xe8, 0x03, 0x00, 0x00, 0xf9, 0x00, 0x00, 0x00,
  0x05, 0x03, 0x00, 0x00, 0xa1, 0x02, 0x00, 0x00, 0xe8, 0x03, 0x00, 0x00, 0xf9, 0x00, 0x00, 0x00,
  0x13, 0x01, 0x00, 0x00, 0xa1, 0x02, 0x00, 0x00, 0xe8, 0x03, 0x00, 0x00, 0x14, 0x01, 0x00, 0x00,
  0x05, 0x03, 0x00, 0x00, 0x00, 0x00, 0x00, 0x00, 0x01, 0x00, 0x02, 0x02, 0x48, 0x01, 0xf2, 0x01,
  0x03, 0x00, 0x03, 0x00, 0xcb, 0x01, 0x00, 0x00, 0x07, 0x00, 0x00, 0x00, 0x00, 0x00, 0x00, 0x00,
  0x00, 0x00, 0x00, 0x00, 0x00, 0x00, 0x00, 0x00, 0x00, 0x00, 0x00, 0x00, 0xd8, 0xc7, 0xef, 0x06,
  0x30, 0xe9, 0xfa, 0x02, 0x00, 0x00, 0x00, 0x00, 0x00, 0x00, 0x00, 0x00, 0xf8, 0xb3, 0xef, 0x06,
  0xf8, 0xb3, 0xef, 0x06, 0x44, 0x41, 0x54, 0x41, 0xe4, 0x00, 0x00, 0x00, 0xf8, 0xb3, 0xef, 0x06,
  0xa7, 0x00, 0x00, 0x00, 0x01, 0x00, 0x00, 0x00, 0x00, 0x00, 0x00, 0x00, 0x00, 0x00, 0x00, 0x00,
  0x54, 0x72, 0x61, 0x6e, 0x73, 0x66, 0x6f, 0x72, 0x6d, 0x20, 0x50, 0x72, 0x6f, 0x70, 0x65, 0x72,
  0x74, 0x69, 0x65, 0x73, 0x00, 0x00, 0x00, 0x00, 0x00, 0x00, 0x00, 0x00, 0x00, 0x00, 0x00, 0x00,
  0x00, 0x00, 0x00, 0x00, 0x00, 0x00, 0x00, 0x00, 0x00, 0x00, 0x00, 0x00, 0x00, 0x00, 0x00, 0x00,
  0x00, 0x00, 0x00, 0x00, 0x00, 0x00, 0x00, 0x00, 0x00, 0x00, 0x00, 0x00, 0x00, 0x00, 0x00, 0x00,
  0x49, 0x70, 0x6f, 0x00, 0x00, 0x00, 0x00, 0x00, 0x00, 0x00, 0x00, 0x00, 0x00, 0x00, 0x00, 0x00,
  0x00, 0x00, 0x00, 0x00, 0x00, 0x00, 0x00, 0x00, 0x00, 0x00, 0x00, 0x00, 0x00, 0x00, 0x00, 0x00,
  0x00, 0x00, 0x00, 0x00, 0x00, 0x00, 0x00, 0x00, 0x00, 0x00, 0x00, 0x00, 0x00, 0x00, 0x00, 0x00,
  0x00, 0x00, 0x00, 0x00, 0x00, 0x00, 0x00, 0x00, 0x00, 0x00, 0x00, 0x00, 0x00, 0x00, 0x00, 0x00,
  0x00, 0x00, 0x00, 0x00, 0x00, 0x00, 0x00, 0x00, 0x00, 0x00, 0x00, 0x00, 0x00, 0x00, 0x00, 0x00,
  0x00, 0x00, 0x00, 0x00, 0x00, 0x00, 0x00, 0x00, 0x00, 0x00, 0x00, 0x00, 0x00, 0x00, 0x00, 0x00,
  0x00, 0x00, 0x00, 0x00, 0x00, 0x00, 0x00, 0x00, 0x00, 0x00, 0x00, 0x00, 0x00, 0x00, 0x00, 0x00,
  0x00, 0x00, 0x00, 0x00, 0x00, 0x00, 0x00, 0x00, 0x00, 0x00, 0x00, 0x00, 0x00, 0x00, 0x00, 0x00,
  0x21, 0x00, 0xa7, 0x00, 0x3e, 0x01, 0xcc, 0x00, 0x00, 0x00, 0x00, 0x00, 0xa2, 0x00, 0x00, 0x00,
  0x00, 0x00, 0x00, 0x00, 0x00, 0x00, 0x00, 0x00, 0x00, 0x00, 0x00, 0x00, 0x44, 0x41, 0x54, 0x41,
  0x58, 0x01, 0x00, 0x00, 0xd8, 0xc7, 0xef, 0x06, 0x91, 0x00, 0x00, 0x00, 0x01, 0x00, 0x00, 0x00,
  0x98, 0xe1, 0xf7, 0x02, 0x00, 0x00, 0x00, 0x00, 0x02, 0x00, 0x00, 0x00, 0x33, 0x33, 0x33, 0x3f,
  0xc0, 0x0a, 0x94, 0x0b, 0x00, 0x00, 0x00, 0x00, 0x00, 0x00, 0x00, 0x00, 0x00, 0x00, 0x00, 0x00,
  0x00, 0x00, 0x00, 0x00, 0x00, 0x00, 0x00, 0x00, 0x00, 0x00, 0x00, 0x00, 0x00, 0x00, 0x00, 0x00,
  0x00, 0x00, 0x7a, 0x43, 0xcd, 0xcc, 0xcc, 0xbd, 0xcd, 0xcc, 0x8c, 0x3f, 0x00, 0x00, 0x00, 0x00,
  0x00, 0x00, 0x7a, 0x43, 0x00, 0x00, 0xa0, 0xc0, 0x00, 0x00, 0xa0, 0x40, 0x00, 0x00, 0x00, 0x00,
  0x10, 0x00, 0x00, 0x00, 0x00, 0x00, 0x00, 0x00, 0xf2, 0x01, 0x00, 0x00, 0x10, 0x00, 0x00, 0x00,
  0x07, 0x01, 0x00, 0x00, 0x00, 0x00, 0x00, 0x00, 0x10, 0x00, 0x00, 0x00, 0x10, 0x00, 0x00, 0x00,
  0x07, 0x01, 0x00, 0x00, 0x10, 0x00, 0x00, 0x00, 0xf2, 0x01, 0x00, 0x00, 0x0a, 0xd7, 0x23, 0x3c,
  0x0a, 0xd7, 0x23, 0x3c, 0x00, 0x60, 0x6a, 0x46, 0x00, 0x00, 0x7a, 0x44, 0x00, 0x00, 0x00, 0x00,
  0x00, 0x00, 0x00, 0x00, 0x09, 0x00, 0x00, 0x00, 0x00, 0x00, 0x00, 0x00, 0x00, 0x00, 0x00, 0x00,
  0x00, 0x00, 0x00, 0x00, 0x00, 0x00, 0x00, 0x00, 0x00, 0x00, 0x00, 0x00, 0x00, 0x00, 0x00, 0x00,
  0x00, 0x00, 0x00, 0x00, 0x00, 0x00, 0x00, 0x00, 0x00, 0x00, 0x00, 0x00, 0x00, 0x00, 0x00, 0x00,
  0x00, 0x00, 0x00, 0x00, 0xb0, 0x48, 0x01, 0x03, 0x00, 0x00, 0x00, 0x00, 0x00, 0x00, 0x00, 0x00,
  0x00, 0x00, 0x00, 0x00, 0x00, 0x00, 0x00, 0x00, 0x00, 0x00, 0x00, 0x00, 0x00, 0x00, 0x00, 0x00,
  0x00, 0x00, 0x00, 0x00, 0x00, 0x00, 0x00, 0x00, 0x00, 0x00, 0x00, 0x00, 0x00, 0x00, 0x00, 0x00,
  0x00, 0x00, 0x00, 0x00, 0x00, 0x00, 0x00, 0x00, 0x00, 0x00, 0x00, 0x00, 0x00, 0x00, 0x00, 0x00,
  0x00, 0x00, 0x00, 0x00, 0x00, 0x00, 0x00, 0x00, 0x00, 0x00, 0x00, 0x00, 0x00, 0x00, 0x00, 0x00,
  0x00, 0x00, 0x00, 0x00, 0x00, 0x00, 0x00, 0x00, 0x00, 0x00, 0x00, 0x00, 0x00, 0x00, 0x00, 0x00,
  0x00, 0x00, 0x00, 0x00, 0x00, 0x00, 0x00, 0x00, 0x1d, 0x00, 0x00, 0x00, 0x00, 0x00, 0x00, 0x00,
  0x00, 0x00, 0x4f, 0x42, 0x01, 0x00, 0x00, 0x00, 0x00, 0x00, 0x00, 0x00, 0x00, 0x00, 0x00, 0x00,
  0x00, 0x00, 0x00, 0x00, 0x00, 0x00, 0x00, 0x00, 0x00, 0x00, 0x00, 0x00, 0x00, 0x00, 0x7a, 0x43,
  0xcd, 0xcc, 0xcc, 0xbd, 0xcd, 0xcc, 0x8c, 0x3f, 0x44, 0x41, 0x54, 0x41, 0x08, 0x01, 0x00, 0x00,
  0x98, 0xe1, 0xf7, 0x02, 0x95, 0x00, 0x00, 0x00, 0x01, 0x00, 0x00, 0x00, 0x60, 0xc9, 0xef, 0x06,
  0xd8, 0xc7, 0xef, 0x06, 0x03, 0x00, 0x00, 0x00, 0x33, 0x33, 0x33, 0x3f, 0xc0, 0x0a, 0x94, 0x0b,
  0x00, 0x00, 0x00, 0x00, 0x00, 0x00, 0x00, 0x00, 0x00, 0x00, 0x00, 0x00, 0x00, 0x00, 0x00, 0x00,
  0x00, 0x00, 0x00, 0x00, 0x00, 0x00, 0xb6, 0x43, 0x00, 0x00, 0xd1, 0xc3, 0x00, 0x00, 0x00, 0x00,
  0x00, 0x00, 0x00, 0x00, 0x00, 0x00, 0xb6, 0x43, 0x00, 0x00, 0xbe, 0xc3, 0x00, 0x00, 0x00, 0xb5,
  0x00, 0x00, 0x00, 0x00, 0x10, 0x00, 0x00, 0x00, 0x00, 0x00, 0x00, 0x00, 0x7c, 0x01, 0x00, 0x00,
  0x00, 0x00, 0x00, 0x00, 0x00, 0x00, 0x00, 0x00, 0x00, 0x00, 0x00, 0x00, 0x00, 0x00, 0x00, 0x00,
  0x10, 0x00, 0x00, 0x00, 0x7c, 0x01, 0x00, 0x00, 0x00, 0x00, 0x00, 0x00, 0x7c, 0x01, 0x00, 0x00,
  0x00, 0x00, 0xbe, 0xc3, 0x00, 0x00, 0xbe, 0xc3, 0x00, 0x00, 0x00, 0x00, 0x00, 0x00, 0x00, 0x00,
  0x00, 0x00, 0x80, 0x3f, 0x00, 0x00, 0x80, 0x3f, 0x01, 0x00, 0x01, 0x00, 0x01, 0x00, 0x01, 0x00,
  0x6c, 0x01, 0x7c, 0x01, 0x00, 0x00, 0x00, 0x00, 0x00, 0x00, 0x00, 0x00, 0x00, 0x00, 0x00, 0x00,
  0x00, 0x00, 0x00, 0x00, 0x00, 0x00, 0x00, 0x00, 0x00, 0x00, 0x00, 0x00, 0x00, 0x00, 0x00, 0x00,
  0x00, 0x00, 0x8e, 0x03, 0x01, 0x00, 0x00, 0x00, 0x00, 0x00, 0x00, 0x00, 0x00, 0x00, 0x00, 0x00,
  0x00, 0x00, 0x00, 0x00, 0x00, 0x00, 0x00, 0x00, 0x00, 0x00, 0x00, 0x00, 0x00, 0x00, 0x00, 0x00,
  0x00, 0x00, 0x00, 0x00, 0x00, 0x00, 0x00, 0x00, 0x00, 0x00, 0x00, 0x00, 0x00, 0x00, 0x00, 0x00,
  0x00, 0x00, 0x00, 0x00, 0x00, 0x00, 0x00, 0x00, 0x00, 0x00, 0x00, 0x00, 0x00, 0x00, 0x00, 0x00,
  0x00, 0x00, 0x00, 0x00, 0x00, 0x00, 0x00, 0x00, 0x00, 0x00, 0x00, 0x00, 0x00, 0x00, 0x00, 0x00,
  0x00, 0x00, 0x00, 0x00, 0x44, 0x41, 0x54, 0x41, 0xb0, 0x00, 0x00, 0x00, 0x60, 0xc9, 0xef, 0x06,
  0xea, 0x00, 0x00, 0x00, 0x01, 0x00, 0x00, 0x00, 0x40, 0xca, 0xef, 0x06, 0x98, 0xe1, 0xf7, 0x02,
  0x0b, 0x00, 0x00, 0x00, 0x33, 0x33, 0x33, 0x3f, 0xc0, 0x0a, 0x94, 0x0b, 0x00, 0x00, 0x80, 0xc0,
  0x00, 0x00, 0x7a, 0x43, 0x00, 0x00, 0x80, 0xc0, 0x00, 0x00, 0x7f, 0x43, 0x00, 0x00, 0x80, 0xc0,
  0x00, 0x00, 0x48, 0x42, 0x00, 0x00, 0x80, 0xc0, 0x00, 0x00, 0x7f, 0x43, 0x00, 0x00, 0x00, 0x00,
  0x00, 0x00, 0x00, 0x00, 0x00, 0x00, 0x00, 0x00, 0x00, 0x00, 0x00, 0x00, 0x00, 0x00, 0x00, 0x00,
  0x7c, 0x01, 0x00, 0x00, 0x00, 0x00, 0x00, 0x00, 0x10, 0x00, 0x00, 0x00, 0x00, 0x00, 0x00, 0x00,
  0x7c, 0x01, 0x00, 0x00, 0x10, 0x00, 0x00, 0x00, 0x7c, 0x01, 0x00, 0x00, 0x00, 0x00, 0x80, 0x3f,
  0x00, 0x80, 0x81, 0x43, 0x00, 0x00, 0xfa, 0x46, 0x00, 0x80, 0x81, 0x43, 0xcd, 0xcc, 0xcc, 0x3d,
  0x00, 0x00, 0x20, 0x41, 0x08, 0x00, 0x00, 0x00, 0x00, 0x00, 0x00, 0x00, 0x00, 0x00, 0x00, 0x00,
  0x00, 0x00, 0x00, 0x00, 0x00, 0x00, 0x00, 0x00, 0x00, 0x00, 0x00, 0x00, 0x00, 0x00, 0x00, 0x00,
  0x00, 0x00, 0x00, 0x00, 0x00, 0x00, 0x00, 0x00, 0x00, 0x00, 0x00, 0x00, 0x00, 0x00, 0x00, 0x00,
  0x00, 0x00, 0x00, 0x00, 0x00, 0x00, 0x00, 0x00, 0x44, 0x41, 0x54, 0x41, 0x80, 0x00, 0x00, 0x00,
  0x40, 0xca, 0xef, 0x06, 0x98, 0x00, 0x00, 0x00, 0x01, 0x00, 0x00, 0x00, 0xf0, 0xca, 0xef, 0x06,
  0x60, 0xc9, 0xef, 0x06, 0x09, 0x00, 0x00, 0x00, 0x33, 0x33, 0x33, 0x3f, 0xc0, 0x0a, 0x94, 0x0b,
  0x00, 0x00, 0x00, 0x00, 0x00, 0x00, 0x00, 0x00, 0x00, 0x00, 0x00, 0x00, 0x00, 0x00, 0x00, 0x00,
  0x58, 0x14, 0xf0, 0x06, 0x00, 0x00, 0x00, 0x00, 0x1f, 0x00, 0x00, 0x00, 0x00, 0x00, 0x01, 0x00,
  0x00, 0x00, 0x00, 0x00, 0x0c, 0x00, 0x00, 0x00, 0x00, 0x00, 0x00, 0x00, 0x00, 0x00, 0x00, 0x00,
  0x02, 0x00, 0x00, 0x00, 0x00, 0x00, 0x00, 0x00, 0x00, 0x00, 0x00, 0x00, 0x00, 0x00, 0x00, 0x00,
  0xcd, 0xcc, 0xcc, 0x3d, 0x05, 0x00, 0x00, 0x00, 0x11, 0x00, 0x00, 0x00, 0x72, 0x01, 0x00, 0x00,
  0x74, 0x01, 0x00, 0x00, 0x05, 0x00, 0x00, 0x00, 0x11, 0x00, 0x00, 0x00, 0x02, 0x00, 0x00, 0x00,
  0x74, 0x01, 0x00, 0x00, 0x00, 0x00, 0x00, 0x00, 0x00, 0x00, 0x00, 0x00, 0x44, 0x41, 0x54, 0x41,
  0xb4, 0x00, 0x00, 0x00, 0xf0, 0xca, 0xef, 0x06, 0x97, 0x00, 0x00, 0x00, 0x01, 0x00, 0x00, 0x00,
  0xd8, 0xcb, 0xef, 0x06, 0x40, 0xca, 0xef, 0x06, 0x0d, 0x00, 0x00, 0x00, 0x33, 0x33, 0x33, 0x3f,
  0xc0, 0x0a, 0x94, 0x0b, 0x00, 0x00, 0x00, 0x00, 0x00, 0x00, 0x00, 0x00, 0x00, 0x00, 0x00, 0x00,
  0x00, 0x00, 0x00, 0x00, 0x00, 0x00, 0x00, 0x00, 0x00, 0x00, 0x00, 0x00, 0x00, 0x00, 0x80, 0x3f,
  0x00, 0x00, 0x7a, 0x44, 0x00, 0x00, 0x00, 0x00, 0x00, 0x00, 0x7a, 0x44, 0x00, 0x00, 0xa0, 0xc0,
  0x00, 0x00, 0x82, 0x42, 0x00, 0x00, 0x00, 0x00, 0x00, 0x00, 0xb6, 0x43, 0x6c, 0x01, 0x00, 0x00,
  0x7c, 0x01, 0x00, 0x00, 0x00, 0x00, 0x00, 0x00, 0x7c, 0x01, 0x00, 0x00, 0xc4, 0x00, 0x00, 0x00,
  0x6c, 0x01, 0x00, 0x00, 0x00, 0x00, 0x00, 0x00, 0x10, 0x00, 0x00, 0x00, 0xc4, 0x00, 0x00, 0x00,
  0x6c, 0x01, 0x00, 0x00, 0x10, 0x00, 0x00, 0x00, 0x7c, 0x01, 0x00, 0x00, 0x00, 0x00, 0x00, 0x00,
  0x00, 0x00, 0x00, 0x00, 0x00, 0x00, 0x7a, 0x44, 0x00, 0x00, 0x7a, 0x44, 0xcd, 0xcc, 0xcc, 0x3d,
  0x00, 0x00, 0x48, 0x42, 0x0a, 0x00, 0x00, 0x00, 0x00, 0x00, 0x00, 0x02, 0x00, 0x00, 0x00, 0x00,
  0x00, 0x00, 0x00, 0x00, 0x00, 0x00, 0x00, 0x00, 0x00, 0x00, 0x00, 0x00, 0x00, 0x00, 0x00, 0x00,
  0x00, 0x00, 0x00, 0x00, 0x44, 0x41, 0x54, 0x41, 0xc0, 0x00, 0x00, 0x00, 0xd8, 0xcb, 0xef, 0x06,
  0xf4, 0x00, 0x00, 0x00, 0x01, 0x00, 0x00, 0x00, 0xe0, 0x0c, 0xfb, 0x02, 0xf0, 0xca, 0xef, 0x06,
  0x0c, 0x00, 0x00, 0x00, 0x33, 0x33, 0x33, 0x3f, 0xc0, 0x0a, 0x94, 0x0b, 0x00, 0x00, 0x00, 0x00,
  0x00, 0x00, 0x00, 0x00, 0x00, 0x00, 0x00, 0x00, 0x00, 0x00, 0x00, 0x00, 0x00, 0x00, 0x00, 0xbf,
  0x00, 0x00, 0x02, 0x42, 0x00, 0x00, 0x7a, 0xc4, 0x00, 0x00, 0x00, 0x00, 0x00, 0x00, 0x00, 0xbf,
  0x00, 0x00, 0x02, 0x42, 0x00, 0x00, 0x96, 0xc2, 0x00, 0x00, 0xa0, 0x40, 0x6c, 0x01, 0x00, 0x00,
  0x7c, 0x01, 0x00, 0x00, 0x00, 0x00, 0x00, 0x00, 0x0e, 0x02, 0x00, 0x00, 0x80, 0x00, 0x00, 0x00,
  0x6c, 0x01, 0x00, 0x00, 0x00, 0x00, 0x00, 0x00, 0x10, 0x00, 0x00, 0x00, 0x80, 0x00, 0x00, 0x00,
  0x6c, 0x01, 0x00, 0x00, 0x10, 0x00, 0x00, 0x00, 0x0e, 0x02, 0x00, 0x00, 0x00, 0x00, 0x00, 0x00,
  0x00, 0x00, 0x00, 0x00, 0x00, 0x00, 0xfa, 0x46, 0x00, 0x00, 0x7a, 0x44, 0x0a, 0xd7, 0x23, 0x3c,
  0x00, 0x00, 0x48, 0x42, 0x0a, 0x00, 0x00, 0x00, 0x00, 0x00, 0x00, 0x02, 0x00, 0x00, 0x00, 0x00,
  0x00, 0x00, 0x00, 0x00, 0x00, 0x00, 0x00, 0x00, 0x00, 0x00, 0x00, 0x00, 0x00, 0x00, 0x00, 0x00,
  0x00, 0x00, 0x00, 0x00, 0x00, 0x00, 0x00, 0x00, 0x00, 0x00, 0x00, 0x00, 0x01, 0x00, 0x00, 0x00,
  0x00, 0x00, 0x00, 0x00, 0x00, 0x00, 0x00, 0x00, 0x44, 0x41, 0x54, 0x41, 0x1c, 0x03, 0x00, 0x00,
  0xe0, 0x0c, 0xfb, 0x02, 0x8d, 0x00, 0x00, 0x00, 0x01, 0x00, 0x00, 0x00, 0x30, 0xe9, 0xfa, 0x02,
  0xd8, 0xcb, 0xef, 0x06, 0x01, 0x00, 0x00, 0x00, 0x33, 0x33, 0x33, 0x3f, 0xc0, 0x0a, 0x94, 0x0b,
  0x00, 0x00, 0x00, 0x00, 0x00, 0x00, 0x00, 0x00, 0x00, 0x00, 0x00, 0x00, 0x00, 0x00, 0x00, 0x00,
  0x00, 0x00, 0x80, 0x3f, 0x00, 0x00, 0x00, 0x00, 0x00, 0x00, 0x00, 0x00, 0x00, 0x00, 0x00, 0x00,
  0x00, 0x00, 0x00, 0x00, 0x00, 0x00, 0x80, 0x3f, 0x00, 0x00, 0x00, 0x00, 0x00, 0x00, 0x00, 0x00,
  0x00, 0x00, 0x00, 0x00, 0x00, 0x00, 0x00, 0x00, 0x00, 0x00, 0x80, 0x3f, 0x00, 0x00, 0x00, 0x00,
  0x00, 0x00, 0x00, 0x00, 0x00, 0x00, 0x00, 0x00, 0x00, 0x00, 0x20, 0xc1, 0x00, 0x00, 0x80, 0x3f,
  0x00, 0x00, 0x80, 0x3f, 0x00, 0x00, 0x00, 0x00, 0x00, 0x00, 0x00, 0x00, 0x00, 0x00, 0x00, 0x00,
  0x00, 0x00, 0x00, 0x00, 0x00, 0x00, 0x80, 0x3f, 0x00, 0x00, 0x00, 0x00, 0x00, 0x00, 0x00, 0x00,
  0x00, 0x00, 0x00, 0x00, 0x00, 0x00, 0x00, 0x00, 0x00, 0x00, 0x80, 0x3f, 0x00, 0x00, 0x00, 0x00,
  0x00, 0x00, 0x00, 0x00, 0x00, 0x00, 0x00, 0x00, 0x00, 0x00, 0x20, 0x41, 0x00, 0x00, 0x80, 0x3f,
  0x01, 0xb8, 0x9d, 0x3f, 0x00, 0x00, 0x00, 0x00, 0x00, 0x00, 0x00, 0x00, 0x00, 0x00, 0x00, 0x00,
  0x00, 0x00, 0x00, 0x00, 0x00, 0x00, 0x8c, 0x3f, 0x00, 0x00, 0x00, 0x00, 0x00, 0x00, 0x00, 0x00,
  0x00, 0x00, 0x00, 0x00, 0x00, 0x00, 0x00, 0x00, 0x50, 0x01, 0x80, 0xbf, 0x00, 0x00, 0x80, 0xbf,
  0x00, 0x00, 0x00, 0x00, 0x00, 0x00, 0x00, 0x00, 0xb8, 0xaf, 0x1f, 0x41, 0x00, 0x00, 0x20, 0x41,
  0x21, 0xc3, 0x4f, 0x3f, 0x00, 0x00, 0x00, 0x00, 0x00, 0x00, 0x00, 0x00, 0x00, 0x00, 0x00, 0x00,
  0x00, 0x00, 0x00, 0x00, 0xa1, 0x0e, 0x6a, 0x3f, 0x00, 0x00, 0x00, 0x00, 0x00, 0x00, 0x00, 0x00,
  0x00, 0x00, 0x00, 0x00, 0x00, 0x00, 0x00, 0x00, 0x1d, 0xfe, 0xf9, 0xc3, 0x7d, 0xfe, 0x47, 0xc2,
  0x00, 0x00, 0x00, 0x00, 0x00, 0x00, 0x00, 0x00, 0xad, 0x80, 0xf9, 0x43, 0x8a, 0x00, 0x48, 0x42,
  0x00, 0x00, 0x00, 0x00, 0x00, 0x00, 0x00, 0x00, 0x00, 0x00, 0x00, 0x00, 0x00, 0x00, 0x00, 0x00,
  0x00, 0x00, 0x00, 0x00, 0x00, 0x00, 0x00, 0x00, 0x00, 0x00, 0x00, 0x00, 0x00, 0x00, 0x00, 0x00,
  0x00, 0x00, 0x00, 0x00, 0x00, 0x00, 0x00, 0x00, 0x00, 0x00, 0x00, 0x00, 0x00, 0x00, 0x00, 0x00,
  0x00, 0x00, 0x00, 0x00, 0x00, 0x00, 0x00, 0x00, 0x00, 0x00, 0x00, 0x00, 0x00, 0x00, 0x00, 0x00,
  0x00, 0x00, 0x00, 0x00, 0x00, 0x00, 0x00, 0x00, 0x00, 0x00, 0x00, 0x00, 0x00, 0x00, 0x00, 0x00,
  0x00, 0x00, 0x00, 0x00, 0x00, 0x00, 0x00, 0x00, 0x00, 0x00, 0x00, 0x00, 0x00, 0x00, 0x00, 0x00,
  0x00, 0x00, 0x00, 0x00, 0x00, 0x00, 0x00, 0x00, 0x00, 0x00, 0x00, 0x00, 0x00, 0x00, 0x00, 0x00,
  0x00, 0x00, 0x00, 0x00, 0x00, 0x00, 0x00, 0x00, 0x00, 0x00, 0x00, 0x00, 0x00, 0x00, 0x00, 0x00,
  0x00, 0x00, 0x80, 0x3f, 0x00, 0x00, 0x00, 0x00, 0x00, 0x00, 0x00, 0x00, 0x00, 0x00, 0x00, 0x00,
  0x00, 0x00, 0x20, 0x41, 0x00, 0x00, 0x00, 0x00, 0x00, 0x00, 0x00, 0x00, 0x01, 0x00, 0x07, 0x00,
  0x28, 0x45, 0x01, 0x03, 0x00, 0x00, 0x00, 0x00, 0x00, 0x00, 0x00, 0x00, 0x00, 0x00, 0x00, 0x00,
  0x00, 0x00, 0x00, 0x00, 0x00, 0x00, 0x00, 0x00, 0x00, 0x00, 0x00, 0x00, 0x00, 0x00, 0x00, 0x00,
  0x00, 0x00, 0x00, 0x00, 0x00, 0x00, 0x00, 0x00, 0x00, 0x00, 0x00, 0x00, 0x00, 0x00, 0x00, 0x00,
  0x00, 0x00, 0x00, 0x00, 0x00, 0x00, 0x00, 0x00, 0x00, 0x00, 0x00, 0x00, 0x02, 0x00, 0x00, 0x00,
  0x01, 0x00, 0x00, 0x00, 0x01, 0x00, 0x00, 0x00, 0x01, 0x00, 0x03, 0x00, 0x00, 0x00, 0x00, 0x00,
  0x00, 0x00, 0x0c, 0x42, 0x00, 0x00, 0x80, 0x3f, 0x00, 0x00, 0x00, 0x00, 0x00, 0x00, 0x00, 0x00,
  0x0a, 0xd7, 0x23, 0x3c, 0x00, 0x00, 0xfa, 0x43, 0x00, 0x00, 0x00, 0x00, 0x00, 0x00, 0x00, 0x00,
  0x00, 0x00, 0x00, 0x00, 0x00, 0x00, 0x00, 0x00, 0x00, 0x00, 0x00, 0x00, 0x00, 0x00, 0x00, 0x00,
  0x00, 0x00, 0x00, 0x00, 0x00, 0x00, 0x00, 0x00, 0x14, 0x00, 0x00, 0x00, 0x07, 0x00, 0x00, 0x00,
  0x00, 0x00, 0x00, 0x00, 0x01, 0x00, 0x00, 0x00, 0x00, 0x00, 0x00, 0x00, 0x00, 0x00, 0x00, 0x00,
  0x00, 0x00, 0x00, 0x00, 0x00, 0x00, 0x00, 0x00, 0x00, 0x00, 0x00, 0x00, 0x00, 0x00, 0x00, 0x00,
  0x00, 0x00, 0x00, 0x00, 0x00, 0x00, 0x00, 0x00, 0x00, 0x00, 0x00, 0x00, 0x00, 0x00, 0x00, 0x00,
  0x00, 0x00, 0x00, 0x00, 0x00, 0x00, 0x00, 0x00, 0x00, 0x00, 0x00, 0x00, 0x00, 0x00, 0x00, 0x00,
  0x00, 0x00, 0x00, 0x00, 0x00, 0x00, 0x00, 0x00, 0x00, 0x00, 0x00, 0x00, 0x00, 0x00, 0x00, 0x00,
  0x00, 0x00, 0x00, 0x00, 0x00, 0x00, 0x00, 0x00, 0x00, 0x00, 0x00, 0x00, 0x00, 0x00, 0x00, 0x00,
  0x00, 0x00, 0x00, 0x00, 0x00, 0x00, 0x00, 0x00, 0x00, 0x00, 0x00, 0x00, 0x00, 0x00, 0x00, 0x00,
  0x00, 0x00, 0x00, 0x00, 0x00, 0x00, 0x00, 0x00, 0x00, 0x00, 0x00, 0x00, 0x00, 0x00, 0x00, 0x00,
  0x00, 0x00, 0x00, 0x00, 0x00, 0x00, 0x00, 0x00, 0x00, 0x00, 0x00, 0x00, 0x00, 0x00, 0x00, 0x00,
  0x00, 0x00, 0x00, 0x00, 0x00, 0x00, 0x00, 0x00, 0x00, 0x00, 0x00, 0x00, 0x00, 0x00, 0x00, 0x18,
  0x00, 0x00, 0x0a, 0x00, 0x00, 0x00, 0x00, 0x00, 0x00, 0x00, 0x00, 0x00, 0x00, 0x00, 0x00, 0x00,
  0x00, 0x00, 0x00, 0x00, 0x00, 0x00, 0x00, 0x00, 0x00, 0x00, 0x00, 0x00, 0x00, 0x00, 0x00, 0x00,
  0x00, 0x00, 0x00, 0x00, 0x00, 0x00, 0x00, 0x00, 0x44, 0x41, 0x54, 0x41, 0xc8, 0x01, 0x00, 0x00,
  0x30, 0xe9, 0xfa, 0x02, 0x94, 0x00, 0x00, 0x00, 0x01, 0x00, 0x00, 0x00, 0x00, 0x00, 0x00, 0x00,
  0xe0, 0x0c, 0xfb, 0x02, 0x05, 0x00, 0x00, 0x00, 0x33, 0x33, 0x33, 0x3f, 0xc0, 0x0a, 0x94, 0x0b,
  0x00, 0x00, 0x00, 0x00, 0x00, 0x00, 0x00, 0x00, 0x00, 0x00, 0x00, 0x00, 0x00, 0x00, 0x00, 0x00,
  0x00, 0x00, 0x00, 0x00, 0x14, 0x00, 0x00, 0x00, 0x00, 0x00, 0x00, 0x00, 0x00, 0x00, 0x00, 0x00,
  0x00, 0x00, 0x00, 0x00, 0x00, 0x00, 0x00, 0x00, 0x00, 0x00, 0x00, 0x00, 0x00, 0x00, 0x00, 0x00,
  0x2f, 0x00, 0x00, 0x00, 0x00, 0x00, 0x00, 0x00, 0x00, 0x00, 0x00, 0x00, 0x00, 0x00, 0x00, 0x00,
  0x00, 0x00, 0x00, 0x00, 0x00, 0x00, 0x00, 0x00, 0x00, 0x00, 0x00, 0x00, 0x00, 0x00, 0x00, 0x00,
  0x00, 0x00, 0x00, 0x00, 0x00, 0x00, 0x00, 0x00, 0x00, 0x00, 0x00, 0x00, 0x00, 0x00, 0x00, 0x00,
  0x00, 0x00, 0x00, 0x00, 0x00, 0x00, 0x00, 0x00, 0x00, 0x00, 0x00, 0x00, 0x00, 0x00, 0x00, 0x00,
  0x00, 0x00, 0x00, 0x00, 0x00, 0x00, 0x00, 0x00, 0x00, 0x00, 0x00, 0x00, 0x00, 0x00, 0x00, 0x00,
  0x00, 0x00, 0x00, 0x00, 0x00, 0x00, 0x00, 0x00, 0x00, 0x00, 0x00, 0x00, 0x00, 0x00, 0x00, 0x00,
  0x00, 0x00, 0x00, 0x00, 0x00, 0x00, 0x00, 0x00, 0x00, 0x00, 0x00, 0x00, 0x00, 0x00, 0x00, 0x00,
  0x00, 0x00, 0x00, 0x00, 0x00, 0x00, 0x00, 0x00, 0x00, 0x00, 0x00, 0x00, 0x00, 0x00, 0x00, 0x00,
  0x00, 0x00, 0x00, 0x00, 0x00, 0x00, 0x00, 0x00, 0x00, 0x00, 0x00, 0x00, 0x00, 0x00, 0x00, 0x00,
  0x00, 0x00, 0x00, 0x00, 0x00, 0x00, 0x00, 0x00, 0x00, 0x00, 0x00, 0x00, 0x00, 0x00, 0x00, 0x00,
  0x00, 0x00, 0x00, 0x00, 0x00, 0x00, 0x00, 0x00, 0x00, 0x00, 0x00, 0x00, 0x00, 0x00, 0x00, 0x00,
  0x00, 0x00, 0x00, 0x00, 0x00, 0x00, 0x00, 0x00, 0x00, 0x00, 0x00, 0x00, 0x00, 0x00, 0x00, 0x00,
  0x00, 0x00, 0x00, 0x00, 0x00, 0x00, 0x00, 0x00, 0x00, 0x00, 0x00, 0x00, 0x00, 0x00, 0x00, 0x00,
  0x00, 0x00, 0x00, 0x00, 0x00, 0x00, 0x00, 0x00, 0x00, 0x00, 0x00, 0x00, 0x00, 0x00, 0x00, 0x00,
  0x00, 0x00, 0x00, 0x00, 0x00, 0x00, 0x00, 0x00, 0x00, 0x00, 0x00, 0x00, 0x00, 0x00, 0x00, 0x00,
  0x00, 0x00, 0x00, 0x00, 0x00, 0x00, 0x00, 0x00, 0x00, 0x00, 0x00, 0x00, 0x00, 0x00, 0x00, 0x00,
  0x00, 0x00, 0x00, 0x00, 0x00, 0x00, 0x00, 0x00, 0x00, 0x00, 0x00, 0x00, 0x00, 0x00, 0x00, 0x00,
  0x00, 0x00, 0x00, 0x00, 0x00, 0x00, 0x00, 0x00, 0x00, 0x00, 0x00, 0x00, 0x00, 0x00, 0x00, 0x00,
  0x00, 0x00, 0x00, 0x00, 0x00, 0x00, 0x00, 0x00, 0x00, 0x00, 0x00, 0x00, 0x00, 0x00, 0x00, 0x00,
  0x00, 0x00, 0x00, 0x00, 0x00, 0x00, 0x00, 0x00, 0x00, 0x00, 0x00, 0x00, 0x00, 0x00, 0x00, 0x00,
  0x08, 0x00, 0x00, 0x00, 0x00, 0x00, 0x00, 0x00, 0x39, 0x00, 0x01, 0x00, 0x00, 0x00, 0x00, 0x00,
  0x00, 0x00, 0x00, 0x00, 0x00, 0x00, 0x00, 0x00, 0x00, 0x00, 0x00, 0x00, 0x00, 0x00, 0x00, 0x00,
  0x00, 0x00, 0x00, 0x00, 0xff, 0xff, 0x00, 0x00, 0x00, 0x00, 0x00, 0x00, 0x00, 0x00, 0x00, 0x00,
  0x00, 0x00, 0x00, 0x00, 0x00, 0x00, 0x00, 0x00, 0x00, 0x00, 0x00, 0x00, 0x00, 0x00, 0x00, 0x00,
  0x00, 0x00, 0x00, 0x00, 0x44, 0x41, 0x54, 0x41, 0xcc, 0x00, 0x00, 0x00, 0x40, 0x66, 0xfa, 0x02,
  0xa8, 0x00, 0x00, 0x00, 0x01, 0x00, 0x00, 0x00, 0x40, 0x67, 0xfa, 0x02, 0x40, 0x65, 0xfa, 0x02,
  0xb8, 0xda, 0xe9, 0x06, 0x28, 0xda, 0xe9, 0x06, 0x30, 0xd8, 0xe9, 0x06, 0xe0, 0xd9, 0xe9, 0x06,
  0x00, 0x00, 0x00, 0x00, 0x00, 0x00, 0x00, 0x00, 0x00, 0x00, 0x00, 0x00, 0x00, 0x00, 0x00, 0x00,
  0x00, 0x00, 0x00, 0x00, 0x00, 0x00, 0x00, 0x00, 0x00, 0x00, 0x00, 0x00, 0x00, 0x00, 0x00, 0x00,
  0x00, 0x00, 0x00, 0x00, 0x00, 0x00, 0x00, 0x00, 0x00, 0x00, 0x00, 0x00, 0x00, 0x00, 0x00, 0x00,
  0x00, 0x00, 0x00, 0x00, 0x00, 0x00, 0x00, 0x00, 0x00, 0x00, 0x00, 0x00, 0x00, 0x00, 0x00, 0x00,
  0x00, 0x00, 0x00, 0x00, 0xcd, 0x00, 0x00, 0x00, 0xe8, 0x03, 0x00, 0x00, 0xbd, 0x00, 0x00, 0x00,
  0xf7, 0x00, 0x00, 0x00, 0xcd, 0x00, 0x00, 0x00, 0xe8, 0x03, 0x00, 0x00, 0xbd, 0x00, 0x00, 0x00,
  0xd7, 0x00, 0x00, 0x00, 0xcd, 0x00, 0x00, 0x00, 0xe8, 0x03, 0x00, 0x00, 0xd8, 0x00, 0x00, 0x00,
  0xf7, 0x00, 0x00, 0x00, 0x00, 0x00, 0x00, 0x00, 0x01, 0x00, 0x0f, 0x0f, 0x1c, 0x03, 0x20, 0x00,
  0x03, 0x00, 0x03, 0x00, 0xc0, 0x02, 0x00, 0x00, 0x07, 0x00, 0x00, 0x00, 0x00, 0x00, 0x00, 0x00,
  0x00, 0x00, 0x00, 0x00, 0x00, 0x00, 0x00, 0x00, 0x00, 0x00, 0x00, 0x00, 0xc8, 0xcc, 0xef, 0x06,
  0x28, 0xeb, 0xfa, 0x02, 0x00, 0x00, 0x00, 0x00, 0x00, 0x00, 0x00, 0x00, 0x10, 0xb5, 0xef, 0x06,
  0x28, 0xb6, 0xef, 0x06, 0x44, 0x41, 0x54, 0x41, 0xe4, 0x00, 0x00, 0x00, 0x10, 0xb5, 0xef, 0x06,
  0xa7, 0x00, 0x00, 0x00, 0x01, 0x00, 0x00, 0x00, 0x28, 0xb6, 0xef, 0x06, 0x00, 0x00, 0x00, 0x00,
  0x4c, 0x69, 0x6e, 0x6b, 0x20, 0x61, 0x6e, 0x64, 0x20, 0x4d, 0x61, 0x74, 0x65, 0x72, 0x69, 0x61,
  0x6c, 0x73, 0x00, 0x00, 0x00, 0x00, 0x00, 0x00, 0x00, 0x00, 0x00, 0x00, 0x00, 0x00, 0x00, 0x00,
  0x00, 0x00, 0x00, 0x00, 0x00, 0x00, 0x00, 0x00, 0x00, 0x00, 0x00, 0x00, 0x00, 0x00, 0x00, 0x00,
  0x00, 0x00, 0x00, 0x00, 0x00, 0x00, 0x00, 0x00, 0x00, 0x00, 0x00, 0x00, 0x00, 0x00, 0x00, 0x00,
  0x45, 0x64, 0x69, 0x74, 0x69, 0x6e, 0x67, 0x00, 0x00, 0x00, 0x00, 0x00, 0x00, 0x00, 0x00, 0x00,
  0x00, 0x00, 0x00, 0x00, 0x00, 0x00, 0x00, 0x00, 0x00, 0x00, 0x00, 0x00, 0x00, 0x00, 0x00, 0x00,
  0x00, 0x00, 0x00, 0x00, 0x00, 0x00, 0x00, 0x00, 0x00, 0x00, 0x00, 0x00, 0x00, 0x00, 0x00, 0x00,
  0x00, 0x00, 0x00, 0x00, 0x00, 0x00, 0x00, 0x00, 0x00, 0x00, 0x00, 0x00, 0x00, 0x00, 0x00, 0x00,
  0x00, 0x00, 0x00, 0x00, 0x00, 0x00, 0x00, 0x00, 0x00, 0x00, 0x00, 0x00, 0x00, 0x00, 0x00, 0x00,
  0x00, 0x00, 0x00, 0x00, 0x00, 0x00, 0x00, 0x00, 0x00, 0x00, 0x00, 0x00, 0x00, 0x00, 0x00, 0x00,
  0x00, 0x00, 0x00, 0x00, 0x00, 0x00, 0x00, 0x00, 0x00, 0x00, 0x00, 0x00, 0x00, 0x00, 0x00, 0x00,
  0x00, 0x00, 0x00, 0x00, 0x00, 0x00, 0x00, 0x00, 0x00, 0x00, 0x00, 0x00, 0x00, 0x00, 0x00, 0x00,
  0x00, 0x00, 0x00, 0x00, 0x3e, 0x01, 0xcc, 0x00, 0x00, 0x00, 0x00, 0x00, 0x01, 0x00, 0x00, 0x00,
  0x00, 0x00, 0x00, 0x00, 0x00, 0x00, 0x00, 0x00, 0x00, 0x00, 0x00, 0x00, 0x44, 0x41, 0x54, 0x41,
  0xe4, 0x00, 0x00, 0x00, 0x28, 0xb6, 0xef, 0x06, 0xa7, 0x00, 0x00, 0x00, 0x01, 0x00, 0x00, 0x00,
  0x00, 0x00, 0x00, 0x00, 0x10, 0xb5, 0xef, 0x06, 0x4d, 0x65, 0x73, 0x68, 0x00, 0x00, 0x00, 0x00,
  0x00, 0x00, 0x00, 0x00, 0x00, 0x00, 0x00, 0x00, 0x00, 0x00, 0x00, 0x00, 0x00, 0x00, 0x00, 0x00,
  0x00, 0x00, 0x00, 0x00, 0x00, 0x00, 0x00, 0x00, 0x00, 0x00, 0x00, 0x00, 0x00, 0x00, 0x00, 0x00,
  0x00, 0x00, 0x00, 0x00, 0x00, 0x00, 0x00, 0x00, 0x00, 0x00, 0x00, 0x00, 0x00, 0x00, 0x00, 0x00,
  0x00, 0x00, 0x00, 0x00, 0x00, 0x00, 0x00, 0x00, 0x45, 0x64, 0x69, 0x74, 0x69, 0x6e, 0x67, 0x00,
  0x00, 0x00, 0x00, 0x00, 0x00, 0x00, 0x00, 0x00, 0x00, 0x00, 0x00, 0x00, 0x00, 0x00, 0x00, 0x00,
  0x00, 0x00, 0x00, 0x00, 0x00, 0x00, 0x00, 0x00, 0x00, 0x00, 0x00, 0x00, 0x00, 0x00, 0x00, 0x00,
  0x00, 0x00, 0x00, 0x00, 0x00, 0x00, 0x00, 0x00, 0x00, 0x00, 0x00, 0x00, 0x00, 0x00, 0x00, 0x00,
  0x00, 0x00, 0x00, 0x00, 0x00, 0x00, 0x00, 0x00, 0x00, 0x00, 0x00, 0x00, 0x00, 0x00, 0x00, 0x00,
  0x00, 0x00, 0x00, 0x00, 0x00, 0x00, 0x00, 0x00, 0x00, 0x00, 0x00, 0x00, 0x00, 0x00, 0x00, 0x00,
  0x00, 0x00, 0x00, 0x00, 0x00, 0x00, 0x00, 0x00, 0x00, 0x00, 0x00, 0x00, 0x00, 0x00, 0x00, 0x00,
  0x00, 0x00, 0x00, 0x00, 0x00, 0x00, 0x00, 0x00, 0x00, 0x00, 0x00, 0x00, 0x00, 0x00, 0x00, 0x00,
  0x00, 0x00, 0x00, 0x00, 0x00, 0x00, 0x00, 0x00, 0x46, 0x01, 0x00, 0x00, 0x3e, 0x01, 0xcc, 0x00,
  0x00, 0x00, 0x00, 0x00, 0x01, 0x00, 0x00, 0x00, 0x00, 0x00, 0x00, 0x00, 0x00, 0x00, 0x00, 0x00,
  0x00, 0x00, 0x00, 0x00, 0x44, 0x41, 0x54, 0x41, 0xa4, 0x00, 0x00, 0x00, 0xc8, 0xcc, 0xef, 0x06,
  0x9b, 0x00, 0x00, 0x00, 0x01, 0x00, 0x00, 0x00, 0xa0, 0xcd, 0xef, 0x06, 0x00, 0x00, 0x00, 0x00,
  0x0f, 0x00, 0x00, 0x00, 0x33, 0x33, 0x33, 0x3f, 0xc0, 0x4a, 0x95, 0x09, 0x00, 0x00, 0x80, 0xc0,
  0x00, 0x00, 0x7a, 0x43, 0x00, 0x00, 0x00, 0x00, 0x00, 0x00, 0x10, 0x42, 0x7b, 0x0a, 0x04, 0xc2,
  0xb5, 0xba, 0x98, 0x43, 0x00, 0x00, 0x00, 0x00, 0x00, 0x00, 0x10, 0x42, 0x00, 0x00, 0x00, 0x00,
  0x00, 0x00, 0x00, 0x00, 0x00, 0x00, 0x00, 0x00, 0x00, 0x00, 0x00, 0x00, 0x00, 0x00, 0x00, 0x00,
  0x00, 0x00, 0x00, 0x00, 0x00, 0x00, 0x00, 0x00, 0x00, 0x00, 0x00, 0x00, 0x00, 0x00, 0x00, 0x00,
  0x1c, 0x03, 0x00, 0x00, 0x00, 0x00, 0x00, 0x00, 0x20, 0x00, 0x00, 0x00, 0x00, 0x00, 0x80, 0x3f,
  0x00, 0x00, 0x10, 0x42, 0x00, 0x00, 0xfa, 0x46, 0x00, 0x00, 0x10, 0x42, 0xcd, 0xcc, 0xcc, 0x3d,
  0x00, 0x00, 0x20, 0x41, 0x00, 0x00, 0x00, 0x00, 0x00, 0x00, 0x00, 0x00, 0x00, 0x00, 0x00, 0x00,
  0x00, 0x00, 0x00, 0x00, 0x00, 0x00, 0x00, 0x00, 0x00, 0x00, 0x00, 0x00, 0x00, 0x00, 0x00, 0x00,
  0x00, 0x00, 0x00, 0x00, 0x00, 0x00, 0x00, 0x00, 0x06, 0x00, 0x00, 0x00, 0x44, 0x41, 0x54, 0x41,
  0xb0, 0x00, 0x00, 0x00, 0xa0, 0xcd, 0xef, 0x06, 0xea, 0x00, 0x00, 0x00, 0x01, 0x00, 0x00, 0x00,
  0x40, 0xb7, 0xef, 0x06, 0xc8, 0xcc, 0xef, 0x06, 0x0b, 0x00, 0x00, 0x00, 0x33, 0x33, 0x33, 0x3f,
  0xc0, 0x4a, 0x95, 0x09, 0x00, 0x00, 0x80, 0xc0, 0x00, 0x00, 0x7a, 0x43, 0x00, 0x00, 0x80, 0xc0,
  0x00, 0x00, 0x7f, 0x43, 0x00, 0x00, 0x80, 0xc0, 0x00, 0x00, 0x48, 0x42, 0x00, 0x00, 0x80, 0xc0,
  0x00, 0x00, 0x7f, 0x43, 0x00, 0x00, 0x00, 0x00, 0x00, 0x00, 0x00, 0x00, 0x00, 0x00, 0x00, 0x00,
  0x00, 0x00, 0x00, 0x00, 0x00, 0x00, 0x00, 0x00, 0xe9, 0x03, 0x00, 0x00, 0x00, 0x00, 0x00, 0x00,
  0x10, 0x00, 0x00, 0x00, 0x00, 0x00, 0x00, 0x00, 0xe9, 0x03, 0x00, 0x00, 0x10, 0x00, 0x00, 0x00,
  0x24, 0x00, 0x00, 0x00, 0x00, 0x00, 0x80, 0x3f, 0x00, 0x80, 0x81, 0x43, 0x00, 0x00, 0xfa, 0x46,
  0x00, 0x80, 0x81, 0x43, 0xcd, 0xcc, 0xcc, 0x3d, 0x00, 0x00, 0x20, 0x41, 0x08, 0x00, 0x00, 0x00,
  0x00, 0x00, 0x00, 0x00, 0x00, 0x00, 0x00, 0x00, 0x00, 0x00, 0x00, 0x00, 0x00, 0x00, 0x00, 0x00,
  0x00, 0x00, 0x00, 0x00, 0x00, 0x00, 0x00, 0x00, 0x00, 0x00, 0x00, 0x00, 0x00, 0x00, 0x00, 0x00,
  0x00, 0x00, 0x00, 0x00, 0x00, 0x00, 0x00, 0x00, 0x00, 0x00, 0x00, 0x00, 0x00, 0x00, 0x00, 0x00,
  0x44, 0x41, 0x54, 0x41, 0xdc, 0x00, 0x00, 0x00, 0x40, 0xb7, 0xef, 0x06, 0x92, 0x00, 0x00, 0x00,
  0x01, 0x00, 0x00, 0x00, 0x28, 0xeb, 0xfa, 0x02, 0xa0, 0xcd, 0xef, 0x06, 0x04, 0x00, 0x00, 0x00,
  0x33, 0x33, 0x33, 0x3f, 0xc0, 0x4a, 0x95, 0x09, 0x00, 0x00, 0x00, 0x00, 0x00, 0x00, 0x00, 0x00,
  0x00, 0x00, 0x00, 0x00, 0x00, 0x00, 0x00, 0x00, 0x00, 0x00, 0x00, 0x00, 0x00, 0x00, 0x00, 0x00,
  0x01, 0x00, 0x00, 0x00, 0x00, 0x00, 0x00, 0xc1, 0x00, 0x00, 0x23, 0x44, 0x00, 0x00, 0x00, 0xc1,
  0x00, 0x00, 0x68, 0x43, 0x87, 0x16, 0x00, 0xc1, 0xb2, 0x10, 0x60, 0x44, 0x70, 0x4a, 0x67, 0x43,
  0x00, 0x00, 0x68, 0x43, 0x00, 0x00, 0x00, 0x00, 0x00, 0x00, 0x00, 0x00, 0x00, 0x00, 0x00, 0x00,
  0x00, 0x00, 0x00, 0x00, 0x00, 0x00, 0x00, 0x00, 0x00, 0x00, 0x00, 0x00, 0x00, 0x00, 0x00, 0x00,
  0x00, 0x00, 0x00, 0x00, 0x00, 0x00, 0x00, 0x00, 0x00, 0x00, 0x00, 0x00, 0x00, 0x00, 0x00, 0x00,
  0x00, 0x00, 0x00, 0x00, 0x00, 0x00, 0x80, 0x43, 0x00, 0x00, 0x28, 0x42, 0x00, 0x00, 0xc8, 0x44,
  0x00, 0x00, 0xe1, 0x43, 0x00, 0x00, 0x00, 0x3f, 0xe1, 0x7a, 0xb4, 0x3f, 0x00, 0x00, 0x01, 0x00,
  0x01, 0x00, 0x01, 0x00, 0xfb, 0x04, 0x01, 0x00, 0x00, 0x00, 0x00, 0x00, 0x00, 0x00, 0x00, 0x00,
  0x00, 0x00, 0x00, 0x00, 0x00, 0x00, 0x00, 0x00, 0x00, 0x00, 0x00, 0x00, 0x04, 0x00, 0x01, 0x00,
  0x00, 0x00, 0x04, 0x00, 0x00, 0x00, 0x00, 0x00, 0x00, 0x00, 0x00, 0x00, 0x00, 0x00, 0x00, 0x00,
  0x96, 0x01, 0x01, 0x00, 0x00, 0x00, 0x00, 0x00, 0x00, 0x00, 0x00, 0x00, 0x00, 0x00, 0x00, 0x00,
  0x44, 0x41, 0x54, 0x41, 0xc8, 0x01, 0x00, 0x00, 0x28, 0xeb, 0xfa, 0x02, 0x94, 0x00, 0x00, 0x00,
  0x01, 0x00, 0x00, 0x00, 0x00, 0x00, 0x00, 0x00, 0x40, 0xb7, 0xef, 0x06, 0x05, 0x00, 0x00, 0x00,
  0x33, 0x33, 0x33, 0x3f, 0xc0, 0x4a, 0x95, 0x09, 0x00, 0x00, 0x00, 0x00, 0x00, 0x00, 0x00, 0x00,
  0x00, 0x00, 0x00, 0x00, 0x00, 0x00, 0x00, 0x00, 0x00, 0x00, 0x00, 0x00, 0x14, 0x00, 0x00, 0x00,
  0x00, 0x00, 0x00, 0x00, 0x00, 0x00, 0x00, 0x00, 0x00, 0x00, 0x00, 0x00, 0x00, 0x00, 0x00, 0x00,
  0x00, 0x00, 0x00, 0x00, 0x00, 0x00, 0x00, 0x00, 0x2f, 0x00, 0x00, 0x00, 0x00, 0x00, 0x00, 0x00,
  0x00, 0x00, 0x00, 0x00, 0x00, 0x00, 0x00, 0x00, 0x00, 0x00, 0x00, 0x00, 0x00, 0x00, 0x00, 0x00,
  0x00, 0x00, 0x00, 0x00, 0x00, 0x00, 0x00, 0x00, 0x00, 0x00, 0x00, 0x00, 0x00, 0x00, 0x00, 0x00,
  0x00, 0x00, 0x00, 0x00, 0x00, 0x00, 0x00, 0x00, 0x00, 0x00, 0x00, 0x00, 0x00, 0x00, 0x00, 0x00,
  0x00, 0x00, 0x00, 0x00, 0x00, 0x00, 0x00, 0x00, 0x00, 0x00, 0x00, 0x00, 0x00, 0x00, 0x00, 0x00,
  0x00, 0x00, 0x00, 0x00, 0x00, 0x00, 0x00, 0x00, 0x00, 0x00, 0x00, 0x00, 0x00, 0x00, 0x00, 0x00,
  0x00, 0x00, 0x00, 0x00, 0x00, 0x00, 0x00, 0x00, 0x00, 0x00, 0x00, 0x00, 0x00, 0x00, 0x00, 0x00,
  0x00, 0x00, 0x00, 0x00, 0x00, 0x00, 0x00, 0x00, 0x00, 0x00, 0x00, 0x00, 0x00, 0x00, 0x00, 0x00,
  0x00, 0x00, 0x00, 0x00, 0x00, 0x00, 0x00, 0x00, 0x00, 0x00, 0x00, 0x00, 0x00, 0x00, 0x00, 0x00,
  0x00, 0x00, 0x00, 0x00, 0x00, 0x00, 0x00, 0x00, 0x00, 0x00, 0x00, 0x00, 0x00, 0x00, 0x00, 0x00,
  0x00, 0x00, 0x00, 0x00, 0x00, 0x00, 0x00, 0x00, 0x00, 0x00, 0x00, 0x00, 0x00, 0x00, 0x00, 0x00,
  0x00, 0x00, 0x00, 0x00, 0x00, 0x00, 0x00, 0x00, 0x00, 0x00, 0x00, 0x00, 0x00, 0x00, 0x00, 0x00,
  0x00, 0x00, 0x00, 0x00, 0x00, 0x00, 0x00, 0x00, 0x00, 0x00, 0x00, 0x00, 0x00, 0x00, 0x00, 0x00,
  0x00, 0x00, 0x00, 0x00, 0x00, 0x00, 0x00, 0x00, 0x00, 0x00, 0x00, 0x00, 0x00, 0x00, 0x00, 0x00,
  0x00, 0x00, 0x00, 0x00, 0x00, 0x00, 0x00, 0x00, 0x00, 0x00, 0x00, 0x00, 0x00, 0x00, 0x00, 0x00,
  0x00, 0x00, 0x00, 0x00, 0x00, 0x00, 0x00, 0x00, 0x00, 0x00, 0x00, 0x00, 0x00, 0x00, 0x00, 0x00,
  0x00, 0x00, 0x00, 0x00, 0x00, 0x00, 0x00, 0x00, 0x00, 0x00, 0x00, 0x00, 0x00, 0x00, 0x00, 0x00,
  0x00, 0x00, 0x00, 0x00, 0x00, 0x00, 0x00, 0x00, 0x00, 0x00, 0x00, 0x00, 0x00, 0x00, 0x00, 0x00,
  0x00, 0x00, 0x00, 0x00, 0x00, 0x00, 0x00, 0x00, 0x00, 0x00, 0x00, 0x00, 0x00, 0x00, 0x00, 0x00,
  0x00, 0x00, 0x00, 0x00, 0x00, 0x00, 0x00, 0x00, 0x00, 0x00, 0x00, 0x00, 0x00, 0x00, 0x00, 0x00,
  0x00, 0x00, 0x00, 0x00, 0x00, 0x00, 0x00, 0x00, 0x08, 0x00, 0x00, 0x00, 0x00, 0x00, 0x00, 0x00,
  0x39, 0x00, 0x02, 0x00, 0x00, 0x00, 0x00, 0x00, 0x00, 0x00, 0x00, 0x00, 0x00, 0x00, 0x00, 0x00,
  0x00, 0x00, 0x00, 0x00, 0x00, 0x00, 0x00, 0x00, 0x00, 0x00, 0x00, 0x00, 0xff, 0xff, 0x00, 0x00,
  0x00, 0x00, 0x00, 0x00, 0x00, 0x00, 0x00, 0x00, 0x00, 0x00, 0x00, 0x00, 0x00, 0x00, 0x00, 0x00,
  0x00, 0x00, 0x00, 0x00, 0x00, 0x00, 0x00, 0x00, 0x00, 0x00, 0x00, 0x00, 0x44, 0x41, 0x54, 0x41,
  0xcc, 0x00, 0x00, 0x00, 0x40, 0x67, 0xfa, 0x02, 0xa8, 0x00, 0x00, 0x00, 0x01, 0x00, 0x00, 0x00,
  0x00, 0x00, 0x00, 0x00, 0x40, 0x66, 0xfa, 0x02, 0x98, 0xd9, 0xe9, 0x06, 0x78, 0xd8, 0xe9, 0x06,
  0x70, 0xda, 0xe9, 0x06, 0xb8, 0xda, 0xe9, 0x06, 0x00, 0x00, 0x00, 0x00, 0x9f, 0x7d, 0x0b, 0x3f,
  0x00, 0x00, 0x00, 0x00, 0x00, 0x00, 0x00, 0x00, 0x00, 0x00, 0x00, 0x00, 0x00, 0x00, 0x00, 0x00,
  0xba, 0xfc, 0xbf, 0x3d, 0x00, 0x00, 0x00, 0x00, 0x00, 0x00, 0x00, 0x00, 0x00, 0x00, 0x00, 0x80,
  0x00, 0x00, 0x00, 0x80, 0x6f, 0x12, 0x03, 0xbb, 0x00, 0x00, 0x00, 0x80, 0x00, 0x00, 0x00, 0x00,
  0x00, 0x00, 0x00, 0x00, 0x00, 0x00, 0x00, 0x00, 0x00, 0x00, 0x80, 0x3f, 0x00, 0x00, 0x00, 0x00,
  0xcb, 0x00, 0x00, 0x00, 0xbd, 0x00, 0x00, 0x00, 0x05, 0x03, 0x00, 0x00, 0x00, 0x00, 0x00, 0x00,
  0xcb, 0x00, 0x00, 0x00, 0xbd, 0x00, 0x00, 0x00, 0xd7, 0x00, 0x00, 0x00, 0x00, 0x00, 0x00, 0x00,
  0xcb, 0x00, 0x00, 0x00, 0xd8, 0x00, 0x00, 0x00, 0x05, 0x03, 0x00, 0x00, 0x00, 0x00, 0x00, 0x00,
  0x01, 0x00, 0x03, 0x03, 0xcc, 0x00, 0x2e, 0x02, 0x03, 0x00, 0x03, 0x00, 0x91, 0x00, 0x00, 0x00,
  0x07, 0x00, 0x00, 0x00, 0x00, 0x00, 0x00, 0x00, 0x00, 0x00, 0x00, 0x00, 0x00, 0x00, 0x00, 0x00,
  0x00, 0x00, 0x00, 0x00, 0xd0, 0xe2, 0xf7, 0x02, 0x20, 0xed, 0xfa, 0x02, 0x00, 0x00, 0x00, 0x00,
  0x00, 0x00, 0x00, 0x00, 0x58, 0xb8, 0xef, 0x06, 0x70, 0xb9, 0xef, 0x06, 0x44, 0x41, 0x54, 0x41,
  0xe4, 0x00, 0x00, 0x00, 0x58, 0xb8, 0xef, 0x06, 0xa7, 0x00, 0x00, 0x00, 0x01, 0x00, 0x00, 0x00,
  0x70, 0xb9, 0xef, 0x06, 0x00, 0x00, 0x00, 0x00, 0x54, 0x72, 0x61, 0x6e, 0x73, 0x66, 0x6f, 0x72,
  0x6d, 0x20, 0x50, 0x72, 0x6f, 0x70, 0x65, 0x72, 0x74, 0x69, 0x65, 0x73, 0x00, 0x00, 0x00, 0x00,
  0x00, 0x00, 0x00, 0x00, 0x00, 0x00, 0x00, 0x00, 0x00, 0x00, 0x00, 0x00, 0x00, 0x00, 0x00, 0x00,
  0x00, 0x00, 0x00, 0x00, 0x00, 0x00, 0x00, 0x00, 0x00, 0x00, 0x00, 0x00, 0x00, 0x00, 0x00, 0x00,
  0x00, 0x00, 0x00, 0x00, 0x00, 0x00, 0x00, 0x00, 0x56, 0x69, 0x65, 0x77, 0x33, 0x64, 0x00, 0x00,
  0x00, 0x00, 0x00, 0x00, 0x00, 0x00, 0x00, 0x00, 0x00, 0x00, 0x00, 0x00, 0x00, 0x00, 0x00, 0x00,
  0x00, 0x00, 0x00, 0x00, 0x00, 0x00, 0x00, 0x00, 0x00, 0x00, 0x00, 0x00, 0x00, 0x00, 0x00, 0x00,
  0x00, 0x00, 0x00, 0x00, 0x00, 0x00, 0x00, 0x00, 0x00, 0x00, 0x00, 0x00, 0x00, 0x00, 0x00, 0x00,
  0x00, 0x00, 0x00, 0x00, 0x00, 0x00, 0x00, 0x00, 0x00, 0x00, 0x00, 0x00, 0x00, 0x00, 0x00, 0x00,
  0x00, 0x00, 0x00, 0x00, 0x00, 0x00, 0x00, 0x00, 0x00, 0x00, 0x00, 0x00, 0x00, 0x00, 0x00, 0x00,
  0x00, 0x00, 0x00, 0x00, 0x00, 0x00, 0x00, 0x00, 0x00, 0x00, 0x00, 0x00, 0x00, 0x00, 0x00, 0x00,
  0x00, 0x00, 0x00, 0x00, 0x00, 0x00, 0x00, 0x00, 0x00, 0x00, 0x00, 0x00, 0x00, 0x00, 0x00, 0x00,
  0x00, 0x00, 0x00, 0x00, 0x00, 0x00, 0x00, 0x00, 0x8c, 0x00, 0xd2, 0x00, 0x3e, 0x01, 0xcc, 0x00,
  0x00, 0x00, 0x00, 0x00, 0xa2, 0x00, 0x00, 0x00, 0x00, 0x00, 0x00, 0x00, 0x00, 0x00, 0x00, 0x00,
  0x00, 0x00, 0x00, 0x00, 0x44, 0x41, 0x54, 0x41, 0xe4, 0x00, 0x00, 0x00, 0x70, 0xb9, 0xef, 0x06,
  0xa7, 0x00, 0x00, 0x00, 0x01, 0x00, 0x00, 0x00, 0x00, 0x00, 0x00, 0x00, 0x58, 0xb8, 0xef, 0x06,
  0x33, 0x44, 0x20, 0x56, 0x69, 0x65, 0x77, 0x70, 0x6f, 0x72, 0x74, 0x20, 0x70, 0x72, 0x6f, 0x70,
  0x65, 0x72, 0x74, 0x69, 0x65, 0x73, 0x00, 0x00, 0x00, 0x00, 0x00, 0x00, 0x00, 0x00, 0x00, 0x00,
  0x00, 0x00, 0x00, 0x00, 0x00, 0x00, 0x00, 0x00, 0x00, 0x00, 0x00, 0x00, 0x00, 0x00, 0x00, 0x00,
  0x00, 0x00, 0x00, 0x00, 0x00, 0x00, 0x00, 0x00, 0x00, 0x00, 0x00, 0x00, 0x00, 0x00, 0x00, 0x00,
  0x56, 0x69, 0x65, 0x77, 0x33, 0x64, 0x00, 0x00, 0x00, 0x00, 0x00, 0x00, 0x00, 0x00, 0x00, 0x00,
  0x00, 0x00, 0x00, 0x00, 0x00, 0x00, 0x00, 0x00, 0x00, 0x00, 0x00, 0x00, 0x00, 0x00, 0x00, 0x00,
  0x00, 0x00, 0x00, 0x00, 0x00, 0x00, 0x00, 0x00, 0x00, 0x00, 0x00, 0x00, 0x00, 0x00, 0x00, 0x00,
  0x00, 0x00, 0x00, 0x00, 0x00, 0x00, 0x00, 0x00, 0x00, 0x00, 0x00, 0x00, 0x00, 0x00, 0x00, 0x00,
  0x00, 0x00, 0x00, 0x00, 0x00, 0x00, 0x00, 0x00, 0x00, 0x00, 0x00, 0x00, 0x00, 0x00, 0x00, 0x00,
  0x00, 0x00, 0x00, 0x00, 0x00, 0x00, 0x00, 0x00, 0x00, 0x00, 0x00, 0x00, 0x00, 0x00, 0x00, 0x00,
  0x00, 0x00, 0x00, 0x00, 0x00, 0x00, 0x00, 0x00, 0x00, 0x00, 0x00, 0x00, 0x00, 0x00, 0x00, 0x00,
  0x00, 0x00, 0x00, 0x00, 0x00, 0x00, 0x00, 0x00, 0x00, 0x00, 0x00, 0x00, 0x00, 0x00, 0x00, 0x00,
  0x08, 0x00, 0x08, 0x00, 0x3e, 0x01, 0xcc, 0x00, 0x00, 0x00, 0x00, 0x00, 0x22, 0x00, 0x00, 0x00,
  0x00, 0x00, 0x00, 0x00, 0x00, 0x00, 0x00, 0x00, 0x00, 0x00, 0x00, 0x00, 0x44, 0x41, 0x54, 0x41,
  0x08, 0x01, 0x00, 0x00, 0xd0, 0xe2, 0xf7, 0x02, 0x95, 0x00, 0x00, 0x00, 0x01, 0x00, 0x00, 0x00,
  0x48, 0x10, 0xfb, 0x02, 0x00, 0x00, 0x00, 0x00, 0x03, 0x00, 0x00, 0x00, 0x33, 0x33, 0x33, 0x3f,
  0x20, 0x4b, 0x80, 0x03, 0x00, 0x00, 0x00, 0x00, 0x00, 0x00, 0x00, 0x00, 0x00, 0x00, 0x00, 0x00,
  0x00, 0x00, 0x00, 0x00, 0x00, 0x00, 0x00, 0x00, 0x00, 0x00, 0x3c, 0x43, 0x00, 0x00, 0xbe, 0xc2,
  0x00, 0x00, 0x00, 0x00, 0x00, 0x00, 0x00, 0x00, 0x00, 0x00, 0x3c, 0x43, 0x00, 0x80, 0x0b, 0xc4,
  0x00, 0x00, 0x00, 0x00, 0x00, 0x00, 0x00, 0x00, 0x10, 0x00, 0x00, 0x00, 0x00, 0x00, 0x00, 0x00,
  0x2e, 0x02, 0x00, 0x00, 0x00, 0x00, 0x00, 0x00, 0x00, 0x00, 0x00, 0x00, 0x00, 0x00, 0x00, 0x00,
  0x00, 0x00, 0x00, 0x00, 0x10, 0x00, 0x00, 0x00, 0xcc, 0x00, 0x00, 0x00, 0x00, 0x00, 0x00, 0x00,
  0x2e, 0x02, 0x00, 0x00, 0x00, 0x00, 0xc0, 0xc2, 0x00, 0x80, 0x0b, 0xc4, 0x00, 0x00, 0x00, 0x00,
  0x00, 0x00, 0x00, 0x00, 0x00, 0x00, 0x80, 0x3f, 0x00, 0x00, 0x80, 0x3f, 0x01, 0x00, 0x01, 0x00,
  0x01, 0x00, 0x01, 0x00, 0xbc, 0x00, 0x2e, 0x02, 0x00, 0x00, 0x00, 0x00, 0x00, 0x00, 0x00, 0x00,
  0x00, 0x00, 0x00, 0x00, 0x00, 0x00, 0x00, 0x00, 0x00, 0x00, 0x00, 0x00, 0x00, 0x00, 0x00, 0x00,
  0x00, 0x00, 0x00, 0x00, 0x00, 0x00, 0x8e, 0x03, 0x00, 0x00, 0x00, 0x00, 0x00, 0x00, 0x00, 0x00,
  0x00, 0x00, 0x00, 0x00, 0x00, 0x00, 0x00, 0x00, 0x70, 0xb3, 0xe9, 0x06, 0x00, 0x00, 0x00, 0x00,
  0x00, 0x00, 0x00, 0x00, 0x00, 0x00, 0x00, 0x00, 0x00, 0x00, 0x00, 0x00, 0x00, 0x00, 0x00, 0x00,
  0x00, 0x00, 0x00, 0x00, 0x00, 0x00, 0x00, 0x00, 0x00, 0x00, 0x00, 0x00, 0x00, 0x00, 0x00, 0x00,
  0x00, 0x00, 0x00, 0x00, 0x00, 0x00, 0x00, 0x00, 0x00, 0x00, 0x00, 0x00, 0x00, 0x00, 0x00, 0x00,
  0x01, 0x00, 0x00, 0x00, 0x01, 0x00, 0x00, 0x00, 0x44, 0x41, 0x54, 0x41, 0x0c, 0x00, 0x00, 0x00,
  0x70, 0xb3, 0xe9, 0x06, 0xbf, 0x00, 0x00, 0x00, 0x01, 0x00, 0x00, 0x00, 0x0a, 0x00, 0x00, 0x00,
  0x0a, 0x00, 0x00, 0x00, 0x80, 0xce, 0xef, 0x06, 0x44, 0x41, 0x54, 0x41, 0x78, 0x00, 0x00, 0x00,
  0x80, 0xce, 0xef, 0x06, 0xbe, 0x00, 0x00, 0x00, 0x0a, 0x00, 0x00, 0x00, 0x00, 0x00, 0x00, 0x00,
  0x00, 0x00, 0x01, 0x00, 0x38, 0xc2, 0xf0, 0x06, 0x00, 0x00, 0x00, 0x00, 0x01, 0x00, 0x01, 0x00,
  0x70, 0xc9, 0xf0, 0x06, 0x00, 0x00, 0x00, 0x00, 0x01, 0x00, 0x01, 0x00, 0xb0, 0x48, 0x01, 0x03,
  0x00, 0x00, 0x00, 0x00, 0x01, 0x00, 0x01, 0x00, 0x60, 0xce, 0xf0, 0x06, 0x00, 0x00, 0x00, 0x00,
  0x01, 0x00, 0x01, 0x00, 0x08, 0xcb, 0xf0, 0x06, 0x00, 0x00, 0x00, 0x00, 0x01, 0x00, 0x01, 0x00,
  0x90, 0xec, 0xf7, 0x02, 0x00, 0x00, 0x00, 0x00, 0x01, 0x00, 0x01, 0x00, 0x38, 0x4c, 0x01, 0x03,
  0x00, 0x00, 0x00, 0x00, 0x01, 0x00, 0x01, 0x00, 0xc8, 0x6d, 0xfb, 0x02, 0x00, 0x00, 0x00, 0x00,
  0x01, 0x00, 0x01, 0x00, 0x28, 0x45, 0x01, 0x03, 0x00, 0x00, 0x00, 0x00, 0x01, 0x00, 0x01, 0x00,
  0xb8, 0xc8, 0xf0, 0x06, 0x44, 0x41, 0x54, 0x41, 0x1c, 0x03, 0x00, 0x00, 0x48, 0x10, 0xfb, 0x02,
  0x8d, 0x00, 0x00, 0x00, 0x01, 0x00, 0x00, 0x00, 0x20, 0xed, 0xfa, 0x02, 0xd0, 0xe2, 0xf7, 0x02,
  0x01, 0x00, 0x00, 0x00, 0x33, 0x33, 0x33, 0x3f, 0x20, 0x4b, 0x80, 0x03, 0x00, 0x00, 0x00, 0x00,
  0x00, 0x00, 0x00, 0x00, 0x00, 0x00, 0x00, 0x00, 0x00, 0x00, 0x00, 0x00, 0x00, 0x00, 0x80, 0x3f,
  0x00, 0x00, 0x00, 0x00, 0x00, 0x00, 0x00, 0x00, 0x00, 0x00, 0x00, 0x00, 0x00, 0x00, 0x00, 0x00,
  0x00, 0x00, 0x80, 0x3f, 0x00, 0x00, 0x00, 0x00, 0x00, 0x00, 0x00, 0x00, 0x00, 0x00, 0x00, 0x00,
  0x00, 0x00, 0x00, 0x00, 0x00, 0x00, 0x80, 0x3f, 0x00, 0x00, 0x00, 0x00, 0x00, 0x00, 0x00, 0x00,
  0x00, 0x00, 0x00, 0x00, 0x00, 0x00, 0x00, 0x00, 0x00, 0x00, 0x80, 0x3f, 0x00, 0x00, 0x80, 0x3f,
  0x00, 0x00, 0x00, 0x00, 0x00, 0x00, 0x00, 0x00, 0x00, 0x00, 0x00, 0x00, 0x00, 0x00, 0x00, 0x00,
  0x00, 0x00, 0x80, 0x3f, 0x00, 0x00, 0x00, 0x00, 0x00, 0x00, 0x00, 0x00, 0x00, 0x00, 0x00, 0x00,
  0x00, 0x00, 0x00, 0x00, 0x00, 0x00, 0x80, 0x3f, 0x00, 0x00, 0x00, 0x00, 0x00, 0x00, 0x00, 0x00,
  0x00, 0x00, 0x00, 0x00, 0x00, 0x00, 0x00, 0x00, 0x00, 0x00, 0x80, 0x3f, 0x9f, 0x7d, 0x0b, 0x3f,
  0x00, 0x00, 0x00, 0x00, 0x00, 0x00, 0x00, 0x00, 0x00, 0x00, 0x00, 0x00, 0x00, 0x00, 0x00, 0x00,
  0xba, 0xfc, 0xbf, 0x3d, 0x00, 0x00, 0x00, 0x00, 0x00, 0x00, 0x00, 0x00, 0x00, 0x00, 0x00, 0x00,
  0x00, 0x00, 0x00, 0x00, 0x6f, 0x12, 0x03, 0xbb, 0x00, 0x00, 0x00, 0x00, 0x00, 0x00, 0x00, 0x00,
  0x00, 0x00, 0x00, 0x00, 0x00, 0x00, 0x00, 0x00, 0x00, 0x00, 0x80, 0x3f, 0x66, 0xe9, 0xea, 0x3f,
  0x00, 0x00, 0x00, 0x00, 0x00, 0x00, 0x00, 0x00, 0x00, 0x00, 0x00, 0x00, 0x00, 0x00, 0x00, 0x00,
  0x94, 0xad, 0x2a, 0x41, 0x00, 0x00, 0x00, 0x00, 0x00, 0x00, 0x00, 0x00, 0x00, 0x00, 0x00, 0x00,
  0x00, 0x00, 0x00, 0x00, 0xff, 0xff, 0xf9, 0xc3, 0x00, 0x00, 0x00, 0x00, 0x00, 0x00, 0x00, 0x00,
  0x00, 0x00, 0x00, 0x00, 0x00, 0x00, 0x00, 0x00, 0x00, 0x00, 0x80, 0x3f, 0x9f, 0x7d, 0x0b, 0x3f,
  0x00, 0x00, 0x00, 0x00, 0x00, 0x00, 0x00, 0x00, 0x00, 0x00, 0x00, 0x00, 0x00, 0x00, 0x00, 0x00,
  0xba, 0xfc, 0xbf, 0x3d, 0x00, 0x00, 0x00, 0x00, 0x00, 0x00, 0x00, 0x00, 0x00, 0x00, 0x00, 0x80,
  0x00, 0x00, 0x00, 0x80, 0x6f, 0x12, 0x03, 0xbb, 0x00, 0x00, 0x00, 0x80, 0x00, 0x00, 0x00, 0x00,
  0x00, 0x00, 0x00, 0x00, 0x00, 0x00, 0x00, 0x00, 0x00, 0x00, 0x80, 0x3f, 0x00, 0x00, 0x80, 0x3f,
  0x00, 0x00, 0x00, 0x00, 0x00, 0x00, 0x00, 0x00, 0x00, 0x00, 0x00, 0x00, 0x00, 0x00, 0x00, 0x00,
  0x00, 0x00, 0x80, 0x3f, 0x00, 0x00, 0x00, 0x00, 0x00, 0x00, 0x00, 0x00, 0x00, 0x00, 0x00, 0x00,
  0x00, 0x00, 0x00, 0x00, 0x00, 0x00, 0x80, 0x3f, 0x00, 0x00, 0x00, 0x00, 0x00, 0x00, 0x00, 0x00,
  0x00, 0x00, 0x00, 0x00, 0x00, 0x00, 0x00, 0x00, 0x00, 0x00, 0x80, 0x3f, 0x00, 0x00, 0x80, 0x3f,
  0x00, 0x00, 0x00, 0x00, 0x00, 0x00, 0x00, 0x00, 0x00, 0x00, 0x00, 0x00, 0x94, 0xad, 0x2a, 0x41,
  0x00, 0x00, 0x00, 0x00, 0x00, 0x00, 0x00, 0x00, 0x00, 0x00, 0x07, 0x00, 0x28, 0x45, 0x01, 0x03,
  0x00, 0x00, 0x00, 0x00, 0x00, 0x00, 0x00, 0x00, 0x00, 0x00, 0x00, 0x00, 0x00, 0x00, 0x00, 0x00,
  0x00, 0x00, 0x00, 0x00, 0x00, 0x00, 0x00, 0x00, 0x00, 0x00, 0x00, 0x00, 0x00, 0x00, 0x00, 0x00,
  0x00, 0x00, 0x00, 0x00, 0x00, 0x00, 0x00, 0x00, 0x00, 0x00, 0x00, 0x00, 0x00, 0x00, 0x00, 0x00,
  0x00, 0x00, 0x00, 0x00, 0x00, 0x00, 0x00, 0x00, 0x02, 0x00, 0x00, 0x00, 0x01, 0x00, 0x00, 0x00,
  0x01, 0x00, 0x00, 0x00, 0x01, 0x00, 0x03, 0x00, 0x00, 0x00, 0x00, 0x00, 0x00, 0x00, 0x0c, 0x42,
  0x00, 0x00, 0x80, 0x3f, 0x00, 0x00, 0x80, 0x3f, 0x00, 0x00, 0x00, 0x00, 0xcd, 0xcc, 0xcc, 0x3d,
  0x00, 0x00, 0xfa, 0x43, 0x00, 0x00, 0x00, 0x00, 0x00, 0x00, 0x00, 0x00, 0x00, 0x00, 0x00, 0x00,
  0x00, 0x00, 0x00, 0x00, 0x00, 0x00, 0x00, 0x00, 0x00, 0x00, 0x00, 0x00, 0x00, 0x00, 0x00, 0x00,
  0x00, 0x00, 0x00, 0x00, 0x20, 0x00, 0x01, 0x00, 0x07, 0x00, 0xaf, 0x00, 0x00, 0x00, 0x00, 0x00,
  0x01, 0x00, 0x00, 0x00, 0x03, 0x00, 0x00, 0x00, 0x58, 0x86, 0x37, 0x40, 0x00, 0x00, 0x00, 0x00,
  0x00, 0x00, 0x00, 0x00, 0x00, 0x00, 0x00, 0x00, 0x00, 0x00, 0x00, 0x00, 0x58, 0x86, 0x37, 0x40,
  0x00, 0x00, 0x00, 0x00, 0x00, 0x00, 0x00, 0x00, 0x00, 0x00, 0x00, 0x00, 0x00, 0x00, 0x00, 0x00,
  0x58, 0x86, 0x37, 0x40, 0x00, 0x00, 0x00, 0x00, 0x00, 0x00, 0x00, 0x00, 0x00, 0x00, 0x00, 0x00,
  0x00, 0x00, 0x00, 0x00, 0x00, 0x00, 0x80, 0x3f, 0x00, 0x00, 0x00, 0x00, 0x00, 0x00, 0x00, 0x00,
  0x00, 0x00, 0x00, 0x00, 0x00, 0x00, 0x00, 0x00, 0x00, 0x00, 0x00, 0x00, 0x00, 0x00, 0x00, 0x00,
  0x00, 0x00, 0x00, 0x00, 0x00, 0x00, 0x00, 0x00, 0x00, 0x00, 0x00, 0x00, 0x00, 0x00, 0x00, 0x00,
  0x00, 0x00, 0x00, 0x00, 0x00, 0x00, 0x00, 0x00, 0x00, 0x00, 0x00, 0x00, 0x00, 0x00, 0x00, 0x00,
  0x00, 0x00, 0x00, 0x00, 0x00, 0x00, 0x00, 0x00, 0x00, 0x00, 0x00, 0x00, 0x00, 0x00, 0x00, 0x00,
  0x00, 0x00, 0x00, 0x00, 0x00, 0x00, 0x00, 0x00, 0x00, 0x00, 0x08, 0x18, 0x00, 0x00, 0x0a, 0x00,
  0x00, 0x00, 0x00, 0x00, 0x00, 0x00, 0x00, 0x00, 0x00, 0x00, 0x00, 0x00, 0x00, 0x00, 0x00, 0x00,
  0x00, 0x00, 0x00, 0x00, 0x00, 0x00, 0x00, 0x00, 0x00, 0x00, 0x00, 0x00, 0x00, 0x00, 0x00, 0x00,
  0x00, 0x00, 0x00, 0x00, 0x44, 0x41, 0x54, 0x41, 0xc8, 0x01, 0x00, 0x00, 0x20, 0xed, 0xfa, 0x02,
  0x94, 0x00, 0x00, 0x00, 0x01, 0x00, 0x00, 0x00, 0x00, 0x00, 0x00, 0x00, 0x48, 0x10, 0xfb, 0x02,
  0x05, 0x00, 0x00, 0x00, 0x33, 0x33, 0x33, 0x3f, 0x20, 0x4b, 0x80, 0x03, 0x00, 0x00, 0x00, 0x00,
  0x00, 0x00, 0x00, 0x00, 0x00, 0x00, 0x00, 0x00, 0x00, 0x00, 0x00, 0x00, 0x00, 0x00, 0x00, 0x00,
  0x14, 0x00, 0x00, 0x00, 0x00, 0x00, 0x00, 0x00, 0x00, 0x00, 0x00, 0x00, 0x00, 0x00, 0x00, 0x00,
  0x00, 0x00, 0x00, 0x00, 0x00, 0x00, 0x00, 0x00, 0x00, 0x00, 0x00, 0x00, 0x2f, 0x00, 0x00, 0x00,
  0x00, 0x00, 0x00, 0x00, 0x00, 0x00, 0x00, 0x00, 0x00, 0x00, 0x00, 0x00, 0x00, 0x00, 0x00, 0x00,
  0x00, 0x00, 0x00, 0x00, 0x00, 0x00, 0x00, 0x00, 0x00, 0x00, 0x00, 0x00, 0x00, 0x00, 0x00, 0x00,
  0x00, 0x00, 0x00, 0x00, 0x00, 0x00, 0x00, 0x00, 0x00, 0x00, 0x00, 0x00, 0x00, 0x00, 0x00, 0x00,
  0x00, 0x00, 0x00, 0x00, 0x00, 0x00, 0x00, 0x00, 0x00, 0x00, 0x00, 0x00, 0x00, 0x00, 0x00, 0x00,
  0x00, 0x00, 0x00, 0x00, 0x00, 0x00, 0x00, 0x00, 0x00, 0x00, 0x00, 0x00, 0x00, 0x00, 0x00, 0x00,
  0x00, 0x00, 0x00, 0x00, 0x00, 0x00, 0x00, 0x00, 0x00, 0x00, 0x00, 0x00, 0x00, 0x00, 0x00, 0x00,
  0x00, 0x00, 0x00, 0x00, 0x00, 0x00, 0x00, 0x00, 0x00, 0x00, 0x00, 0x00, 0x00, 0x00, 0x00, 0x00,
  0x00, 0x00, 0x00, 0x00, 0x00, 0x00, 0x00, 0x00, 0x00, 0x00, 0x00, 0x00, 0x00, 0x00, 0x00, 0x00,
  0x00, 0x00, 0x00, 0x00, 0x00, 0x00, 0x00, 0x00, 0x00, 0x00, 0x00, 0x00, 0x00, 0x00, 0x00, 0x00,
  0x00, 0x00, 0x00, 0x00, 0x00, 0x00, 0x00, 0x00, 0x00, 0x00, 0x00, 0x00, 0x00, 0x00, 0x00, 0x00,
  0x00, 0x00, 0x00, 0x00, 0x00, 0x00, 0x00, 0x00, 0x00, 0x00, 0x00, 0x00, 0x00, 0x00, 0x00, 0x00,
  0x00, 0x00, 0x00, 0x00, 0x00, 0x00, 0x00, 0x00, 0x00, 0x00, 0x00, 0x00, 0x00, 0x00, 0x00, 0x00,
  0x00, 0x00, 0x00, 0x00, 0x00, 0x00, 0x00, 0x00, 0x00, 0x00, 0x00, 0x00, 0x00, 0x00, 0x00, 0x00,
  0x00, 0x00, 0x00, 0x00, 0x00, 0x00, 0x00, 0x00, 0x00, 0x00, 0x00, 0x00, 0x00, 0x00, 0x00, 0x00,
  0x00, 0x00, 0x00, 0x00, 0x00, 0x00, 0x00, 0x00, 0x00, 0x00, 0x00, 0x00, 0x00, 0x00, 0x00, 0x00,
  0x00, 0x00, 0x00, 0x00, 0x00, 0x00, 0x00, 0x00, 0x00, 0x00, 0x00, 0x00, 0x00, 0x00, 0x00, 0x00,
  0x00, 0x00, 0x00, 0x00, 0x00, 0x00, 0x00, 0x00, 0x00, 0x00, 0x00, 0x00, 0x00, 0x00, 0x00, 0x00,
  0x00, 0x00, 0x00, 0x00, 0x00, 0x00, 0x00, 0x00, 0x00, 0x00, 0x00, 0x00, 0x00, 0x00, 0x00, 0x00,
  0x00, 0x00, 0x00, 0x00, 0x00, 0x00, 0x00, 0x00, 0x00, 0x00, 0x00, 0x00, 0x00, 0x00, 0x00, 0x00,
  0x00, 0x00, 0x00, 0x00, 0x00, 0x00, 0x00, 0x00, 0x00, 0x00, 0x00, 0x00, 0x08, 0x00, 0x00, 0x00,
  0x00, 0x00, 0x00, 0x00, 0x39, 0x00, 0x01, 0x00, 0x00, 0x00, 0x00, 0x00, 0x00, 0x00, 0x00, 0x00,
  0x00, 0x00, 0x00, 0x00, 0x00, 0x00, 0x00, 0x00, 0x00, 0x00, 0x00, 0x00, 0x00, 0x00, 0x00, 0x00,
  0xff, 0xff, 0x00, 0x00, 0x00, 0x00, 0x00, 0x00, 0x00, 0x00, 0x00, 0x00, 0x00, 0x00, 0x00, 0x00,
  0x00, 0x00, 0x00, 0x00, 0x00, 0x00, 0x00, 0x00, 0x00, 0x00, 0x00, 0x00, 0x00, 0x00, 0x00, 0x00,
  0x53, 0x52, 0x00, 0x00, 0x78, 0x00, 0x00, 0x00, 0x28, 0xcf, 0xef, 0x06, 0xa4, 0x00, 0x00, 0x00,
  0x01, 0x00, 0x00, 0x00, 0x60, 0x12, 0xf0, 0x06, 0x30, 0x97, 0xef, 0x06, 0x00, 0x00, 0x00, 0x00,
  0x00, 0x00, 0x00, 0x00, 0x53, 0x52, 0x32, 0x2d, 0x4d, 0x6f, 0x64, 0x65, 0x6c, 0x20, 0x00, 0x00,
  0x00, 0x00, 0x00, 0x00, 0x00, 0x00, 0x00, 0x00, 0x00, 0x00, 0x00, 0x00, 0x01, 0x00, 0x00, 0x00,
  0x00, 0x00, 0x00, 0x00, 0x00, 0x00, 0x00, 0x00, 0xb8, 0x9c, 0xef, 0x06, 0xb0, 0x9e, 0xef, 0x06,
  0xf8, 0x9e, 0xef, 0x06, 0x80, 0xa1, 0xef, 0x06, 0x40, 0x68, 0xfa, 0x02, 0x40, 0x6a, 0xfa, 0x02,
  0x38, 0xc2, 0xf0, 0x06, 0x00, 0x00, 0xf5, 0x05, 0x15, 0x00, 0xae, 0x04, 0xf6, 0x05, 0x9a, 0x04,
  0x01, 0x00, 0x02, 0x00, 0x00, 0x00, 0x00, 0x00, 0x01, 0x00, 0x08, 0x00, 0x00, 0x00, 0x00, 0x00,
  0x00, 0x00, 0x00, 0x00, 0x00, 0x00, 0x00, 0x00, 0x00, 0x00, 0x00, 0x00, 0x44, 0x41, 0x54, 0x41,
  0x14, 0x00, 0x00, 0x00, 0xb8, 0x9c, 0xef, 0x06, 0xa5, 0x00, 0x00, 0x00, 0x01, 0x00, 0x00, 0x00,
  0x00, 0x9d, 0xef, 0x06, 0x00, 0x00, 0x00, 0x00, 0x00, 0x00, 0x00, 0x00, 0x00, 0x00, 0x00, 0x00,
  0x00, 0x00, 0x00, 0x00, 0x44, 0x41, 0x54, 0x41, 0x14, 0x00, 0x00, 0x00, 0x00, 0x9d, 0xef, 0x06,
  0xa5, 0x00, 0x00, 0x00, 0x01, 0x00, 0x00, 0x00, 0x48, 0x9d, 0xef, 0x06, 0xb8, 0x9c, 0xef, 0x06,
  0x00, 0x00, 0x00, 0x00, 0x00, 0x00, 0x9a, 0x04, 0x00, 0x00, 0x00, 0x00, 0x44, 0x41, 0x54, 0x41,
  0x14, 0x00, 0x00, 0x00, 0x48, 0x9d, 0xef, 0x06, 0xa5, 0x00, 0x00, 0x00, 0x01, 0x00, 0x00, 0x00,
  0x90, 0x9d, 0xef, 0x06, 0x00, 0x9d, 0xef, 0x06, 0x00, 0x00, 0x00, 0x00, 0xf6, 0x05, 0x9a, 0x04,
  0x00, 0x00, 0x00, 0x00, 0x44, 0x41, 0x54, 0x41, 0x14, 0x00, 0x00, 0x00, 0x90, 0x9d, 0xef, 0x06,
  0xa5, 0x00, 0x00, 0x00, 0x01, 0x00, 0x00, 0x00, 0xd8, 0x9d, 0xef, 0x06, 0x48, 0x9d, 0xef, 0x06,
  0x00, 0x00, 0x00, 0x00, 0xf6, 0x05, 0x00, 0x00, 0x00, 0x00, 0x00, 0x00, 0x44, 0x41, 0x54, 0x41,
  0x14, 0x00, 0x00, 0x00, 0xd8, 0x9d, 0xef, 0x06, 0xa5, 0x00, 0x00, 0x00, 0x01, 0x00, 0x00, 0x00,
  0x20, 0x9e, 0xef, 0x06, 0x90, 0x9d, 0xef, 0x06, 0x00, 0x00, 0x00, 0x00, 0x00, 0x00, 0x1c, 0x01,
  0x00, 0x00, 0x00, 0x00, 0x44, 0x41, 0x54, 0x41, 0x14, 0x00, 0x00, 0x00, 0x20, 0x9e, 0xef, 0x06,
  0xa5, 0x00, 0x00, 0x00, 0x01, 0x00, 0x00, 0x00, 0x68, 0x9e, 0xef, 0x06, 0xd8, 0x9d, 0xef, 0x06,
  0x00, 0x00, 0x00, 0x00, 0xf6, 0x05, 0x1c, 0x01, 0x00, 0x00, 0x00, 0x00, 0x44, 0x41, 0x54, 0x41,
  0x14, 0x00, 0x00, 0x00, 0x68, 0x9e, 0xef, 0x06, 0xa5, 0x00, 0x00, 0x00, 0x01, 0x00, 0x00, 0x00,
  0xb0, 0x9e, 0xef, 0x06, 0x20, 0x9e, 0xef, 0x06, 0x00, 0x00, 0x00, 0x00, 0x00, 0x00, 0x80, 0x04,
  0x00, 0x00, 0x00, 0x00, 0x44, 0x41, 0x54, 0x41, 0x14, 0x00, 0x00, 0x00, 0xb0, 0x9e, 0xef, 0x06,
  0xa5, 0x00, 0x00, 0x00, 0x01, 0x00, 0x00, 0x00, 0x00, 0x00, 0x00, 0x00, 0x68, 0x9e, 0xef, 0x06,
  0x00, 0x00, 0x00, 0x00, 0xf6, 0x05, 0x80, 0x04, 0x00, 0x00, 0x00, 0x00, 0x44, 0x41, 0x54, 0x41,
  0x18, 0x00, 0x00, 0x00, 0xf8, 0x9e, 0xef, 0x06, 0xa6, 0x00, 0x00, 0x00, 0x01, 0x00, 0x00, 0x00,
  0x40, 0x9f, 0xef, 0x06, 0x00, 0x00, 0x00, 0x00, 0x00, 0x9d, 0xef, 0x06, 0x48, 0x9d, 0xef, 0x06,
  0x01, 0x00, 0x00, 0x00, 0x00, 0x00, 0x00, 0x00, 0x44, 0x41, 0x54, 0x41, 0x18, 0x00, 0x00, 0x00,
  0x40, 0x9f, 0xef, 0x06, 0xa6, 0x00, 0x00, 0x00, 0x01, 0x00, 0x00, 0x00, 0x88, 0x9f, 0xef, 0x06,
  0xf8, 0x9e, 0xef, 0x06, 0xb8, 0x9c, 0xef, 0x06, 0x90, 0x9d, 0xef, 0x06, 0x01, 0x00, 0x00, 0x00,
  0x00, 0x00, 0x00, 0x00, 0x44, 0x41, 0x54, 0x41, 0x18, 0x00, 0x00, 0x00, 0x88, 0x9f, 0xef, 0x06,
  0xa6, 0x00, 0x00, 0x00, 0x01, 0x00, 0x00, 0x00, 0xd0, 0x9f, 0xef, 0x06, 0x40, 0x9f, 0xef, 0x06,
  0xb8, 0x9c, 0xef, 0x06, 0xd8, 0x9d, 0xef, 0x06, 0x01, 0x00, 0x00, 0x00, 0x00, 0x00, 0x00, 0x00,
  0x44, 0x41, 0x54, 0x41, 0x18, 0x00, 0x00, 0x00, 0xd0, 0x9f, 0xef, 0x06, 0xa6, 0x00, 0x00, 0x00,
  0x01, 0x00, 0x00, 0x00, 0x18, 0xa0, 0xef, 0x06, 0x88, 0x9f, 0xef, 0x06, 0x90, 0x9d, 0xef, 0x06,
  0x20, 0x9e, 0xef, 0x06, 0x01, 0x00, 0x00, 0x00, 0x00, 0x00, 0x00, 0x00, 0x44, 0x41, 0x54, 0x41,
  0x18, 0x00, 0x00, 0x00, 0x18, 0xa0, 0xef, 0x06, 0xa6, 0x00, 0x00, 0x00, 0x01, 0x00, 0x00, 0x00,
  0x60, 0xa0, 0xef, 0x06, 0xd0, 0x9f, 0xef, 0x06, 0xd8, 0x9d, 0xef, 0x06, 0x20, 0x9e, 0xef, 0x06,
  0x00, 0x00, 0x00, 0x00, 0x00, 0x00, 0x00, 0x00, 0x44, 0x41, 0x54, 0x41, 0x18, 0x00, 0x00, 0x00,
  0x60, 0xa0, 0xef, 0x06, 0xa6, 0x00, 0x00, 0x00, 0x01, 0x00, 0x00, 0x00, 0xa8, 0xa0, 0xef, 0x06,
  0x18, 0xa0, 0xef, 0x06, 0x00, 0x9d, 0xef, 0x06, 0x68, 0x9e, 0xef, 0x06, 0x01, 0x00, 0x00, 0x00,
  0x00, 0x00, 0x00, 0x00, 0x44, 0x41, 0x54, 0x41, 0x18, 0x00, 0x00, 0x00, 0xa8, 0xa0, 0xef, 0x06,
  0xa6, 0x00, 0x00, 0x00, 0x01, 0x00, 0x00, 0x00, 0xf0, 0xa0, 0xef, 0x06, 0x60, 0xa0, 0xef, 0x06,
  0x48, 0x9d, 0xef, 0x06, 0xb0, 0x9e, 0xef, 0x06, 0x01, 0x00, 0x00, 0x00, 0x00, 0x00, 0x00, 0x00,
  0x44, 0x41, 0x54, 0x41, 0x18, 0x00, 0x00, 0x00, 0xf0, 0xa0, 0xef, 0x06, 0xa6, 0x00, 0x00, 0x00,
  0x01, 0x00, 0x00, 0x00, 0x38, 0xa1, 0xef, 0x06, 0xa8, 0xa0, 0xef, 0x06, 0x68, 0x9e, 0xef, 0x06,
  0xb0, 0x9e, 0xef, 0x06, 0x00, 0x00, 0x00, 0x00, 0x00, 0x00, 0x00, 0x00, 0x44, 0x41, 0x54, 0x41,
  0x18, 0x00, 0x00, 0x00, 0x38, 0xa1, 0xef, 0x06, 0xa6, 0x00, 0x00, 0x00, 0x01, 0x00, 0x00, 0x00,
  0x80, 0xa1, 0xef, 0x06, 0xf0, 0xa0, 0xef, 0x06, 0xd8, 0x9d, 0xef, 0x06, 0x68, 0x9e, 0xef, 0x06,
  0x00, 0x00, 0x00, 0x00, 0x00, 0x00, 0x00, 0x00, 0x44, 0x41, 0x54, 0x41, 0x18, 0x00, 0x00, 0x00,
  0x80, 0xa1, 0xef, 0x06, 0xa6, 0x00, 0x00, 0x00, 0x01, 0x00, 0x00, 0x00, 0x00, 0x00, 0x00, 0x00,
  0x38, 0xa1, 0xef, 0x06, 0x20, 0x9e, 0xef, 0x06, 0xb0, 0x9e, 0xef, 0x06, 0x00, 0x00, 0x00, 0x00,
  0x00, 0x00, 0x00, 0x00, 0x44, 0x41, 0x54, 0x41, 0xcc, 0x00, 0x00, 0x00, 0x40, 0x68, 0xfa, 0x02,
  0xa8, 0x00, 0x00, 0x00, 0x01, 0x00, 0x00, 0x00, 0x40, 0x69, 0xfa, 0x02, 0x00, 0x00, 0x00, 0x00,
  0xb8, 0x9c, 0xef, 0x06, 0xd8, 0x9d, 0xef, 0x06, 0x20, 0x9e, 0xef, 0x06, 0x90, 0x9d, 0xef, 0x06,
  0x00, 0x00, 0x00, 0x00, 0x00, 0x00, 0x8c, 0x3f, 0x00, 0x00, 0x00, 0x00, 0x00, 0x00, 0x00, 0x00,
  0x00, 0x00, 0x00, 0x00, 0x00, 0x00, 0x00, 0x00, 0x00, 0x00, 0xb7, 0x40, 0x00, 0x00, 0x00, 0x00,
  0x00, 0x00, 0x00, 0x00, 0x00, 0x00, 0x00, 0x00, 0x00, 0x00, 0x00, 0x00, 0x50, 0x01, 0x80, 0xbf,
  0x00, 0x00, 0x80, 0xbf, 0x00, 0x00, 0x00, 0x00, 0x00, 0x00, 0x00, 0x00, 0xe2, 0xd7, 0xa3, 0xbc,
  0x00, 0x00, 0x00, 0x00, 0x00, 0x00, 0x00, 0x00, 0xf6, 0x05, 0x00, 0x00, 0x00, 0x00, 0x00, 0x00,
  0x1b, 0x01, 0x00, 0x00, 0x00, 0x00, 0x00, 0x00, 0xf6, 0x05, 0x00, 0x00, 0x01, 0x01, 0x00, 0x00,
  0x1b, 0x01, 0x00, 0x00, 0x00, 0x00, 0x00, 0x00, 0xf6, 0x05, 0x00, 0x00, 0x00, 0x00, 0x00, 0x00,
  0x00, 0x01, 0x00, 0x00, 0x05, 0x00, 0x04, 0x00, 0x02, 0x00, 0x04, 0x04, 0xf7, 0x05, 0x01, 0x01,
  0x03, 0x01, 0x03, 0x00, 0x4f, 0x01, 0x00, 0x00, 0x07, 0x00, 0x00, 0x00, 0x00, 0x00, 0x00, 0x00,
  0x00, 0x00, 0x00, 0x00, 0x00, 0x00, 0x00, 0x00, 0x00, 0x00, 0x00, 0x00, 0x18, 0xf2, 0xef, 0x06,
  0x18, 0xef, 0xfa, 0x02, 0x30, 0x5e, 0xfe, 0x02, 0xc8, 0x5c, 0xfe, 0x02, 0x88, 0xba, 0xef, 0x06,
  0x00, 0xf1, 0xef, 0x06, 0x44, 0x41, 0x54, 0x41, 0xe4, 0x00, 0x00, 0x00, 0x88, 0xba, 0xef, 0x06,
  0xa7, 0x00, 0x00, 0x00, 0x01, 0x00, 0x00, 0x00, 0xa0, 0xbb, 0xef, 0x06, 0x00, 0x00, 0x00, 0x00,
  0x50, 0x72, 0x65, 0x76, 0x69, 0x65, 0x77, 0x00, 0x00, 0x00, 0x00, 0x00, 0x00, 0x00, 0x00, 0x00,
  0x00, 0x00, 0x00, 0x00, 0x00, 0x00, 0x00, 0x00, 0x00, 0x00, 0x00, 0x00, 0x00, 0x00, 0x00, 0x00,
  0x00, 0x00, 0x00, 0x00, 0x00, 0x00, 0x00, 0x00, 0x00, 0x00, 0x00, 0x00, 0x00, 0x00, 0x00, 0x00,
  0x00, 0x00, 0x00, 0x00, 0x00, 0x00, 0x00, 0x00, 0x00, 0x00, 0x00, 0x00, 0x00, 0x00, 0x00, 0x00,
  0x4c, 0x61, 0x6d, 0x70, 0x00, 0x00, 0x00, 0x00, 0x00, 0x00, 0x00, 0x00, 0x00, 0x00, 0x00, 0x00,
  0x00, 0x00, 0x00, 0x00, 0x00, 0x00, 0x00, 0x00, 0x00, 0x00, 0x00, 0x00, 0x00, 0x00, 0x00, 0x00,
  0x00, 0x00, 0x00, 0x00, 0x00, 0x00, 0x00, 0x00, 0x00, 0x00, 0x00, 0x00, 0x00, 0x00, 0x00, 0x00,
  0x00, 0x00, 0x00, 0x00, 0x00, 0x00, 0x00, 0x00, 0x00, 0x00, 0x00, 0x00, 0x00, 0x00, 0x00, 0x00,
  0x00, 0x00, 0x00, 0x00, 0x00, 0x00, 0x00, 0x00, 0x00, 0x00, 0x00, 0x00, 0x00, 0x00, 0x00, 0x00,
  0x00, 0x00, 0x00, 0x00, 0x00, 0x00, 0x00, 0x00, 0x00, 0x00, 0x00, 0x00, 0x00, 0x00, 0x00, 0x00,
  0x00, 0x00, 0x00, 0x00, 0x00, 0x00, 0x00, 0x00, 0x00, 0x00, 0x00, 0x00, 0x00, 0x00, 0x00, 0x00,
  0x00, 0x00, 0x00, 0x00, 0x00, 0x00, 0x00, 0x00, 0x00, 0x00, 0x00, 0x00, 0x00, 0x00, 0x00, 0x00,
  0x00, 0x00, 0x00, 0x00, 0x3e, 0x01, 0xcc, 0x00, 0x00, 0x00, 0x00, 0x00, 0x01, 0x00, 0x00, 0x00,
  0x00, 0x00, 0x00, 0x00, 0x00, 0x00, 0x00, 0x00, 0x00, 0x00, 0x00, 0x00, 0x44, 0x41, 0x54, 0x41,
  0xe4, 0x00, 0x00, 0x00, 0xa0, 0xbb, 0xef, 0x06, 0xa7, 0x00, 0x00, 0x00, 0x01, 0x00, 0x00, 0x00,
  0xb8, 0xbc, 0xef, 0x06, 0x88, 0xba, 0xef, 0x06, 0x4c, 0x61, 0x6d, 0x70, 0x00, 0x00, 0x00, 0x00,
  0x00, 0x00, 0x00, 0x00, 0x00, 0x00, 0x00, 0x00, 0x00, 0x00, 0x00, 0x00, 0x00, 0x00, 0x00, 0x00,
  0x00, 0x00, 0x00, 0x00, 0x00, 0x00, 0x00, 0x00, 0x00, 0x00, 0x00, 0x00, 0x00, 0x00, 0x00, 0x00,
  0x00, 0x00, 0x00, 0x00, 0x00, 0x00, 0x00, 0x00, 0x00, 0x00, 0x00, 0x00, 0x00, 0x00, 0x00, 0x00,
  0x00, 0x00, 0x00, 0x00, 0x00, 0x00, 0x00, 0x00, 0x4c, 0x61, 0x6d, 0x70, 0x00, 0x00, 0x00, 0x00,
  0x00, 0x00, 0x00, 0x00, 0x00, 0x00, 0x00, 0x00, 0x00, 0x00, 0x00, 0x00, 0x00, 0x00, 0x00, 0x00,
  0x00, 0x00, 0x00, 0x00, 0x00, 0x00, 0x00, 0x00, 0x00, 0x00, 0x00, 0x00, 0x00, 0x00, 0x00, 0x00,
  0x00, 0x00, 0x00, 0x00, 0x00, 0x00, 0x00, 0x00, 0x00, 0x00, 0x00, 0x00, 0x00, 0x00, 0x00, 0x00,
  0x00, 0x00, 0x00, 0x00, 0x00, 0x00, 0x00, 0x00, 0x00, 0x00, 0x00, 0x00, 0x00, 0x00, 0x00, 0x00,
  0x00, 0x00, 0x00, 0x00, 0x00, 0x00, 0x00, 0x00, 0x00, 0x00, 0x00, 0x00, 0x00, 0x00, 0x00, 0x00,
  0x00, 0x00, 0x00, 0x00, 0x00, 0x00, 0x00, 0x00, 0x00, 0x00, 0x00, 0x00, 0x00, 0x00, 0x00, 0x00,
  0x00, 0x00, 0x00, 0x00, 0x00, 0x00, 0x00, 0x00, 0x00, 0x00, 0x00, 0x00, 0x00, 0x00, 0x00, 0x00,
  0x00, 0x00, 0x00, 0x00, 0x00, 0x00, 0x00, 0x00, 0x46, 0x01, 0x00, 0x00, 0x3e, 0x01, 0xcc, 0x00,
  0x00, 0x00, 0x00, 0x00, 0x01, 0x00, 0x00, 0x00, 0x00, 0x00, 0x00, 0x00, 0x00, 0x00, 0x00, 0x00,
  0x00, 0x00, 0x00, 0x00, 0x44, 0x41, 0x54, 0x41, 0xe4, 0x00, 0x00, 0x00, 0xb8, 0xbc, 0xef, 0x06,
  0xa7, 0x00, 0x00, 0x00, 0x01, 0x00, 0x00, 0x00, 0xd0, 0xbd, 0xef, 0x06, 0xa0, 0xbb, 0xef, 0x06,
  0x53, 0x70, 0x6f, 0x74, 0x00, 0x00, 0x00, 0x00, 0x00, 0x00, 0x00, 0x00, 0x00, 0x00, 0x00, 0x00,
  0x00, 0x00, 0x00, 0x00, 0x00, 0x00, 0x00, 0x00, 0x00, 0x00, 0x00, 0x00, 0x00, 0x00, 0x00, 0x00,
  0x00, 0x00, 0x00, 0x00, 0x00, 0x00, 0x00, 0x00, 0x00, 0x00, 0x00, 0x00, 0x00, 0x00, 0x00, 0x00,
  0x00, 0x00, 0x00, 0x00, 0x00, 0x00, 0x00, 0x00, 0x00, 0x00, 0x00, 0x00, 0x00, 0x00, 0x00, 0x00,
  0x4c, 0x61, 0x6d, 0x70, 0x00, 0x00, 0x00, 0x00, 0x00, 0x00, 0x00, 0x00, 0x00, 0x00, 0x00, 0x00,
  0x00, 0x00, 0x00, 0x00, 0x00, 0x00, 0x00, 0x00, 0x00, 0x00, 0x00, 0x00, 0x00, 0x00, 0x00, 0x00,
  0x00, 0x00, 0x00, 0x00, 0x00, 0x00, 0x00, 0x00, 0x00, 0x00, 0x00, 0x00, 0x00, 0x00, 0x00, 0x00,
  0x00, 0x00, 0x00, 0x00, 0x00, 0x00, 0x00, 0x00, 0x00, 0x00, 0x00, 0x00, 0x00, 0x00, 0x00, 0x00,
  0x00, 0x00, 0x00, 0x00, 0x00, 0x00, 0x00, 0x00, 0x00, 0x00, 0x00, 0x00, 0x00, 0x00, 0x00, 0x00,
  0x00, 0x00, 0x00, 0x00, 0x00, 0x00, 0x00, 0x00, 0x00, 0x00, 0x00, 0x00, 0x00, 0x00, 0x00, 0x00,
  0x00, 0x00, 0x00, 0x00, 0x00, 0x00, 0x00, 0x00, 0x00, 0x00, 0x00, 0x00, 0x00, 0x00, 0x00, 0x00,
  0x00, 0x00, 0x00, 0x00, 0x00, 0x00, 0x00, 0x00, 0x00, 0x00, 0x00, 0x00, 0x00, 0x00, 0x00, 0x00,
  0x8c, 0x02, 0x00, 0x00, 0x3e, 0x01, 0xcc, 0x00, 0x00, 0x00, 0x00, 0x00, 0x01, 0x00, 0x00, 0x00,
  0x00, 0x00, 0x00, 0x00, 0x00, 0x00, 0x00, 0x00, 0x00, 0x00, 0x00, 0x00, 0x44, 0x41, 0x54, 0x41,
  0xe4, 0x00, 0x00, 0x00, 0xd0, 0xbd, 0xef, 0x06, 0xa7, 0x00, 0x00, 0x00, 0x01, 0x00, 0x00, 0x00,
  0xe8, 0xbe, 0xef, 0x06, 0xb8, 0xbc, 0xef, 0x06, 0x54, 0x65, 0x78, 0x74, 0x75, 0x72, 0x65, 0x20,
  0x61, 0x6e, 0x64, 0x20, 0x49, 0x6e, 0x70, 0x75, 0x74, 0x00, 0x00, 0x00, 0x00, 0x00, 0x00, 0x00,
  0x00, 0x00, 0x00, 0x00, 0x00, 0x00, 0x00, 0x00, 0x00, 0x00, 0x00, 0x00, 0x00, 0x00, 0x00, 0x00,
  0x00, 0x00, 0x00, 0x00, 0x00, 0x00, 0x00, 0x00, 0x00, 0x00, 0x00, 0x00, 0x00, 0x00, 0x00, 0x00,
  0x00, 0x00, 0x00, 0x00, 0x00, 0x00, 0x00, 0x00, 0x4c, 0x61, 0x6d, 0x70, 0x00, 0x00, 0x00, 0x00,
  0x00, 0x00, 0x00, 0x00, 0x00, 0x00, 0x00, 0x00, 0x00, 0x00, 0x00, 0x00, 0x00, 0x00, 0x00, 0x00,
  0x00, 0x00, 0x00, 0x00, 0x00, 0x00, 0x00, 0x00, 0x00, 0x00, 0x00, 0x00, 0x00, 0x00, 0x00, 0x00,
  0x00, 0x00, 0x00, 0x00, 0x00, 0x00, 0x00, 0x00, 0x00, 0x00, 0x00, 0x00, 0x00, 0x00, 0x00, 0x00,
  0x00, 0x00, 0x00, 0x00, 0x00, 0x00, 0x00, 0x00, 0x00, 0x00, 0x00, 0x00, 0x00, 0x00, 0x00, 0x00,
  0x00, 0x00, 0x00, 0x00, 0x00, 0x00, 0x00, 0x00, 0x00, 0x00, 0x00, 0x00, 0x00, 0x00, 0x00, 0x00,
  0x00, 0x00, 0x00, 0x00, 0x00, 0x00, 0x00, 0x00, 0x00, 0x00, 0x00, 0x00, 0x00, 0x00, 0x00, 0x00,
  0x00, 0x00, 0x00, 0x00, 0x00, 0x00, 0x00, 0x00, 0x00, 0x00, 0x00, 0x00, 0x00, 0x00, 0x00, 0x00,
  0x00, 0x00, 0x00, 0x00, 0x00, 0x00, 0x00, 0x00, 0xd2, 0x03, 0x00, 0x00, 0x3e, 0x01, 0xcc, 0x00,
  0x00, 0x00, 0x00, 0x00, 0x01, 0x00, 0x00, 0x00, 0x00, 0x00, 0x00, 0x00, 0x00, 0x00, 0x00, 0x00,
  0x00, 0x00, 0x00, 0x00, 0x44, 0x41, 0x54, 0x41, 0xe4, 0x00, 0x00, 0x00, 0xe8, 0xbe, 0xef, 0x06,
  0xa7, 0x00, 0x00, 0x00, 0x01, 0x00, 0x00, 0x00, 0x00, 0xc0, 0xef, 0x06, 0xd0, 0xbd, 0xef, 0x06,
  0x4d, 0x61, 0x70, 0x20, 0x54, 0x6f, 0x00, 0x00, 0x00, 0x00, 0x00, 0x00, 0x00, 0x00, 0x00, 0x00,
  0x00, 0x00, 0x00, 0x00, 0x00, 0x00, 0x00, 0x00, 0x00, 0x00, 0x00, 0x00, 0x00, 0x00, 0x00, 0x00,
  0x00, 0x00, 0x00, 0x00, 0x00, 0x00, 0x00, 0x00, 0x00, 0x00, 0x00, 0x00, 0x00, 0x00, 0x00, 0x00,
  0x00, 0x00, 0x00, 0x00, 0x00, 0x00, 0x00, 0x00, 0x00, 0x00, 0x00, 0x00, 0x00, 0x00, 0x00, 0x00,
  0x4c, 0x61, 0x6d, 0x70, 0x00, 0x00, 0x00, 0x00, 0x00, 0x00, 0x00, 0x00, 0x00, 0x00, 0x00, 0x00,
  0x00, 0x00, 0x00, 0x00, 0x00, 0x00, 0x00, 0x00, 0x00, 0x00, 0x00, 0x00, 0x00, 0x00, 0x00, 0x00,
  0x00, 0x00, 0x00, 0x00, 0x00, 0x00, 0x00, 0x00, 0x00, 0x00, 0x00, 0x00, 0x00, 0x00, 0x00, 0x00,
  0x00, 0x00, 0x00, 0x00, 0x00, 0x00, 0x00, 0x00, 0x00, 0x00, 0x00, 0x00, 0x00, 0x00, 0x00, 0x00,
  0x00, 0x00, 0x00, 0x00, 0x00, 0x00, 0x00, 0x00, 0x00, 0x00, 0x00, 0x00, 0x00, 0x00, 0x00, 0x00,
  0x00, 0x00, 0x00, 0x00, 0x00, 0x00, 0x00, 0x00, 0x00, 0x00, 0x00, 0x00, 0x00, 0x00, 0x00, 0x00,
  0x00, 0x00, 0x00, 0x00, 0x00, 0x00, 0x00, 0x00, 0x00, 0x00, 0x00, 0x00, 0x00, 0x00, 0x00, 0x00,
  0x00, 0x00, 0x00, 0x00, 0x00, 0x00, 0x00, 0x00, 0x00, 0x00, 0x00, 0x00, 0x00, 0x00, 0x00, 0x00,
  0xd2, 0x03, 0x00, 0x00, 0x3e, 0x01, 0xcc, 0x00, 0x00, 0x00, 0x00, 0x00, 0x01, 0x00, 0x00, 0x00,
  0x00, 0x00, 0x00, 0x00, 0x00, 0x00, 0x00, 0x00, 0xd0, 0xbd, 0xef, 0x06, 0x44, 0x41, 0x54, 0x41,
  0xe4, 0x00, 0x00, 0x00, 0x00, 0xc0, 0xef, 0x06, 0xa7, 0x00, 0x00, 0x00, 0x01, 0x00, 0x00, 0x00,
  0x18, 0xc1, 0xef, 0x06, 0xe8, 0xbe, 0xef, 0x06, 0x50, 0x72, 0x65, 0x76, 0x69, 0x65, 0x77, 0x00,
  0x00, 0x00, 0x00, 0x00, 0x00, 0x00, 0x00, 0x00, 0x00, 0x00, 0x00, 0x00, 0x00, 0x00, 0x00, 0x00,
  0x00, 0x00, 0x00, 0x00, 0x00, 0x00, 0x00, 0x00, 0x00, 0x00, 0x00, 0x00, 0x00, 0x00, 0x00, 0x00,
  0x00, 0x00, 0x00, 0x00, 0x00, 0x00, 0x00, 0x00, 0x00, 0x00, 0x00, 0x00, 0x00, 0x00, 0x00, 0x00,
  0x00, 0x00, 0x00, 0x00, 0x00, 0x00, 0x00, 0x00, 0x4d, 0x61, 0x74, 0x65, 0x72, 0x69, 0x61, 0x6c,
  0x00, 0x00, 0x00, 0x00, 0x00, 0x00, 0x00, 0x00, 0x00, 0x00, 0x00, 0x00, 0x00, 0x00, 0x00, 0x00,
  0x00, 0x00, 0x00, 0x00, 0x00, 0x00, 0x00, 0x00, 0x00, 0x00, 0x00, 0x00, 0x00, 0x00, 0x00, 0x00,
  0x00, 0x00, 0x00, 0x00, 0x00, 0x00, 0x00, 0x00, 0x00, 0x00, 0x00, 0x00, 0x00, 0x00, 0x00, 0x00,
  0x00, 0x00, 0x00, 0x00, 0x00, 0x00, 0x00, 0x00, 0x00, 0x00, 0x00, 0x00, 0x00, 0x00, 0x00, 0x00,
  0x00, 0x00, 0x00, 0x00, 0x00, 0x00, 0x00, 0x00, 0x00, 0x00, 0x00, 0x00, 0x00, 0x00, 0x00, 0x00,
  0x00, 0x00, 0x00, 0x00, 0x00, 0x00, 0x00, 0x00, 0x00, 0x00, 0x00, 0x00, 0x00, 0x00, 0x00, 0x00,
  0x00, 0x00, 0x00, 0x00, 0x00, 0x00, 0x00, 0x00, 0x00, 0x00, 0x00, 0x00, 0x00, 0x00, 0x00, 0x00,
  0x00, 0x00, 0x00, 0x00, 0x00, 0x00, 0x00, 0x00, 0x00, 0x00, 0x00, 0x00, 0x3e, 0x01, 0xcc, 0x00,
  0x00, 0x00, 0x00, 0x00, 0x01, 0x00, 0x00, 0x00, 0x00, 0x00, 0x00, 0x00, 0x00, 0x00, 0x00, 0x00,
  0x00, 0x00, 0x00, 0x00, 0x44, 0x41, 0x54, 0x41, 0xe4, 0x00, 0x00, 0x00, 0x18, 0xc1, 0xef, 0x06,
  0xa7, 0x00, 0x00, 0x00, 0x01, 0x00, 0x00, 0x00, 0x30, 0xc2, 0xef, 0x06, 0x00, 0xc0, 0xef, 0x06,
  0x4d, 0x61, 0x74, 0x65, 0x72, 0x69, 0x61, 0x6c, 0x00, 0x00, 0x00, 0x00, 0x00, 0x00, 0x00, 0x00,
  0x00, 0x00, 0x00, 0x00, 0x00, 0x00, 0x00, 0x00, 0x00, 0x00, 0x00, 0x00, 0x00, 0x00, 0x00, 0x00,
  0x00, 0x00, 0x00, 0x00, 0x00, 0x00, 0x00, 0x00, 0x00, 0x00, 0x00, 0x00, 0x00, 0x00, 0x00, 0x00,
  0x00, 0x00, 0x00, 0x00, 0x00, 0x00, 0x00, 0x00, 0x00, 0x00, 0x00, 0x00, 0x00, 0x00, 0x00, 0x00,
  0x4d, 0x61, 0x74, 0x65, 0x72, 0x69, 0x61, 0x6c, 0x00, 0x00, 0x00, 0x00, 0x00, 0x00, 0x00, 0x00,
  0x00, 0x00, 0x00, 0x00, 0x00, 0x00, 0x00, 0x00, 0x00, 0x00, 0x00, 0x00, 0x00, 0x00, 0x00, 0x00,
  0x00, 0x00, 0x00, 0x00, 0x00, 0x00, 0x00, 0x00, 0x00, 0x00, 0x00, 0x00, 0x00, 0x00, 0x00, 0x00,
  0x00, 0x00, 0x00, 0x00, 0x00, 0x00, 0x00, 0x00, 0x00, 0x00, 0x00, 0x00, 0x00, 0x00, 0x00, 0x00,
  0x00, 0x00, 0x00, 0x00, 0x00, 0x00, 0x00, 0x00, 0x00, 0x00, 0x00, 0x00, 0x00, 0x00, 0x00, 0x00,
  0x00, 0x00, 0x00, 0x00, 0x00, 0x00, 0x00, 0x00, 0x00, 0x00, 0x00, 0x00, 0x00, 0x00, 0x00, 0x00,
  0x00, 0x00, 0x00, 0x00, 0x00, 0x00, 0x00, 0x00, 0x00, 0x00, 0x00, 0x00, 0x00, 0x00, 0x00, 0x00,
  0x00, 0x00, 0x00, 0x00, 0x00, 0x00, 0x00, 0x00, 0x00, 0x00, 0x00, 0x00, 0x00, 0x00, 0x00, 0x00,
  0x46, 0x01, 0x00, 0x00, 0x3e, 0x01, 0xcc, 0x00, 0x00, 0x00, 0x00, 0x00, 0x01, 0x00, 0x00, 0x00,
  0x00, 0x00, 0x00, 0x00, 0x00, 0x00, 0x00, 0x00, 0x00, 0x00, 0x00, 0x00, 0x44, 0x41, 0x54, 0x41,
  0xe4, 0x00, 0x00, 0x00, 0x30, 0xc2, 0xef, 0x06, 0xa7, 0x00, 0x00, 0x00, 0x01, 0x00, 0x00, 0x00,
  0x48, 0xc3, 0xef, 0x06, 0x18, 0xc1, 0xef, 0x06, 0x50, 0x72, 0x65, 0x76, 0x69, 0x65, 0x77, 0x00,
  0x00, 0x00, 0x00, 0x00, 0x00, 0x00, 0x00, 0x00, 0x00, 0x00, 0x00, 0x00, 0x00, 0x00, 0x00, 0x00,
  0x00, 0x00, 0x00, 0x00, 0x00, 0x00, 0x00, 0x00, 0x00, 0x00, 0x00, 0x00, 0x00, 0x00, 0x00, 0x00,
  0x00, 0x00, 0x00, 0x00, 0x00, 0x00, 0x00, 0x00, 0x00, 0x00, 0x00, 0x00, 0x00, 0x00, 0x00, 0x00,
  0x00, 0x00, 0x00, 0x00, 0x00, 0x00, 0x00, 0x00, 0x57, 0x6f, 0x72, 0x6c, 0x64, 0x00, 0x00, 0x00,
  0x00, 0x00, 0x00, 0x00, 0x00, 0x00, 0x00, 0x00, 0x00, 0x00, 0x00, 0x00, 0x00, 0x00, 0x00, 0x00,
  0x00, 0x00, 0x00, 0x00, 0x00, 0x00, 0x00, 0x00, 0x00, 0x00, 0x00, 0x00, 0x00, 0x00, 0x00, 0x00,
  0x00, 0x00, 0x00, 0x00, 0x00, 0x00, 0x00, 0x00, 0x00, 0x00, 0x00, 0x00, 0x00, 0x00, 0x00, 0x00,
  0x00, 0x00, 0x00, 0x00, 0x00, 0x00, 0x00, 0x00, 0x00, 0x00, 0x00, 0x00, 0x00, 0x00, 0x00, 0x00,
  0x00, 0x00, 0x00, 0x00, 0x00, 0x00, 0x00, 0x00, 0x00, 0x00, 0x00, 0x00, 0x00, 0x00, 0x00, 0x00,
  0x00, 0x00, 0x00, 0x00, 0x00, 0x00, 0x00, 0x00, 0x00, 0x00, 0x00, 0x00, 0x00, 0x00, 0x00, 0x00,
  0x00, 0x00, 0x00, 0x00, 0x00, 0x00, 0x00, 0x00, 0x00, 0x00, 0x00, 0x00, 0x00, 0x00, 0x00, 0x00,
  0x00, 0x00, 0x00, 0x00, 0x00, 0x00, 0x00, 0x00, 0x00, 0x00, 0x00, 0x00, 0x3e, 0x01, 0xcc, 0x00,
  0x00, 0x00, 0x00, 0x00, 0x01, 0x00, 0x00, 0x00, 0x00, 0x00, 0x00, 0x00, 0x00, 0x00, 0x00, 0x00,
  0x00, 0x00, 0x00, 0x00, 0x44, 0x41, 0x54, 0x41, 0xe4, 0x00, 0x00, 0x00, 0x48, 0xc3, 0xef, 0x06,
  0xa7, 0x00, 0x00, 0x00, 0x01, 0x00, 0x00, 0x00, 0x60, 0xc4, 0xef, 0x06, 0x30, 0xc2, 0xef, 0x06,
  0x57, 0x6f, 0x72, 0x6c, 0x64, 0x00, 0x00, 0x00, 0x00, 0x00, 0x00, 0x00, 0x00, 0x00, 0x00, 0x00,
  0x00, 0x00, 0x00, 0x00, 0x00, 0x00, 0x00, 0x00, 0x00, 0x00, 0x00, 0x00, 0x00, 0x00, 0x00, 0x00,
  0x00, 0x00, 0x00, 0x00, 0x00, 0x00, 0x00, 0x00, 0x00, 0x00, 0x00, 0x00, 0x00, 0x00, 0x00, 0x00,
  0x00, 0x00, 0x00, 0x00, 0x00, 0x00, 0x00, 0x00, 0x00, 0x00, 0x00, 0x00, 0x00, 0x00, 0x00, 0x00,
  0x57, 0x6f, 0x72, 0x6c, 0x64, 0x00, 0x00, 0x00, 0x00, 0x00, 0x00, 0x00, 0x00, 0x00, 0x00, 0x00,
  0x00, 0x00, 0x00, 0x00, 0x00, 0x00, 0x00, 0x00, 0x00, 0x00, 0x00, 0x00, 0x00, 0x00, 0x00, 0x00,
  0x00, 0x00, 0x00, 0x00, 0x00, 0x00, 0x00, 0x00, 0x00, 0x00, 0x00, 0x00, 0x00, 0x00, 0x00, 0x00,
  0x00, 0x00, 0x00, 0x00, 0x00, 0x00, 0x00, 0x00, 0x00, 0x00, 0x00, 0x00, 0x00, 0x00, 0x00, 0x00,
  0x00, 0x00, 0x00, 0x00, 0x00, 0x00, 0x00, 0x00, 0x00, 0x00, 0x00, 0x00, 0x00, 0x00, 0x00, 0x00,
  0x00, 0x00, 0x00, 0x00, 0x00, 0x00, 0x00, 0x00, 0x00, 0x00, 0x00, 0x00, 0x00, 0x00, 0x00, 0x00,
  0x00, 0x00, 0x00, 0x00, 0x00, 0x00, 0x00, 0x00, 0x00, 0x00, 0x00, 0x00, 0x00, 0x00, 0x00, 0x00,
  0x00, 0x00, 0x00, 0x00, 0x00, 0x00, 0x00, 0x00, 0x00, 0x00, 0x00, 0x00, 0x00, 0x00, 0x00, 0x00,
  0x46, 0x01, 0x00, 0x00, 0x3e, 0x01, 0xcc, 0x00, 0x00, 0x00, 0x00, 0x00, 0x01, 0x00, 0x00, 0x00,
  0x00, 0x00, 0x00, 0x00, 0x00, 0x00, 0x00, 0x00, 0x00, 0x00, 0x00, 0x00, 0x44, 0x41, 0x54, 0x41,
  0xe4, 0x00, 0x00, 0x00, 0x60, 0xc4, 0xef, 0x06, 0xa7, 0x00, 0x00, 0x00, 0x01, 0x00, 0x00, 0x00,
  0x78, 0xc5, 0xef, 0x06, 0x48, 0xc3, 0xef, 0x06, 0x4d, 0x69, 0x73, 0x74, 0x20, 0x53, 0x74, 0x61,
  0x72, 0x73, 0x20, 0x50, 0x68, 0x79, 0x73, 0x69, 0x63, 0x73, 0x00, 0x00, 0x00, 0x00, 0x00, 0x00,
  0x00, 0x00, 0x00, 0x00, 0x00, 0x00, 0x00, 0x00, 0x00, 0x00, 0x00, 0x00, 0x00, 0x00, 0x00, 0x00,
  0x00, 0x00, 0x00, 0x00, 0x00, 0x00, 0x00, 0x00, 0x00, 0x00, 0x00, 0x00, 0x00, 0x00, 0x00, 0x00,
  0x00, 0x00, 0x00, 0x00, 0x00, 0x00, 0x00, 0x00, 0x57, 0x6f, 0x72, 0x6c, 0x64, 0x00, 0x00, 0x00,
  0x00, 0x00, 0x00, 0x00, 0x00, 0x00, 0x00, 0x00, 0x00, 0x00, 0x00, 0x00, 0x00, 0x00, 0x00, 0x00,
  0x00, 0x00, 0x00, 0x00, 0x00, 0x00, 0x00, 0x00, 0x00, 0x00, 0x00, 0x00, 0x00, 0x00, 0x00, 0x00,
  0x00, 0x00, 0x00, 0x00, 0x00, 0x00, 0x00, 0x00, 0x00, 0x00, 0x00, 0x00, 0x00, 0x00, 0x00, 0x00,
  0x00, 0x00, 0x00, 0x00, 0x00, 0x00, 0x00, 0x00, 0x00, 0x00, 0x00, 0x00, 0x00, 0x00, 0x00, 0x00,
  0x00, 0x00, 0x00, 0x00, 0x00, 0x00, 0x00, 0x00, 0x00, 0x00, 0x00, 0x00, 0x00, 0x00, 0x00, 0x00,
  0x00, 0x00, 0x00, 0x00, 0x00, 0x00, 0x00, 0x00, 0x00, 0x00, 0x00, 0x00, 0x00, 0x00, 0x00, 0x00,
  0x00, 0x00, 0x00, 0x00, 0x00, 0x00, 0x00, 0x00, 0x00, 0x00, 0x00, 0x00, 0x00, 0x00, 0x00, 0x00,
  0x00, 0x00, 0x00, 0x00, 0x00, 0x00, 0x00, 0x00, 0x8c, 0x02, 0x00, 0x00, 0x3e, 0x01, 0xcc, 0x00,
  0x00, 0x00, 0x00, 0x00, 0x01, 0x00, 0x00, 0x00, 0x00, 0x00, 0x00, 0x00, 0x00, 0x00, 0x00, 0x00,
  0x00, 0x00, 0x00, 0x00, 0x44, 0x41, 0x54, 0x41, 0xe4, 0x00, 0x00, 0x00, 0x78, 0xc5, 0xef, 0x06,
  0xa7, 0x00, 0x00, 0x00, 0x01, 0x00, 0x00, 0x00, 0x90, 0xc6, 0xef, 0x06, 0x60, 0xc4, 0xef, 0x06,
  0x54, 0x65, 0x78, 0x74, 0x75, 0x72, 0x65, 0x20, 0x61, 0x6e, 0x64, 0x20, 0x49, 0x6e, 0x70, 0x75,
  0x74, 0x00, 0x00, 0x00, 0x00, 0x00, 0x00, 0x00, 0x00, 0x00, 0x00, 0x00, 0x00, 0x00, 0x00, 0x00,
  0x00, 0x00, 0x00, 0x00, 0x00, 0x00, 0x00, 0x00, 0x00, 0x00, 0x00, 0x00, 0x00, 0x00, 0x00, 0x00,
  0x00, 0x00, 0x00, 0x00, 0x00, 0x00, 0x00, 0x00, 0x00, 0x00, 0x00, 0x00, 0x00, 0x00, 0x00, 0x00,
  0x57, 0x6f, 0x72, 0x6c, 0x64, 0x00, 0x00, 0x00, 0x00, 0x00, 0x00, 0x00, 0x00, 0x00, 0x00, 0x00,
  0x00, 0x00, 0x00, 0x00, 0x00, 0x00, 0x00, 0x00, 0x00, 0x00, 0x00, 0x00, 0x00, 0x00, 0x00, 0x00,
  0x00, 0x00, 0x00, 0x00, 0x00, 0x00, 0x00, 0x00, 0x00, 0x00, 0x00, 0x00, 0x00, 0x00, 0x00, 0x00,
  0x00, 0x00, 0x00, 0x00, 0x00, 0x00, 0x00, 0x00, 0x00, 0x00, 0x00, 0x00, 0x00, 0x00, 0x00, 0x00,
  0x00, 0x00, 0x00, 0x00, 0x00, 0x00, 0x00, 0x00, 0x00, 0x00, 0x00, 0x00, 0x00, 0x00, 0x00, 0x00,
  0x00, 0x00, 0x00, 0x00, 0x00, 0x00, 0x00, 0x00, 0x00, 0x00, 0x00, 0x00, 0x00, 0x00, 0x00, 0x00,
  0x00, 0x00, 0x00, 0x00, 0x00, 0x00, 0x00, 0x00, 0x00, 0x00, 0x00, 0x00, 0x00, 0x00, 0x00, 0x00,
  0x00, 0x00, 0x00, 0x00, 0x00, 0x00, 0x00, 0x00, 0x00, 0x00, 0x00, 0x00, 0x00, 0x00, 0x00, 0x00,
  0xd2, 0x03, 0x00, 0x00, 0x3e, 0x01, 0xcc, 0x00, 0x00, 0x00, 0x00, 0x00, 0x01, 0x00, 0x00, 0x00,
  0x00, 0x00, 0x00, 0x00, 0x00, 0x00, 0x00, 0x00, 0x00, 0x00, 0x00, 0x00, 0x44, 0x41, 0x54, 0x41,
  0xe4, 0x00, 0x00, 0x00, 0x90, 0xc6, 0xef, 0x06, 0xa7, 0x00, 0x00, 0x00, 0x01, 0x00, 0x00, 0x00,
  0xe8, 0xcf, 0xef, 0x06, 0x78, 0xc5, 0xef, 0x06, 0x4d, 0x61, 0x70, 0x20, 0x54, 0x6f, 0x00, 0x00,
  0x00, 0x00, 0x00, 0x00, 0x00, 0x00, 0x00, 0x00, 0x00, 0x00, 0x00, 0x00, 0x00, 0x00, 0x00, 0x00,
  0x00, 0x00, 0x00, 0x00, 0x00, 0x00, 0x00, 0x00, 0x00, 0x00, 0x00, 0x00, 0x00, 0x00, 0x00, 0x00,
  0x00, 0x00, 0x00, 0x00, 0x00, 0x00, 0x00, 0x00, 0x00, 0x00, 0x00, 0x00, 0x00, 0x00, 0x00, 0x00,
  0x00, 0x00, 0x00, 0x00, 0x00, 0x00, 0x00, 0x00, 0x57, 0x6f, 0x72, 0x6c, 0x64, 0x00, 0x00, 0x00,
  0x00, 0x00, 0x00, 0x00, 0x00, 0x00, 0x00, 0x00, 0x00, 0x00, 0x00, 0x00, 0x00, 0x00, 0x00, 0x00,
  0x00, 0x00, 0x00, 0x00, 0x00, 0x00, 0x00, 0x00, 0x00, 0x00, 0x00, 0x00, 0x00, 0x00, 0x00, 0x00,
  0x00, 0x00, 0x00, 0x00, 0x00, 0x00, 0x00, 0x00, 0x00, 0x00, 0x00, 0x00, 0x00, 0x00, 0x00, 0x00,
  0x00, 0x00, 0x00, 0x00, 0x00, 0x00, 0x00, 0x00, 0x00, 0x00, 0x00, 0x00, 0x00, 0x00, 0x00, 0x00,
  0x00, 0x00, 0x00, 0x00, 0x00, 0x00, 0x00, 0x00, 0x00, 0x00, 0x00, 0x00, 0x00, 0x00, 0x00, 0x00,
  0x00, 0x00, 0x00, 0x00, 0x00, 0x00, 0x00, 0x00, 0x00, 0x00, 0x00, 0x00, 0x00, 0x00, 0x00, 0x00,
  0x00, 0x00, 0x00, 0x00, 0x00, 0x00, 0x00, 0x00, 0x00, 0x00, 0x00, 0x00, 0x00, 0x00, 0x00, 0x00,
  0x00, 0x00, 0x00, 0x00, 0x00, 0x00, 0x00, 0x00, 0xd2, 0x03, 0x00, 0x00, 0x3e, 0x01, 0xcc, 0x00,
  0x00, 0x00, 0x00, 0x00, 0x01, 0x00, 0x00, 0x00, 0x00, 0x00, 0x00, 0x00, 0x00, 0x00, 0x00, 0x00,
  0x78, 0xc5, 0xef, 0x06, 0x44, 0x41, 0x54, 0x41, 0xe4, 0x00, 0x00, 0x00, 0xe8, 0xcf, 0xef, 0x06,
  0xa7, 0x00, 0x00, 0x00, 0x01, 0x00, 0x00, 0x00, 0x00, 0xd1, 0xef, 0x06, 0x90, 0xc6, 0xef, 0x06,
  0x4f, 0x75, 0x74, 0x70, 0x75, 0x74, 0x00, 0x00, 0x00, 0x00, 0x00, 0x00, 0x00, 0x00, 0x00, 0x00,
  0x00, 0x00, 0x00, 0x00, 0x00, 0x00, 0x00, 0x00, 0x00, 0x00, 0x00, 0x00, 0x00, 0x00, 0x00, 0x00,
  0x00, 0x00, 0x00, 0x00, 0x00, 0x00, 0x00, 0x00, 0x00, 0x00, 0x00, 0x00, 0x00, 0x00, 0x00, 0x00,
  0x00, 0x00, 0x00, 0x00, 0x00, 0x00, 0x00, 0x00, 0x00, 0x00, 0x00, 0x00, 0x00, 0x00, 0x00, 0x00,
  0x52, 0x65, 0x6e, 0x64, 0x65, 0x72, 0x00, 0x00, 0x00, 0x00, 0x00, 0x00, 0x00, 0x00, 0x00, 0x00,
  0x00, 0x00, 0x00, 0x00, 0x00, 0x00, 0x00, 0x00, 0x00, 0x00, 0x00, 0x00, 0x00, 0x00, 0x00, 0x00,
  0x00, 0x00, 0x00, 0x00, 0x00, 0x00, 0x00, 0x00, 0x00, 0x00, 0x00, 0x00, 0x00, 0x00, 0x00, 0x00,
  0x00, 0x00, 0x00, 0x00, 0x00, 0x00, 0x00, 0x00, 0x00, 0x00, 0x00, 0x00, 0x00, 0x00, 0x00, 0x00,
  0x00, 0x00, 0x00, 0x00, 0x00, 0x00, 0x00, 0x00, 0x00, 0x00, 0x00, 0x00, 0x00, 0x00, 0x00, 0x00,
  0x00, 0x00, 0x00, 0x00, 0x00, 0x00, 0x00, 0x00, 0x00, 0x00, 0x00, 0x00, 0x00, 0x00, 0x00, 0x00,
  0x00, 0x00, 0x00, 0x00, 0x00, 0x00, 0x00, 0x00, 0x00, 0x00, 0x00, 0x00, 0x00, 0x00, 0x00, 0x00,
  0x00, 0x00, 0x00, 0x00, 0x00, 0x00, 0x00, 0x00, 0x00, 0x00, 0x00, 0x00, 0x00, 0x00, 0x00, 0x00,
  0x00, 0x00, 0x00, 0x00, 0x3e, 0x01, 0xcc, 0x00, 0x00, 0x00, 0x00, 0x00, 0x01, 0x00, 0x00, 0x00,
  0x00, 0x00, 0x00, 0x00, 0x00, 0x00, 0x00, 0x00, 0x00, 0x00, 0x00, 0x00, 0x44, 0x41, 0x54, 0x41,
  0xe4, 0x00, 0x00, 0x00, 0x00, 0xd1, 0xef, 0x06, 0xa7, 0x00, 0x00, 0x00, 0x01, 0x00, 0x00, 0x00,
  0x18, 0xd2, 0xef, 0x06, 0xe8, 0xcf, 0xef, 0x06, 0x52, 0x65, 0x6e, 0x64, 0x65, 0x72, 0x00, 0x00,
  0x00, 0x00, 0x00, 0x00, 0x00, 0x00, 0x00, 0x00, 0x00, 0x00, 0x00, 0x00, 0x00, 0x00, 0x00, 0x00,
  0x00, 0x00, 0x00, 0x00, 0x00, 0x00, 0x00, 0x00, 0x00, 0x00, 0x00, 0x00, 0x00, 0x00, 0x00, 0x00,
  0x00, 0x00, 0x00, 0x00, 0x00, 0x00, 0x00, 0x00, 0x00, 0x00, 0x00, 0x00, 0x00, 0x00, 0x00, 0x00,
  0x00, 0x00, 0x00, 0x00, 0x00, 0x00, 0x00, 0x00, 0x52, 0x65, 0x6e, 0x64, 0x65, 0x72, 0x00, 0x00,
  0x00, 0x00, 0x00, 0x00, 0x00, 0x00, 0x00, 0x00, 0x00, 0x00, 0x00, 0x00, 0x00, 0x00, 0x00, 0x00,
  0x00, 0x00, 0x00, 0x00, 0x00, 0x00, 0x00, 0x00, 0x00, 0x00, 0x00, 0x00, 0x00, 0x00, 0x00, 0x00,
  0x00, 0x00, 0x00, 0x00, 0x00, 0x00, 0x00, 0x00, 0x00, 0x00, 0x00, 0x00, 0x00, 0x00, 0x00, 0x00,
  0x00, 0x00, 0x00, 0x00, 0x00, 0x00, 0x00, 0x00, 0x00, 0x00, 0x00, 0x00, 0x00, 0x00, 0x00, 0x00,
  0x00, 0x00, 0x00, 0x00, 0x00, 0x00, 0x00, 0x00, 0x00, 0x00, 0x00, 0x00, 0x00, 0x00, 0x00, 0x00,
  0x00, 0x00, 0x00, 0x00, 0x00, 0x00, 0x00, 0x00, 0x00, 0x00, 0x00, 0x00, 0x00, 0x00, 0x00, 0x00,
  0x00, 0x00, 0x00, 0x00, 0x00, 0x00, 0x00, 0x00, 0x00, 0x00, 0x00, 0x00, 0x00, 0x00, 0x00, 0x00,
  0x00, 0x00, 0x00, 0x00, 0x00, 0x00, 0x00, 0x00, 0x46, 0x01, 0x00, 0x00, 0x3e, 0x01, 0xcc, 0x00,
  0x00, 0x00, 0x00, 0x00, 0x01, 0x00, 0x00, 0x00, 0x00, 0x00, 0x00, 0x00, 0x00, 0x00, 0x00, 0x00,
  0x00, 0x00, 0x00, 0x00, 0x44, 0x41, 0x54, 0x41, 0xe4, 0x00, 0x00, 0x00, 0x18, 0xd2, 0xef, 0x06,
  0xa7, 0x00, 0x00, 0x00, 0x01, 0x00, 0x00, 0x00, 0x30, 0xd3, 0xef, 0x06, 0x00, 0xd1, 0xef, 0x06,
  0x41, 0x6e, 0x69, 0x6d, 0x00, 0x00, 0x00, 0x00, 0x00, 0x00, 0x00, 0x00, 0x00, 0x00, 0x00, 0x00,
  0x00, 0x00, 0x00, 0x00, 0x00, 0x00, 0x00, 0x00, 0x00, 0x00, 0x00, 0x00, 0x00, 0x00, 0x00, 0x00,
  0x00, 0x00, 0x00, 0x00, 0x00, 0x00, 0x00, 0x00, 0x00, 0x00, 0x00, 0x00, 0x00, 0x00, 0x00, 0x00,
  0x00, 0x00, 0x00, 0x00, 0x00, 0x00, 0x00, 0x00, 0x00, 0x00, 0x00, 0x00, 0x00, 0x00, 0x00, 0x00,
  0x52, 0x65, 0x6e, 0x64, 0x65, 0x72, 0x00, 0x00, 0x00, 0x00, 0x00, 0x00, 0x00, 0x00, 0x00, 0x00,
  0x00, 0x00, 0x00, 0x00, 0x00, 0x00, 0x00, 0x00, 0x00, 0x00, 0x00, 0x00, 0x00, 0x00, 0x00, 0x00,
  0x00, 0x00, 0x00, 0x00, 0x00, 0x00, 0x00, 0x00, 0x00, 0x00, 0x00, 0x00, 0x00, 0x00, 0x00, 0x00,
  0x00, 0x00, 0x00, 0x00, 0x00, 0x00, 0x00, 0x00, 0x00, 0x00, 0x00, 0x00, 0x00, 0x00, 0x00, 0x00,
  0x00, 0x00, 0x00, 0x00, 0x00, 0x00, 0x00, 0x00, 0x00, 0x00, 0x00, 0x00, 0x00, 0x00, 0x00, 0x00,
  0x00, 0x00, 0x00, 0x00, 0x00, 0x00, 0x00, 0x00, 0x00, 0x00, 0x00, 0x00, 0x00, 0x00, 0x00, 0x00,
  0x00, 0x00, 0x00, 0x00, 0x00, 0x00, 0x00, 0x00, 0x00, 0x00, 0x00, 0x00, 0x00, 0x00, 0x00, 0x00,
  0x00, 0x00, 0x00, 0x00, 0x00, 0x00, 0x00, 0x00, 0x00, 0x00, 0x00, 0x00, 0x00, 0x00, 0x00, 0x00,
  0x8c, 0x02, 0x00, 0x00, 0x3e, 0x01, 0xcc, 0x00, 0x00, 0x00, 0x00, 0x00, 0x01, 0x00, 0x00, 0x00,
  0x00, 0x00, 0x00, 0x00, 0x00, 0x00, 0x00, 0x00, 0x00, 0x00, 0x00, 0x00, 0x44, 0x41, 0x54, 0x41,
  0xe4, 0x00, 0x00, 0x00, 0x30, 0xd3, 0xef, 0x06, 0xa7, 0x00, 0x00, 0x00, 0x01, 0x00, 0x00, 0x00,
  0x48, 0xd4, 0xef, 0x06, 0x18, 0xd2, 0xef, 0x06, 0x46, 0x6f, 0x72, 0x6d, 0x61, 0x74, 0x00, 0x00,
  0x00, 0x00, 0x00, 0x00, 0x00, 0x00, 0x00, 0x00, 0x00, 0x00, 0x00, 0x00, 0x00, 0x00, 0x00, 0x00,
  0x00, 0x00, 0x00, 0x00, 0x00, 0x00, 0x00, 0x00, 0x00, 0x00, 0x00, 0x00, 0x00, 0x00, 0x00, 0x00,
  0x00, 0x00, 0x00, 0x00, 0x00, 0x00, 0x00, 0x00, 0x00, 0x00, 0x00, 0x00, 0x00, 0x00, 0x00, 0x00,
  0x00, 0x00, 0x00, 0x00, 0x00, 0x00, 0x00, 0x00, 0x52, 0x65, 0x6e, 0x64, 0x65, 0x72, 0x00, 0x00,
  0x00, 0x00, 0x00, 0x00, 0x00, 0x00, 0x00, 0x00, 0x00, 0x00, 0x00, 0x00, 0x00, 0x00, 0x00, 0x00,
  0x00, 0x00, 0x00, 0x00, 0x00, 0x00, 0x00, 0x00, 0x00, 0x00, 0x00, 0x00, 0x00, 0x00, 0x00, 0x00,
  0x00, 0x00, 0x00, 0x00, 0x00, 0x00, 0x00, 0x00, 0x00, 0x00, 0x00, 0x00, 0x00, 0x00, 0x00, 0x00,
  0x00, 0x00, 0x00, 0x00, 0x00, 0x00, 0x00, 0x00, 0x00, 0x00, 0x00, 0x00, 0x00, 0x00, 0x00, 0x00,
  0x00, 0x00, 0x00, 0x00, 0x00, 0x00, 0x00, 0x00, 0x00, 0x00, 0x00, 0x00, 0x00, 0x00, 0x00, 0x00,
  0x00, 0x00, 0x00, 0x00, 0x00, 0x00, 0x00, 0x00, 0x00, 0x00, 0x00, 0x00, 0x00, 0x00, 0x00, 0x00,
  0x00, 0x00, 0x00, 0x00, 0x00, 0x00, 0x00, 0x00, 0x00, 0x00, 0x00, 0x00, 0x00, 0x00, 0x00, 0x00,
  0x00, 0x00, 0x00, 0x00, 0x00, 0x00, 0x00, 0x00, 0xd2, 0x03, 0x00, 0x00, 0x3e, 0x01, 0xcc, 0x00,
  0x00, 0x00, 0x00, 0x00, 0x01, 0x00, 0x00, 0x00, 0x00, 0x00, 0x00, 0x00, 0x00, 0x00, 0x00, 0x00,
  0x00, 0x00, 0x00, 0x00, 0x44, 0x41, 0x54, 0x41, 0xe4, 0x00, 0x00, 0x00, 0x48, 0xd4, 0xef, 0x06,
  0xa7, 0x00, 0x00, 0x00, 0x01, 0x00, 0x00, 0x00, 0x60, 0xd5, 0xef, 0x06, 0x30, 0xd3, 0xef, 0x06,
  0x4c, 0x69, 0x6e, 0x6b, 0x20, 0x61, 0x6e, 0x64, 0x20, 0x4d, 0x61, 0x74, 0x65, 0x72, 0x69, 0x61,
  0x6c, 0x73, 0x00, 0x00, 0x00, 0x00, 0x00, 0x00, 0x00, 0x00, 0x00, 0x00, 0x00, 0x00, 0x00, 0x00,
  0x00, 0x00, 0x00, 0x00, 0x00, 0x00, 0x00, 0x00, 0x00, 0x00, 0x00, 0x00, 0x00, 0x00, 0x00, 0x00,
  0x00, 0x00, 0x00, 0x00, 0x00, 0x00, 0x00, 0x00, 0x00, 0x00, 0x00, 0x00, 0x00, 0x00, 0x00, 0x00,
  0x45, 0x64, 0x69, 0x74, 0x69, 0x6e, 0x67, 0x00, 0x00, 0x00, 0x00, 0x00, 0x00, 0x00, 0x00, 0x00,
  0x00, 0x00, 0x00, 0x00, 0x00, 0x00, 0x00, 0x00, 0x00, 0x00, 0x00, 0x00, 0x00, 0x00, 0x00, 0x00,
  0x00, 0x00, 0x00, 0x00, 0x00, 0x00, 0x00, 0x00, 0x00, 0x00, 0x00, 0x00, 0x00, 0x00, 0x00, 0x00,
  0x00, 0x00, 0x00, 0x00, 0x00, 0x00, 0x00, 0x00, 0x00, 0x00, 0x00, 0x00, 0x00, 0x00, 0x00, 0x00,
  0x00, 0x00, 0x00, 0x00, 0x00, 0x00, 0x00, 0x00, 0x00, 0x00, 0x00, 0x00, 0x00, 0x00, 0x00, 0x00,
  0x00, 0x00, 0x00, 0x00, 0x00, 0x00, 0x00, 0x00, 0x00, 0x00, 0x00, 0x00, 0x00, 0x00, 0x00, 0x00,
  0x00, 0x00, 0x00, 0x00, 0x00, 0x00, 0x00, 0x00, 0x00, 0x00, 0x00, 0x00, 0x00, 0x00, 0x00, 0x00,
  0x00, 0x00, 0x00, 0x00, 0x00, 0x00, 0x00, 0x00, 0x00, 0x00, 0x00, 0x00, 0x00, 0x00, 0x00, 0x00,
  0x00, 0x00, 0x00, 0x00, 0x3e, 0x01, 0xcc, 0x00, 0x00, 0x00, 0x01, 0x00, 0x01, 0x00, 0x00, 0x00,
  0x00, 0x00, 0x00, 0x00, 0x02, 0x00, 0x00, 0x00, 0x00, 0x00, 0x00, 0x00, 0x44, 0x41, 0x54, 0x41,
  0xe4, 0x00, 0x00, 0x00, 0x60, 0xd5, 0xef, 0x06, 0xa7, 0x00, 0x00, 0x00, 0x01, 0x00, 0x00, 0x00,
  0x78, 0xd6, 0xef, 0x06, 0x48, 0xd4, 0xef, 0x06, 0x4d, 0x65, 0x73, 0x68, 0x00, 0x00, 0x00, 0x00,
  0x00, 0x00, 0x00, 0x00, 0x00, 0x00, 0x00, 0x00, 0x00, 0x00, 0x00, 0x00, 0x00, 0x00, 0x00, 0x00,
  0x00, 0x00, 0x00, 0x00, 0x00, 0x00, 0x00, 0x00, 0x00, 0x00, 0x00, 0x00, 0x00, 0x00, 0x00, 0x00,
  0x00, 0x00, 0x00, 0x00, 0x00, 0x00, 0x00, 0x00, 0x00, 0x00, 0x00, 0x00, 0x00, 0x00, 0x00, 0x00,
  0x00, 0x00, 0x00, 0x00, 0x00, 0x00, 0x00, 0x00, 0x45, 0x64, 0x69, 0x74, 0x69, 0x6e, 0x67, 0x00,
  0x00, 0x00, 0x00, 0x00, 0x00, 0x00, 0x00, 0x00, 0x00, 0x00, 0x00, 0x00, 0x00, 0x00, 0x00, 0x00,
  0x00, 0x00, 0x00, 0x00, 0x00, 0x00, 0x00, 0x00, 0x00, 0x00, 0x00, 0x00, 0x00, 0x00, 0x00, 0x00,
  0x00, 0x00, 0x00, 0x00, 0x00, 0x00, 0x00, 0x00, 0x00, 0x00, 0x00, 0x00, 0x00, 0x00, 0x00, 0x00,
  0x00, 0x00, 0x00, 0x00, 0x00, 0x00, 0x00, 0x00, 0x00, 0x00, 0x00, 0x00, 0x00, 0x00, 0x00, 0x00,
  0x00, 0x00, 0x00, 0x00, 0x00, 0x00, 0x00, 0x00, 0x00, 0x00, 0x00, 0x00, 0x00, 0x00, 0x00, 0x00,
  0x00, 0x00, 0x00, 0x00, 0x00, 0x00, 0x00, 0x00, 0x00, 0x00, 0x00, 0x00, 0x00, 0x00, 0x00, 0x00,
  0x00, 0x00, 0x00, 0x00, 0x00, 0x00, 0x00, 0x00, 0x00, 0x00, 0x00, 0x00, 0x00, 0x00, 0x00, 0x00,
  0x00, 0x00, 0x00, 0x00, 0x00, 0x00, 0x00, 0x00, 0x46, 0x01, 0x00, 0x00, 0x3e, 0x01, 0xcc, 0x00,
  0x00, 0x00, 0x01, 0x00, 0x01, 0x00, 0x00, 0x00, 0x00, 0x00, 0x00, 0x00, 0x02, 0x00, 0x00, 0x00,
  0x00, 0x00, 0x00, 0x00, 0x44, 0x41, 0x54, 0x41, 0xe4, 0x00, 0x00, 0x00, 0x78, 0xd6, 0xef, 0x06,
  0xa7, 0x00, 0x00, 0x00, 0x01, 0x00, 0x00, 0x00, 0x90, 0xd7, 0xef, 0x06, 0x60, 0xd5, 0xef, 0x06,
  0x4d, 0x65, 0x73, 0x68, 0x20, 0x54, 0x6f, 0x6f, 0x6c, 0x73, 0x00, 0x00, 0x00, 0x00, 0x00, 0x00,
  0x00, 0x00, 0x00, 0x00, 0x00, 0x00, 0x00, 0x00, 0x00, 0x00, 0x00, 0x00, 0x00, 0x00, 0x00, 0x00,
  0x00, 0x00, 0x00, 0x00, 0x00, 0x00, 0x00, 0x00, 0x00, 0x00, 0x00, 0x00, 0x00, 0x00, 0x00, 0x00,
  0x00, 0x00, 0x00, 0x00, 0x00, 0x00, 0x00, 0x00, 0x00, 0x00, 0x00, 0x00, 0x00, 0x00, 0x00, 0x00,
  0x45, 0x64, 0x69, 0x74, 0x69, 0x6e, 0x67, 0x00, 0x00, 0x00, 0x00, 0x00, 0x00, 0x00, 0x00, 0x00,
  0x00, 0x00, 0x00, 0x00, 0x00, 0x00, 0x00, 0x00, 0x00, 0x00, 0x00, 0x00, 0x00, 0x00, 0x00, 0x00,
  0x00, 0x00, 0x00, 0x00, 0x00, 0x00, 0x00, 0x00, 0x00, 0x00, 0x00, 0x00, 0x00, 0x00, 0x00, 0x00,
  0x00, 0x00, 0x00, 0x00, 0x00, 0x00, 0x00, 0x00, 0x00, 0x00, 0x00, 0x00, 0x00, 0x00, 0x00, 0x00,
  0x00, 0x00, 0x00, 0x00, 0x00, 0x00, 0x00, 0x00, 0x00, 0x00, 0x00, 0x00, 0x00, 0x00, 0x00, 0x00,
  0x00, 0x00, 0x00, 0x00, 0x00, 0x00, 0x00, 0x00, 0x00, 0x00, 0x00, 0x00, 0x00, 0x00, 0x00, 0x00,
  0x00, 0x00, 0x00, 0x00, 0x00, 0x00, 0x00, 0x00, 0x00, 0x00, 0x00, 0x00, 0x00, 0x00, 0x00, 0x00,
  0x00, 0x00, 0x00, 0x00, 0x00, 0x00, 0x00, 0x00, 0x00, 0x00, 0x00, 0x00, 0x00, 0x00, 0x00, 0x00,
  0x8c, 0x02, 0x00, 0x00, 0x3e, 0x01, 0xcc, 0x00, 0x00, 0x00, 0x00, 0x00, 0x01, 0x00, 0x00, 0x00,
  0x00, 0x00, 0x00, 0x00, 0x00, 0x00, 0x00, 0x00, 0x00, 0x00, 0x00, 0x00, 0x44, 0x41, 0x54, 0x41,
  0xe4, 0x00, 0x00, 0x00, 0x90, 0xd7, 0xef, 0x06, 0xa7, 0x00, 0x00, 0x00, 0x01, 0x00, 0x00, 0x00,
  0xa8, 0xd8, 0xef, 0x06, 0x78, 0xd6, 0xef, 0x06, 0x4d, 0x65, 0x73, 0x68, 0x20, 0x54, 0x6f, 0x6f,
  0x6c, 0x73, 0x20, 0x31, 0x00, 0x00, 0x00, 0x00, 0x00, 0x00, 0x00, 0x00, 0x00, 0x00, 0x00, 0x00,
  0x00, 0x00, 0x00, 0x00, 0x00, 0x00, 0x00, 0x00, 0x00, 0x00, 0x00, 0x00, 0x00, 0x00, 0x00, 0x00,
  0x00, 0x00, 0x00, 0x00, 0x00, 0x00, 0x00, 0x00, 0x00, 0x00, 0x00, 0x00, 0x00, 0x00, 0x00, 0x00,
  0x00, 0x00, 0x00, 0x00, 0x00, 0x00, 0x00, 0x00, 0x45, 0x64, 0x69, 0x74, 0x69, 0x6e, 0x67, 0x00,
  0x00, 0x00, 0x00, 0x00, 0x00, 0x00, 0x00, 0x00, 0x00, 0x00, 0x00, 0x00, 0x00, 0x00, 0x00, 0x00,
  0x00, 0x00, 0x00, 0x00, 0x00, 0x00, 0x00, 0x00, 0x00, 0x00, 0x00, 0x00, 0x00, 0x00, 0x00, 0x00,
  0x00, 0x00, 0x00, 0x00, 0x00, 0x00, 0x00, 0x00, 0x00, 0x00, 0x00, 0x00, 0x00, 0x00, 0x00, 0x00,
  0x00, 0x00, 0x00, 0x00, 0x00, 0x00, 0x00, 0x00, 0x00, 0x00, 0x00, 0x00, 0x00, 0x00, 0x00, 0x00,
  0x00, 0x00, 0x00, 0x00, 0x00, 0x00, 0x00, 0x00, 0x00, 0x00, 0x00, 0x00, 0x00, 0x00, 0x00, 0x00,
  0x00, 0x00, 0x00, 0x00, 0x00, 0x00, 0x00, 0x00, 0x00, 0x00, 0x00, 0x00, 0x00, 0x00, 0x00, 0x00,
  0x00, 0x00, 0x00, 0x00, 0x00, 0x00, 0x00, 0x00, 0x00, 0x00, 0x00, 0x00, 0x00, 0x00, 0x00, 0x00,
  0x00, 0x00, 0x00, 0x00, 0x00, 0x00, 0x00, 0x00, 0x18, 0x05, 0x00, 0x00, 0x3e, 0x01, 0xcc, 0x00,
  0x00, 0x00, 0x00, 0x00, 0x01, 0x00, 0x00, 0x00, 0x00, 0x00, 0x00, 0x00, 0x00, 0x00, 0x00, 0x00,
  0x00, 0x00, 0x00, 0x00, 0x44, 0x41, 0x54, 0x41, 0xe4, 0x00, 0x00, 0x00, 0xa8, 0xd8, 0xef, 0x06,
  0xa7, 0x00, 0x00, 0x00, 0x01, 0x00, 0x00, 0x00, 0xc0, 0xd9, 0xef, 0x06, 0x90, 0xd7, 0xef, 0x06,
  0x43, 0x61, 0x6d, 0x65, 0x72, 0x61, 0x00, 0x00, 0x00, 0x00, 0x00, 0x00, 0x00, 0x00, 0x00, 0x00,
  0x00, 0x00, 0x00, 0x00, 0x00, 0x00, 0x00, 0x00, 0x00, 0x00, 0x00, 0x00, 0x00, 0x00, 0x00, 0x00,
  0x00, 0x00, 0x00, 0x00, 0x00, 0x00, 0x00, 0x00, 0x00, 0x00, 0x00, 0x00, 0x00, 0x00, 0x00, 0x00,
  0x00, 0x00, 0x00, 0x00, 0x00, 0x00, 0x00, 0x00, 0x00, 0x00, 0x00, 0x00, 0x00, 0x00, 0x00, 0x00,
  0x45, 0x64, 0x69, 0x74, 0x69, 0x6e, 0x67, 0x00, 0x00, 0x00, 0x00, 0x00, 0x00, 0x00, 0x00, 0x00,
  0x00, 0x00, 0x00, 0x00, 0x00, 0x00, 0x00, 0x00, 0x00, 0x00, 0x00, 0x00, 0x00, 0x00, 0x00, 0x00,
  0x00, 0x00, 0x00, 0x00, 0x00, 0x00, 0x00, 0x00, 0x00, 0x00, 0x00, 0x00, 0x00, 0x00, 0x00, 0x00,
  0x00, 0x00, 0x00, 0x00, 0x00, 0x00, 0x00, 0x00, 0x00, 0x00, 0x00, 0x00, 0x00, 0x00, 0x00, 0x00,
  0x00, 0x00, 0x00, 0x00, 0x00, 0x00, 0x00, 0x00, 0x00, 0x00, 0x00, 0x00, 0x00, 0x00, 0x00, 0x00,
  0x00, 0x00, 0x00, 0x00, 0x00, 0x00, 0x00, 0x00, 0x00, 0x00, 0x00, 0x00, 0x00, 0x00, 0x00, 0x00,
  0x00, 0x00, 0x00, 0x00, 0x00, 0x00, 0x00, 0x00, 0x00, 0x00, 0x00, 0x00, 0x00, 0x00, 0x00, 0x00,
  0x00, 0x00, 0x00, 0x00, 0x00, 0x00, 0x00, 0x00, 0x00, 0x00, 0x00, 0x00, 0x00, 0x00, 0x00, 0x00,
  0x46, 0x01, 0x00, 0x00, 0x3e, 0x01, 0xcc, 0x00, 0x00, 0x00, 0x00, 0x00, 0x01, 0x00, 0x00, 0x00,
  0x00, 0x00, 0x00, 0x00, 0x00, 0x00, 0x00, 0x00, 0x00, 0x00, 0x00, 0x00, 0x44, 0x41, 0x54, 0x41,
  0xe4, 0x00, 0x00, 0x00, 0xc0, 0xd9, 0xef, 0x06, 0xa7, 0x00, 0x00, 0x00, 0x01, 0x00, 0x00, 0x00,
  0xd8, 0xda, 0xef, 0x06, 0xa8, 0xd8, 0xef, 0x06, 0x53, 0x68, 0x61, 0x64, 0x65, 0x72, 0x73, 0x00,
  0x00, 0x00, 0x00, 0x00, 0x00, 0x00, 0x00, 0x00, 0x00, 0x00, 0x00, 0x00, 0x00, 0x00, 0x00, 0x00,
  0x00, 0x00, 0x00, 0x00, 0x00, 0x00, 0x00, 0x00, 0x00, 0x00, 0x00, 0x00, 0x00, 0x00, 0x00, 0x00,
  0x00, 0x00, 0x00, 0x00, 0x00, 0x00, 0x00, 0x00, 0x00, 0x00, 0x00, 0x00, 0x00, 0x00, 0x00, 0x00,
  0x00, 0x00, 0x00, 0x00, 0x00, 0x00, 0x00, 0x00, 0x4d, 0x61, 0x74, 0x65, 0x72, 0x69, 0x61, 0x6c,
  0x00, 0x00, 0x00, 0x00, 0x00, 0x00, 0x00, 0x00, 0x00, 0x00, 0x00, 0x00, 0x00, 0x00, 0x00, 0x00,
  0x00, 0x00, 0x00, 0x00, 0x00, 0x00, 0x00, 0x00, 0x00, 0x00, 0x00, 0x00, 0x00, 0x00, 0x00, 0x00,
  0x00, 0x00, 0x00, 0x00, 0x00, 0x00, 0x00, 0x00, 0x00, 0x00, 0x00, 0x00, 0x00, 0x00, 0x00, 0x00,
  0x00, 0x00, 0x00, 0x00, 0x00, 0x00, 0x00, 0x00, 0x00, 0x00, 0x00, 0x00, 0x00, 0x00, 0x00, 0x00,
  0x00, 0x00, 0x00, 0x00, 0x00, 0x00, 0x00, 0x00, 0x00, 0x00, 0x00, 0x00, 0x00, 0x00, 0x00, 0x00,
  0x00, 0x00, 0x00, 0x00, 0x00, 0x00, 0x00, 0x00, 0x00, 0x00, 0x00, 0x00, 0x00, 0x00, 0x00, 0x00,
  0x00, 0x00, 0x00, 0x00, 0x00, 0x00, 0x00, 0x00, 0x00, 0x00, 0x00, 0x00, 0x00, 0x00, 0x00, 0x00,
  0x00, 0x00, 0x00, 0x00, 0x00, 0x00, 0x00, 0x00, 0x8c, 0x02, 0x00, 0x00, 0x3e, 0x01, 0xcc, 0x00,
  0x00, 0x00, 0x00, 0x00, 0x01, 0x00, 0x00, 0x00, 0x00, 0x00, 0x00, 0x00, 0x00, 0x00, 0x00, 0x00,
  0x28, 0xea, 0xef, 0x06, 0x44, 0x41, 0x54, 0x41, 0xe4, 0x00, 0x00, 0x00, 0xd8, 0xda, 0xef, 0x06,
  0xa7, 0x00, 0x00, 0x00, 0x01, 0x00, 0x00, 0x00, 0xf0, 0xdb, 0xef, 0x06, 0xc0, 0xd9, 0xef, 0x06,
  0x54, 0x65, 0x78, 0x74, 0x75, 0x72, 0x65, 0x00, 0x00, 0x00, 0x00, 0x00, 0x00, 0x00, 0x00, 0x00,
  0x00, 0x00, 0x00, 0x00, 0x00, 0x00, 0x00, 0x00, 0x00, 0x00, 0x00, 0x00, 0x00, 0x00, 0x00, 0x00,
  0x00, 0x00, 0x00, 0x00, 0x00, 0x00, 0x00, 0x00, 0x00, 0x00, 0x00, 0x00, 0x00, 0x00, 0x00, 0x00,
  0x00, 0x00, 0x00, 0x00, 0x00, 0x00, 0x00, 0x00, 0x00, 0x00, 0x00, 0x00, 0x00, 0x00, 0x00, 0x00,
  0x4d, 0x61, 0x74, 0x65, 0x72, 0x69, 0x61, 0x6c, 0x00, 0x00, 0x00, 0x00, 0x00, 0x00, 0x00, 0x00,
  0x00, 0x00, 0x00, 0x00, 0x00, 0x00, 0x00, 0x00, 0x00, 0x00, 0x00, 0x00, 0x00, 0x00, 0x00, 0x00,
  0x00, 0x00, 0x00, 0x00, 0x00, 0x00, 0x00, 0x00, 0x00, 0x00, 0x00, 0x00, 0x00, 0x00, 0x00, 0x00,
  0x00, 0x00, 0x00, 0x00, 0x00, 0x00, 0x00, 0x00, 0x00, 0x00, 0x00, 0x00, 0x00, 0x00, 0x00, 0x00,
  0x00, 0x00, 0x00, 0x00, 0x00, 0x00, 0x00, 0x00, 0x00, 0x00, 0x00, 0x00, 0x00, 0x00, 0x00, 0x00,
  0x00, 0x00, 0x00, 0x00, 0x00, 0x00, 0x00, 0x00, 0x00, 0x00, 0x00, 0x00, 0x00, 0x00, 0x00, 0x00,
  0x00, 0x00, 0x00, 0x00, 0x00, 0x00, 0x00, 0x00, 0x00, 0x00, 0x00, 0x00, 0x00, 0x00, 0x00, 0x00,
  0x00, 0x00, 0x00, 0x00, 0x00, 0x00, 0x00, 0x00, 0x00, 0x00, 0x00, 0x00, 0x00, 0x00, 0x00, 0x00,
  0xd2, 0x03, 0x00, 0x00, 0x3e, 0x01, 0xcc, 0x00, 0x00, 0x00, 0x00, 0x00, 0x01, 0x00, 0x00, 0x00,
  0x00, 0x00, 0x00, 0x00, 0x00, 0x00, 0x00, 0x00, 0x00, 0x00, 0x00, 0x00, 0x44, 0x41, 0x54, 0x41,
  0xe4, 0x00, 0x00, 0x00, 0xf0, 0xdb, 0xef, 0x06, 0xa7, 0x00, 0x00, 0x00, 0x01, 0x00, 0x00, 0x00,
  0x08, 0xdd, 0xef, 0x06, 0xd8, 0xda, 0xef, 0x06, 0x41, 0x6e, 0x69, 0x6d, 0x20, 0x73, 0x65, 0x74,
  0x74, 0x69, 0x6e, 0x67, 0x73, 0x00, 0x00, 0x00, 0x00, 0x00, 0x00, 0x00, 0x00, 0x00, 0x00, 0x00,
  0x00, 0x00, 0x00, 0x00, 0x00, 0x00, 0x00, 0x00, 0x00, 0x00, 0x00, 0x00, 0x00, 0x00, 0x00, 0x00,
  0x00, 0x00, 0x00, 0x00, 0x00, 0x00, 0x00, 0x00, 0x00, 0x00, 0x00, 0x00, 0x00, 0x00, 0x00, 0x00,
  0x00, 0x00, 0x00, 0x00, 0x00, 0x00, 0x00, 0x00, 0x4f, 0x62, 0x6a, 0x65, 0x63, 0x74, 0x00, 0x00,
  0x00, 0x00, 0x00, 0x00, 0x00, 0x00, 0x00, 0x00, 0x00, 0x00, 0x00, 0x00, 0x00, 0x00, 0x00, 0x00,
  0x00, 0x00, 0x00, 0x00, 0x00, 0x00, 0x00, 0x00, 0x00, 0x00, 0x00, 0x00, 0x00, 0x00, 0x00, 0x00,
  0x00, 0x00, 0x00, 0x00, 0x00, 0x00, 0x00, 0x00, 0x00, 0x00, 0x00, 0x00, 0x00, 0x00, 0x00, 0x00,
  0x00, 0x00, 0x00, 0x00, 0x00, 0x00, 0x00, 0x00, 0x00, 0x00, 0x00, 0x00, 0x00, 0x00, 0x00, 0x00,
  0x00, 0x00, 0x00, 0x00, 0x00, 0x00, 0x00, 0x00, 0x00, 0x00, 0x00, 0x00, 0x00, 0x00, 0x00, 0x00,
  0x00, 0x00, 0x00, 0x00, 0x00, 0x00, 0x00, 0x00, 0x00, 0x00, 0x00, 0x00, 0x00, 0x00, 0x00, 0x00,
  0x00, 0x00, 0x00, 0x00, 0x00, 0x00, 0x00, 0x00, 0x00, 0x00, 0x00, 0x00, 0x00, 0x00, 0x00, 0x00,
  0x00, 0x00, 0x00, 0x00, 0x00, 0x00, 0x00, 0x00, 0x00, 0x00, 0x00, 0x00, 0x3e, 0x01, 0xcc, 0x00,
  0x00, 0x00, 0x00, 0x00, 0x01, 0x00, 0x00, 0x00, 0x00, 0x00, 0x00, 0x00, 0x00, 0x00, 0x00, 0x00,
  0x00, 0x00, 0x00, 0x00, 0x44, 0x41, 0x54, 0x41, 0xe4, 0x00, 0x00, 0x00, 0x08, 0xdd, 0xef, 0x06,
  0xa7, 0x00, 0x00, 0x00, 0x01, 0x00, 0x00, 0x00, 0x20, 0xde, 0xef, 0x06, 0xf0, 0xdb, 0xef, 0x06,
  0x44, 0x72, 0x61, 0x77, 0x00, 0x00, 0x00, 0x00, 0x00, 0x00, 0x00, 0x00, 0x00, 0x00, 0x00, 0x00,
  0x00, 0x00, 0x00, 0x00, 0x00, 0x00, 0x00, 0x00, 0x00, 0x00, 0x00, 0x00, 0x00, 0x00, 0x00, 0x00,
  0x00, 0x00, 0x00, 0x00, 0x00, 0x00, 0x00, 0x00, 0x00, 0x00, 0x00, 0x00, 0x00, 0x00, 0x00, 0x00,
  0x00, 0x00, 0x00, 0x00, 0x00, 0x00, 0x00, 0x00, 0x00, 0x00, 0x00, 0x00, 0x00, 0x00, 0x00, 0x00,
  0x4f, 0x62, 0x6a, 0x65, 0x63, 0x74, 0x00, 0x00, 0x00, 0x00, 0x00, 0x00, 0x00, 0x00, 0x00, 0x00,
  0x00, 0x00, 0x00, 0x00, 0x00, 0x00, 0x00, 0x00, 0x00, 0x00, 0x00, 0x00, 0x00, 0x00, 0x00, 0x00,
  0x00, 0x00, 0x00, 0x00, 0x00, 0x00, 0x00, 0x00, 0x00, 0x00, 0x00, 0x00, 0x00, 0x00, 0x00, 0x00,
  0x00, 0x00, 0x00, 0x00, 0x00, 0x00, 0x00, 0x00, 0x00, 0x00, 0x00, 0x00, 0x00, 0x00, 0x00, 0x00,
  0x00, 0x00, 0x00, 0x00, 0x00, 0x00, 0x00, 0x00, 0x00, 0x00, 0x00, 0x00, 0x00, 0x00, 0x00, 0x00,
  0x00, 0x00, 0x00, 0x00, 0x00, 0x00, 0x00, 0x00, 0x00, 0x00, 0x00, 0x00, 0x00, 0x00, 0x00, 0x00,
  0x00, 0x00, 0x00, 0x00, 0x00, 0x00, 0x00, 0x00, 0x00, 0x00, 0x00, 0x00, 0x00, 0x00, 0x00, 0x00,
  0x00, 0x00, 0x00, 0x00, 0x00, 0x00, 0x00, 0x00, 0x00, 0x00, 0x00, 0x00, 0x00, 0x00, 0x00, 0x00,
  0x46, 0x01, 0x00, 0x00, 0x3e, 0x01, 0xcc, 0x00, 0x00, 0x00, 0x00, 0x00, 0x01, 0x00, 0x00, 0x00,
  0x00, 0x00, 0x00, 0x00, 0x00, 0x00, 0x00, 0x00, 0x00, 0x00, 0x00, 0x00, 0x44, 0x41, 0x54, 0x41,
  0xe4, 0x00, 0x00, 0x00, 0x20, 0xde, 0xef, 0x06, 0xa7, 0x00, 0x00, 0x00, 0x01, 0x00, 0x00, 0x00,
  0x38, 0xdf, 0xef, 0x06, 0x08, 0xdd, 0xef, 0x06, 0x43, 0x6f, 0x6e, 0x73, 0x74, 0x72, 0x61, 0x69,
  0x6e, 0x74, 0x73, 0x00, 0x00, 0x00, 0x00, 0x00, 0x00, 0x00, 0x00, 0x00, 0x00, 0x00, 0x00, 0x00,
  0x00, 0x00, 0x00, 0x00, 0x00, 0x00, 0x00, 0x00, 0x00, 0x00, 0x00, 0x00, 0x00, 0x00, 0x00, 0x00,
  0x00, 0x00, 0x00, 0x00, 0x00, 0x00, 0x00, 0x00, 0x00, 0x00, 0x00, 0x00, 0x00, 0x00, 0x00, 0x00,
  0x00, 0x00, 0x00, 0x00, 0x00, 0x00, 0x00, 0x00, 0x4f, 0x62, 0x6a, 0x65, 0x63, 0x74, 0x00, 0x00,
  0x00, 0x00, 0x00, 0x00, 0x00, 0x00, 0x00, 0x00, 0x00, 0x00, 0x00, 0x00, 0x00, 0x00, 0x00, 0x00,
  0x00, 0x00, 0x00, 0x00, 0x00, 0x00, 0x00, 0x00, 0x00, 0x00, 0x00, 0x00, 0x00, 0x00, 0x00, 0x00,
  0x00, 0x00, 0x00, 0x00, 0x00, 0x00, 0x00, 0x00, 0x00, 0x00, 0x00, 0x00, 0x00, 0x00, 0x00, 0x00,
  0x00, 0x00, 0x00, 0x00, 0x00, 0x00, 0x00, 0x00, 0x00, 0x00, 0x00, 0x00, 0x00, 0x00, 0x00, 0x00,
  0x00, 0x00, 0x00, 0x00, 0x00, 0x00, 0x00, 0x00, 0x00, 0x00, 0x00, 0x00, 0x00, 0x00, 0x00, 0x00,
  0x00, 0x00, 0x00, 0x00, 0x00, 0x00, 0x00, 0x00, 0x00, 0x00, 0x00, 0x00, 0x00, 0x00, 0x00, 0x00,
  0x00, 0x00, 0x00, 0x00, 0x00, 0x00, 0x00, 0x00, 0x00, 0x00, 0x00, 0x00, 0x00, 0x00, 0x00, 0x00,
  0x00, 0x00, 0x00, 0x00, 0x00, 0x00, 0x00, 0x00, 0x8c, 0x02, 0x00, 0x00, 0x3e, 0x01, 0xcc, 0x00,
  0x00, 0x00, 0x00, 0x00, 0x01, 0x00, 0x00, 0x00, 0x00, 0x00, 0x00, 0x00, 0x00, 0x00, 0x00, 0x00,
  0x00, 0x00, 0x00, 0x00, 0x44, 0x41, 0x54, 0x41, 0xe4, 0x00, 0x00, 0x00, 0x38, 0xdf, 0xef, 0x06,
  0xa7, 0x00, 0x00, 0x00, 0x01, 0x00, 0x00, 0x00, 0x50, 0xe0, 0xef, 0x06, 0x20, 0xde, 0xef, 0x06,
  0x53, 0x63, 0x72, 0x69, 0x70, 0x74, 0x6c, 0x69, 0x6e, 0x6b, 0x73, 0x00, 0x00, 0x00, 0x00, 0x00,
  0x00, 0x00, 0x00, 0x00, 0x00, 0x00, 0x00, 0x00, 0x00, 0x00, 0x00, 0x00, 0x00, 0x00, 0x00, 0x00,
  0x00, 0x00, 0x00, 0x00, 0x00, 0x00, 0x00, 0x00, 0x00, 0x00, 0x00, 0x00, 0x00, 0x00, 0x00, 0x00,
  0x00, 0x00, 0x00, 0x00, 0x00, 0x00, 0x00, 0x00, 0x00, 0x00, 0x00, 0x00, 0x00, 0x00, 0x00, 0x00,
  0x53, 0x63, 0x72, 0x69, 0x70, 0x74, 0x00, 0x00, 0x00, 0x00, 0x00, 0x00, 0x00, 0x00, 0x00, 0x00,
  0x00, 0x00, 0x00, 0x00, 0x00, 0x00, 0x00, 0x00, 0x00, 0x00, 0x00, 0x00, 0x00, 0x00, 0x00, 0x00,
  0x00, 0x00, 0x00, 0x00, 0x00, 0x00, 0x00, 0x00, 0x00, 0x00, 0x00, 0x00, 0x00, 0x00, 0x00, 0x00,
  0x00, 0x00, 0x00, 0x00, 0x00, 0x00, 0x00, 0x00, 0x00, 0x00, 0x00, 0x00, 0x00, 0x00, 0x00, 0x00,
  0x00, 0x00, 0x00, 0x00, 0x00, 0x00, 0x00, 0x00, 0x00, 0x00, 0x00, 0x00, 0x00, 0x00, 0x00, 0x00,
  0x00, 0x00, 0x00, 0x00, 0x00, 0x00, 0x00, 0x00, 0x00, 0x00, 0x00, 0x00, 0x00, 0x00, 0x00, 0x00,
  0x00, 0x00, 0x00, 0x00, 0x00, 0x00, 0x00, 0x00, 0x00, 0x00, 0x00, 0x00, 0x00, 0x00, 0x00, 0x00,
  0x00, 0x00, 0x00, 0x00, 0x00, 0x00, 0x00, 0x00, 0x00, 0x00, 0x00, 0x00, 0x00, 0x00, 0x00, 0x00,
  0x00, 0x00, 0x00, 0x00, 0x3e, 0x01, 0xcc, 0x00, 0x00, 0x00, 0x00, 0x00, 0x01, 0x00, 0x00, 0x00,
  0x00, 0x00, 0x00, 0x00, 0x00, 0x00, 0x00, 0x00, 0x00, 0x00, 0x00, 0x00, 0x44, 0x41, 0x54, 0x41,
  0xe4, 0x00, 0x00, 0x00, 0x50, 0xe0, 0xef, 0x06, 0xa7, 0x00, 0x00, 0x00, 0x01, 0x00, 0x00, 0x00,
  0x68, 0xe1, 0xef, 0x06, 0x38, 0xdf, 0xef, 0x06, 0x45, 0x66, 0x66, 0x65, 0x63, 0x74, 0x73, 0x00,
  0x00, 0x00, 0x00, 0x00, 0x00, 0x00, 0x00, 0x00, 0x00, 0x00, 0x00, 0x00, 0x00, 0x00, 0x00, 0x00,
  0x00, 0x00, 0x00, 0x00, 0x00, 0x00, 0x00, 0x00, 0x00, 0x00, 0x00, 0x00, 0x00, 0x00, 0x00, 0x00,
  0x00, 0x00, 0x00, 0x00, 0x00, 0x00, 0x00, 0x00, 0x00, 0x00, 0x00, 0x00, 0x00, 0x00, 0x00, 0x00,
  0x00, 0x00, 0x00, 0x00, 0x00, 0x00, 0x00, 0x00, 0x4f, 0x62, 0x6a, 0x65, 0x63, 0x74, 0x00, 0x00,
  0x00, 0x00, 0x00, 0x00, 0x00, 0x00, 0x00, 0x00, 0x00, 0x00, 0x00, 0x00, 0x00, 0x00, 0x00, 0x00,
  0x00, 0x00, 0x00, 0x00, 0x00, 0x00, 0x00, 0x00, 0x00, 0x00, 0x00, 0x00, 0x00, 0x00, 0x00, 0x00,
  0x00, 0x00, 0x00, 0x00, 0x00, 0x00, 0x00, 0x00, 0x00, 0x00, 0x00, 0x00, 0x00, 0x00, 0x00, 0x00,
  0x00, 0x00, 0x00, 0x00, 0x00, 0x00, 0x00, 0x00, 0x00, 0x00, 0x00, 0x00, 0x00, 0x00, 0x00, 0x00,
  0x00, 0x00, 0x00, 0x00, 0x00, 0x00, 0x00, 0x00, 0x00, 0x00, 0x00, 0x00, 0x00, 0x00, 0x00, 0x00,
  0x00, 0x00, 0x00, 0x00, 0x00, 0x00, 0x00, 0x00, 0x00, 0x00, 0x00, 0x00, 0x00, 0x00, 0x00, 0x00,
  0x00, 0x00, 0x00, 0x00, 0x00, 0x00, 0x00, 0x00, 0x00, 0x00, 0x00, 0x00, 0x00, 0x00, 0x00, 0x00,
  0x00, 0x00, 0x00, 0x00, 0x00, 0x00, 0x00, 0x00, 0x8c, 0x02, 0x00, 0x00, 0xa2, 0x01, 0xcc, 0x00,
  0x00, 0x00, 0x00, 0x00, 0x01, 0x00, 0x00, 0x00, 0x00, 0x00, 0x00, 0x00, 0x00, 0x00, 0x00, 0x00,
  0x20, 0xde, 0xef, 0x06, 0x44, 0x41, 0x54, 0x41, 0xe4, 0x00, 0x00, 0x00, 0x68, 0xe1, 0xef, 0x06,
  0xa7, 0x00, 0x00, 0x00, 0x01, 0x00, 0x00, 0x00, 0x80, 0xe2, 0xef, 0x06, 0x50, 0xe0, 0xef, 0x06,
  0x4d, 0x61, 0x70, 0x20, 0x49, 0x6e, 0x70, 0x75, 0x74, 0x00, 0x00, 0x00, 0x00, 0x00, 0x00, 0x00,
  0x00, 0x00, 0x00, 0x00, 0x00, 0x00, 0x00, 0x00, 0x00, 0x00, 0x00, 0x00, 0x00, 0x00, 0x00, 0x00,
  0x00, 0x00, 0x00, 0x00, 0x00, 0x00, 0x00, 0x00, 0x00, 0x00, 0x00, 0x00, 0x00, 0x00, 0x00, 0x00,
  0x00, 0x00, 0x00, 0x00, 0x00, 0x00, 0x00, 0x00, 0x00, 0x00, 0x00, 0x00, 0x00, 0x00, 0x00, 0x00,
  0x4d, 0x61, 0x74, 0x65, 0x72, 0x69, 0x61, 0x6c, 0x00, 0x00, 0x00, 0x00, 0x00, 0x00, 0x00, 0x00,
  0x00, 0x00, 0x00, 0x00, 0x00, 0x00, 0x00, 0x00, 0x00, 0x00, 0x00, 0x00, 0x00, 0x00, 0x00, 0x00,
  0x00, 0x00, 0x00, 0x00, 0x00, 0x00, 0x00, 0x00, 0x00, 0x00, 0x00, 0x00, 0x00, 0x00, 0x00, 0x00,
  0x00, 0x00, 0x00, 0x00, 0x00, 0x00, 0x00, 0x00, 0x00, 0x00, 0x00, 0x00, 0x00, 0x00, 0x00, 0x00,
  0x00, 0x00, 0x00, 0x00, 0x00, 0x00, 0x00, 0x00, 0x00, 0x00, 0x00, 0x00, 0x00, 0x00, 0x00, 0x00,
  0x00, 0x00, 0x00, 0x00, 0x00, 0x00, 0x00, 0x00, 0x00, 0x00, 0x00, 0x00, 0x00, 0x00, 0x00, 0x00,
  0x00, 0x00, 0x00, 0x00, 0x00, 0x00, 0x00, 0x00, 0x00, 0x00, 0x00, 0x00, 0x00, 0x00, 0x00, 0x00,
  0x00, 0x00, 0x00, 0x00, 0x00, 0x00, 0x00, 0x00, 0x00, 0x00, 0x00, 0x00, 0x00, 0x00, 0x00, 0x00,
  0xd2, 0x03, 0x00, 0x00, 0x3e, 0x01, 0xcc, 0x00, 0x00, 0x00, 0x00, 0x00, 0x01, 0x00, 0x00, 0x00,
  0x00, 0x00, 0x00, 0x00, 0x00, 0x00, 0x00, 0x00, 0xd8, 0xda, 0xef, 0x06, 0x44, 0x41, 0x54, 0x41,
  0xe4, 0x00, 0x00, 0x00, 0x80, 0xe2, 0xef, 0x06, 0xa7, 0x00, 0x00, 0x00, 0x01, 0x00, 0x00, 0x00,
  0x98, 0xe3, 0xef, 0x06, 0x68, 0xe1, 0xef, 0x06, 0x4d, 0x61, 0x70, 0x20, 0x54, 0x6f, 0x00, 0x00,
  0x00, 0x00, 0x00, 0x00, 0x00, 0x00, 0x00, 0x00, 0x00, 0x00, 0x00, 0x00, 0x00, 0x00, 0x00, 0x00,
  0x00, 0x00, 0x00, 0x00, 0x00, 0x00, 0x00, 0x00, 0x00, 0x00, 0x00, 0x00, 0x00, 0x00, 0x00, 0x00,
  0x00, 0x00, 0x00, 0x00, 0x00, 0x00, 0x00, 0x00, 0x00, 0x00, 0x00, 0x00, 0x00, 0x00, 0x00, 0x00,
  0x00, 0x00, 0x00, 0x00, 0x00, 0x00, 0x00, 0x00, 0x4d, 0x61, 0x74, 0x65, 0x72, 0x69, 0x61, 0x6c,
  0x00, 0x00, 0x00, 0x00, 0x00, 0x00, 0x00, 0x00, 0x00, 0x00, 0x00, 0x00, 0x00, 0x00, 0x00, 0x00,
  0x00, 0x00, 0x00, 0x00, 0x00, 0x00, 0x00, 0x00, 0x00, 0x00, 0x00, 0x00, 0x00, 0x00, 0x00, 0x00,
  0x00, 0x00, 0x00, 0x00, 0x00, 0x00, 0x00, 0x00, 0x00, 0x00, 0x00, 0x00, 0x00, 0x00, 0x00, 0x00,
  0x00, 0x00, 0x00, 0x00, 0x00, 0x00, 0x00, 0x00, 0x00, 0x00, 0x00, 0x00, 0x00, 0x00, 0x00, 0x00,
  0x00, 0x00, 0x00, 0x00, 0x00, 0x00, 0x00, 0x00, 0x00, 0x00, 0x00, 0x00, 0x00, 0x00, 0x00, 0x00,
  0x00, 0x00, 0x00, 0x00, 0x00, 0x00, 0x00, 0x00, 0x00, 0x00, 0x00, 0x00, 0x00, 0x00, 0x00, 0x00,
  0x00, 0x00, 0x00, 0x00, 0x00, 0x00, 0x00, 0x00, 0x00, 0x00, 0x00, 0x00, 0x00, 0x00, 0x00, 0x00,
  0x00, 0x00, 0x00, 0x00, 0x00, 0x00, 0x00, 0x00, 0xd2, 0x03, 0x00, 0x00, 0x3e, 0x01, 0xcc, 0x00,
  0x00, 0x00, 0x00, 0x00, 0x01, 0x00, 0x00, 0x00, 0x00, 0x00, 0x00, 0x00, 0x00, 0x00, 0x00, 0x00,
  0xd8, 0xda, 0xef, 0x06, 0x44, 0x41, 0x54, 0x41, 0xe4, 0x00, 0x00, 0x00, 0x98, 0xe3, 0xef, 0x06,
  0xa7, 0x00, 0x00, 0x00, 0x01, 0x00, 0x00, 0x00, 0xb0, 0xe4, 0xef, 0x06, 0x80, 0xe2, 0xef, 0x06,
  0x41, 0x6e, 0x69, 0x6d, 0x00, 0x00, 0x00, 0x00, 0x00, 0x00, 0x00, 0x00, 0x00, 0x00, 0x00, 0x00,
  0x00, 0x00, 0x00, 0x00, 0x00, 0x00, 0x00, 0x00, 0x00, 0x00, 0x00, 0x00, 0x00, 0x00, 0x00, 0x00,
  0x00, 0x00, 0x00, 0x00, 0x00, 0x00, 0x00, 0x00, 0x00, 0x00, 0x00, 0x00, 0x00, 0x00, 0x00, 0x00,
  0x00, 0x00, 0x00, 0x00, 0x00, 0x00, 0x00, 0x00, 0x00, 0x00, 0x00, 0x00, 0x00, 0x00, 0x00, 0x00,
  0x41, 0x6e, 0x69, 0x6d, 0x00, 0x00, 0x00, 0x00, 0x00, 0x00, 0x00, 0x00, 0x00, 0x00, 0x00, 0x00,
  0x00, 0x00, 0x00, 0x00, 0x00, 0x00, 0x00, 0x00, 0x00, 0x00, 0x00, 0x00, 0x00, 0x00, 0x00, 0x00,
  0x00, 0x00, 0x00, 0x00, 0x00, 0x00, 0x00, 0x00, 0x00, 0x00, 0x00, 0x00, 0x00, 0x00, 0x00, 0x00,
  0x00, 0x00, 0x00, 0x00, 0x00, 0x00, 0x00, 0x00, 0x00, 0x00, 0x00, 0x00, 0x00, 0x00, 0x00, 0x00,
  0x00, 0x00, 0x00, 0x00, 0x00, 0x00, 0x00, 0x00, 0x00, 0x00, 0x00, 0x00, 0x00, 0x00, 0x00, 0x00,
  0x00, 0x00, 0x00, 0x00, 0x00, 0x00, 0x00, 0x00, 0x00, 0x00, 0x00, 0x00, 0x00, 0x00, 0x00, 0x00,
  0x00, 0x00, 0x00, 0x00, 0x00, 0x00, 0x00, 0x00, 0x00, 0x00, 0x00, 0x00, 0x00, 0x00, 0x00, 0x00,
  0x00, 0x00, 0x00, 0x00, 0x00, 0x00, 0x00, 0x00, 0x00, 0x00, 0x00, 0x00, 0x00, 0x00, 0x00, 0x00,
  0x00, 0x00, 0x00, 0x00, 0x3e, 0x01, 0xcc, 0x00, 0x00, 0x00, 0x00, 0x00, 0x01, 0x00, 0x00, 0x00,
  0x00, 0x00, 0x00, 0x00, 0x00, 0x00, 0x00, 0x00, 0x00, 0x00, 0x00, 0x00, 0x44, 0x41, 0x54, 0x41,
  0xe4, 0x00, 0x00, 0x00, 0xb0, 0xe4, 0xef, 0x06, 0xa7, 0x00, 0x00, 0x00, 0x01, 0x00, 0x00, 0x00,
  0xc8, 0xe5, 0xef, 0x06, 0x98, 0xe3, 0xef, 0x06, 0x53, 0x6f, 0x75, 0x6e, 0x64, 0x00, 0x00, 0x00,
  0x00, 0x00, 0x00, 0x00, 0x00, 0x00, 0x00, 0x00, 0x00, 0x00, 0x00, 0x00, 0x00, 0x00, 0x00, 0x00,
  0x00, 0x00, 0x00, 0x00, 0x00, 0x00, 0x00, 0x00, 0x00, 0x00, 0x00, 0x00, 0x00, 0x00, 0x00, 0x00,
  0x00, 0x00, 0x00, 0x00, 0x00, 0x00, 0x00, 0x00, 0x00, 0x00, 0x00, 0x00, 0x00, 0x00, 0x00, 0x00,
  0x00, 0x00, 0x00, 0x00, 0x00, 0x00, 0x00, 0x00, 0x53, 0x6f, 0x75, 0x6e, 0x64, 0x00, 0x00, 0x00,
  0x00, 0x00, 0x00, 0x00, 0x00, 0x00, 0x00, 0x00, 0x00, 0x00, 0x00, 0x00, 0x00, 0x00, 0x00, 0x00,
  0x00, 0x00, 0x00, 0x00, 0x00, 0x00, 0x00, 0x00, 0x00, 0x00, 0x00, 0x00, 0x00, 0x00, 0x00, 0x00,
  0x00, 0x00, 0x00, 0x00, 0x00, 0x00, 0x00, 0x00, 0x00, 0x00, 0x00, 0x00, 0x00, 0x00, 0x00, 0x00,
  0x00, 0x00, 0x00, 0x00, 0x00, 0x00, 0x00, 0x00, 0x00, 0x00, 0x00, 0x00, 0x00, 0x00, 0x00, 0x00,
  0x00, 0x00, 0x00, 0x00, 0x00, 0x00, 0x00, 0x00, 0x00, 0x00, 0x00, 0x00, 0x00, 0x00, 0x00, 0x00,
  0x00, 0x00, 0x00, 0x00, 0x00, 0x00, 0x00, 0x00, 0x00, 0x00, 0x00, 0x00, 0x00, 0x00, 0x00, 0x00,
  0x00, 0x00, 0x00, 0x00, 0x00, 0x00, 0x00, 0x00, 0x00, 0x00, 0x00, 0x00, 0x00, 0x00, 0x00, 0x00,
  0x00, 0x00, 0x00, 0x00, 0x00, 0x00, 0x00, 0x00, 0x00, 0x00, 0x00, 0x00, 0x3e, 0x01, 0xcc, 0x00,
  0x00, 0x00, 0x00, 0x00, 0x01, 0x00, 0x00, 0x00, 0x00, 0x00, 0x00, 0x00, 0x00, 0x00, 0x00, 0x00,
  0x00, 0x00, 0x00, 0x00, 0x44, 0x41, 0x54, 0x41, 0xe4, 0x00, 0x00, 0x00, 0xc8, 0xe5, 0xef, 0x06,
  0xa7, 0x00, 0x00, 0x00, 0x01, 0x00, 0x00, 0x00, 0xe0, 0xe6, 0xef, 0x06, 0xb0, 0xe4, 0xef, 0x06,
  0x4c, 0x69, 0x73, 0x74, 0x65, 0x6e, 0x65, 0x72, 0x00, 0x00, 0x00, 0x00, 0x00, 0x00, 0x00, 0x00,
  0x00, 0x00, 0x00, 0x00, 0x00, 0x00, 0x00, 0x00, 0x00, 0x00, 0x00, 0x00, 0x00, 0x00, 0x00, 0x00,
  0x00, 0x00, 0x00, 0x00, 0x00, 0x00, 0x00, 0x00, 0x00, 0x00, 0x00, 0x00, 0x00, 0x00, 0x00, 0x00,
  0x00, 0x00, 0x00, 0x00, 0x00, 0x00, 0x00, 0x00, 0x00, 0x00, 0x00, 0x00, 0x00, 0x00, 0x00, 0x00,
  0x53, 0x6f, 0x75, 0x6e, 0x64, 0x00, 0x00, 0x00, 0x00, 0x00, 0x00, 0x00, 0x00, 0x00, 0x00, 0x00,
  0x00, 0x00, 0x00, 0x00, 0x00, 0x00, 0x00, 0x00, 0x00, 0x00, 0x00, 0x00, 0x00, 0x00, 0x00, 0x00,
  0x00, 0x00, 0x00, 0x00, 0x00, 0x00, 0x00, 0x00, 0x00, 0x00, 0x00, 0x00, 0x00, 0x00, 0x00, 0x00,
  0x00, 0x00, 0x00, 0x00, 0x00, 0x00, 0x00, 0x00, 0x00, 0x00, 0x00, 0x00, 0x00, 0x00, 0x00, 0x00,
  0x00, 0x00, 0x00, 0x00, 0x00, 0x00, 0x00, 0x00, 0x00, 0x00, 0x00, 0x00, 0x00, 0x00, 0x00, 0x00,
  0x00, 0x00, 0x00, 0x00, 0x00, 0x00, 0x00, 0x00, 0x00, 0x00, 0x00, 0x00, 0x00, 0x00, 0x00, 0x00,
  0x00, 0x00, 0x00, 0x00, 0x00, 0x00, 0x00, 0x00, 0x00, 0x00, 0x00, 0x00, 0x00, 0x00, 0x00, 0x00,
  0x00, 0x00, 0x00, 0x00, 0x00, 0x00, 0x00, 0x00, 0x00, 0x00, 0x00, 0x00, 0x00, 0x00, 0x00, 0x00,
  0x46, 0x01, 0x00, 0x00, 0x3e, 0x01, 0xcc, 0x00, 0x00, 0x00, 0x00, 0x00, 0x01, 0x00, 0x00, 0x00,
  0x00, 0x00, 0x00, 0x00, 0x00, 0x00, 0x00, 0x00, 0x00, 0x00, 0x00, 0x00, 0x44, 0x41, 0x54, 0x41,
  0xe4, 0x00, 0x00, 0x00, 0xe0, 0xe6, 0xef, 0x06, 0xa7, 0x00, 0x00, 0x00, 0x01, 0x00, 0x00, 0x00,
  0xf8, 0xe7, 0xef, 0x06, 0xc8, 0xe5, 0xef, 0x06, 0x53, 0x65, 0x71, 0x75, 0x65, 0x6e, 0x63, 0x65,
  0x72, 0x00, 0x00, 0x00, 0x00, 0x00, 0x00, 0x00, 0x00, 0x00, 0x00, 0x00, 0x00, 0x00, 0x00, 0x00,
  0x00, 0x00, 0x00, 0x00, 0x00, 0x00, 0x00, 0x00, 0x00, 0x00, 0x00, 0x00, 0x00, 0x00, 0x00, 0x00,
  0x00, 0x00, 0x00, 0x00, 0x00, 0x00, 0x00, 0x00, 0x00, 0x00, 0x00, 0x00, 0x00, 0x00, 0x00, 0x00,
  0x00, 0x00, 0x00, 0x00, 0x00, 0x00, 0x00, 0x00, 0x53, 0x6f, 0x75, 0x6e, 0x64, 0x00, 0x00, 0x00,
  0x00, 0x00, 0x00, 0x00, 0x00, 0x00, 0x00, 0x00, 0x00, 0x00, 0x00, 0x00, 0x00, 0x00, 0x00, 0x00,
  0x00, 0x00, 0x00, 0x00, 0x00, 0x00, 0x00, 0x00, 0x00, 0x00, 0x00, 0x00, 0x00, 0x00, 0x00, 0x00,
  0x00, 0x00, 0x00, 0x00, 0x00, 0x00, 0x00, 0x00, 0x00, 0x00, 0x00, 0x00, 0x00, 0x00, 0x00, 0x00,
  0x00, 0x00, 0x00, 0x00, 0x00, 0x00, 0x00, 0x00, 0x00, 0x00, 0x00, 0x00, 0x00, 0x00, 0x00, 0x00,
  0x00, 0x00, 0x00, 0x00, 0x00, 0x00, 0x00, 0x00, 0x00, 0x00, 0x00, 0x00, 0x00, 0x00, 0x00, 0x00,
  0x00, 0x00, 0x00, 0x00, 0x00, 0x00, 0x00, 0x00, 0x00, 0x00, 0x00, 0x00, 0x00, 0x00, 0x00, 0x00,
  0x00, 0x00, 0x00, 0x00, 0x00, 0x00, 0x00, 0x00, 0x00, 0x00, 0x00, 0x00, 0x00, 0x00, 0x00, 0x00,
  0x00, 0x00, 0x00, 0x00, 0x00, 0x00, 0x00, 0x00, 0x8c, 0x02, 0x00, 0x00, 0x3e, 0x01, 0xcc, 0x00,
  0x00, 0x00, 0x00, 0x00, 0x01, 0x00, 0x00, 0x00, 0x00, 0x00, 0x00, 0x00, 0x00, 0x00, 0x00, 0x00,
  0x00, 0x00, 0x00, 0x00, 0x44, 0x41, 0x54, 0x41, 0xe4, 0x00, 0x00, 0x00, 0xf8, 0xe7, 0xef, 0x06,
  0xa7, 0x00, 0x00, 0x00, 0x01, 0x00, 0x00, 0x00, 0x10, 0xe9, 0xef, 0x06, 0xe0, 0xe6, 0xef, 0x06,
  0x41, 0x72, 0x6d, 0x61, 0x74, 0x75, 0x72, 0x65, 0x00, 0x00, 0x00, 0x00, 0x00, 0x00, 0x00, 0x00,
  0x00, 0x00, 0x00, 0x00, 0x00, 0x00, 0x00, 0x00, 0x00, 0x00, 0x00, 0x00, 0x00, 0x00, 0x00, 0x00,
  0x00, 0x00, 0x00, 0x00, 0x00, 0x00, 0x00, 0x00, 0x00, 0x00, 0x00, 0x00, 0x00, 0x00, 0x00, 0x00,
  0x00, 0x00, 0x00, 0x00, 0x00, 0x00, 0x00, 0x00, 0x00, 0x00, 0x00, 0x00, 0x00, 0x00, 0x00, 0x00,
  0x45, 0x64, 0x69, 0x74, 0x69, 0x6e, 0x67, 0x00, 0x00, 0x00, 0x00, 0x00, 0x00, 0x00, 0x00, 0x00,
  0x00, 0x00, 0x00, 0x00, 0x00, 0x00, 0x00, 0x00, 0x00, 0x00, 0x00, 0x00, 0x00, 0x00, 0x00, 0x00,
  0x00, 0x00, 0x00, 0x00, 0x00, 0x00, 0x00, 0x00, 0x00, 0x00, 0x00, 0x00, 0x00, 0x00, 0x00, 0x00,
  0x00, 0x00, 0x00, 0x00, 0x00, 0x00, 0x00, 0x00, 0x00, 0x00, 0x00, 0x00, 0x00, 0x00, 0x00, 0x00,
  0x00, 0x00, 0x00, 0x00, 0x00, 0x00, 0x00, 0x00, 0x00, 0x00, 0x00, 0x00, 0x00, 0x00, 0x00, 0x00,
  0x00, 0x00, 0x00, 0x00, 0x00, 0x00, 0x00, 0x00, 0x00, 0x00, 0x00, 0x00, 0x00, 0x00, 0x00, 0x00,
  0x00, 0x00, 0x00, 0x00, 0x00, 0x00, 0x00, 0x00, 0x00, 0x00, 0x00, 0x00, 0x00, 0x00, 0x00, 0x00,
  0x00, 0x00, 0x00, 0x00, 0x00, 0x00, 0x00, 0x00, 0x00, 0x00, 0x00, 0x00, 0x00, 0x00, 0x00, 0x00,
  0x46, 0x01, 0x00, 0x00, 0x3e, 0x01, 0xcc, 0x00, 0x00, 0x00, 0x00, 0x00, 0x01, 0x00, 0x00, 0x00,
  0x00, 0x00, 0x00, 0x00, 0x00, 0x00, 0x00, 0x00, 0x00, 0x00, 0x00, 0x00, 0x44, 0x41, 0x54, 0x41,
  0xe4, 0x00, 0x00, 0x00, 0x10, 0xe9, 0xef, 0x06, 0xa7, 0x00, 0x00, 0x00, 0x01, 0x00, 0x00, 0x00,
  0x28, 0xea, 0xef, 0x06, 0xf8, 0xe7, 0xef, 0x06, 0x52, 0x61, 0x6d, 0x70, 0x73, 0x00, 0x00, 0x00,
  0x00, 0x00, 0x00, 0x00, 0x00, 0x00, 0x00, 0x00, 0x00, 0x00, 0x00, 0x00, 0x00, 0x00, 0x00, 0x00,
  0x00, 0x00, 0x00, 0x00, 0x00, 0x00, 0x00, 0x00, 0x00, 0x00, 0x00, 0x00, 0x00, 0x00, 0x00, 0x00,
  0x00, 0x00, 0x00, 0x00, 0x00, 0x00, 0x00, 0x00, 0x00, 0x00, 0x00, 0x00, 0x00, 0x00, 0x00, 0x00,
  0x00, 0x00, 0x00, 0x00, 0x00, 0x00, 0x00, 0x00, 0x4d, 0x61, 0x74, 0x65, 0x72, 0x69, 0x61, 0x6c,
  0x00, 0x00, 0x00, 0x00, 0x00, 0x00, 0x00, 0x00, 0x00, 0x00, 0x00, 0x00, 0x00, 0x00, 0x00, 0x00,
  0x00, 0x00, 0x00, 0x00, 0x00, 0x00, 0x00, 0x00, 0x00, 0x00, 0x00, 0x00, 0x00, 0x00, 0x00, 0x00,
  0x00, 0x00, 0x00, 0x00, 0x00, 0x00, 0x00, 0x00, 0x00, 0x00, 0x00, 0x00, 0x00, 0x00, 0x00, 0x00,
  0x00, 0x00, 0x00, 0x00, 0x00, 0x00, 0x00, 0x00, 0x00, 0x00, 0x00, 0x00, 0x00, 0x00, 0x00, 0x00,
  0x00, 0x00, 0x00, 0x00, 0x00, 0x00, 0x00, 0x00, 0x00, 0x00, 0x00, 0x00, 0x00, 0x00, 0x00, 0x00,
  0x00, 0x00, 0x00, 0x00, 0x00, 0x00, 0x00, 0x00, 0x00, 0x00, 0x00, 0x00, 0x00, 0x00, 0x00, 0x00,
  0x00, 0x00, 0x00, 0x00, 0x00, 0x00, 0x00, 0x00, 0x00, 0x00, 0x00, 0x00, 0x00, 0x00, 0x00, 0x00,
  0x00, 0x00, 0x00, 0x00, 0x00, 0x00, 0x00, 0x00, 0x46, 0x01, 0x00, 0x00, 0x3e, 0x01, 0xcc, 0x00,
  0x00, 0x00, 0x00, 0x00, 0x01, 0x00, 0x00, 0x00, 0x00, 0x00, 0x00, 0x00, 0x00, 0x00, 0x00, 0x00,
  0x18, 0xc1, 0xef, 0x06, 0x44, 0x41, 0x54, 0x41, 0xe4, 0x00, 0x00, 0x00, 0x28, 0xea, 0xef, 0x06,
  0xa7, 0x00, 0x00, 0x00, 0x01, 0x00, 0x00, 0x00, 0x40, 0xeb, 0xef, 0x06, 0x10, 0xe9, 0xef, 0x06,
  0x4d, 0x69, 0x72, 0x72, 0x6f, 0x72, 0x20, 0x54, 0x72, 0x61, 0x6e, 0x73, 0x70, 0x00, 0x00, 0x00,
  0x00, 0x00, 0x00, 0x00, 0x00, 0x00, 0x00, 0x00, 0x00, 0x00, 0x00, 0x00, 0x00, 0x00, 0x00, 0x00,
  0x00, 0x00, 0x00, 0x00, 0x00, 0x00, 0x00, 0x00, 0x00, 0x00, 0x00, 0x00, 0x00, 0x00, 0x00, 0x00,
  0x00, 0x00, 0x00, 0x00, 0x00, 0x00, 0x00, 0x00, 0x00, 0x00, 0x00, 0x00, 0x00, 0x00, 0x00, 0x00,
  0x4d, 0x61, 0x74, 0x65, 0x72, 0x69, 0x61, 0x6c, 0x00, 0x00, 0x00, 0x00, 0x00, 0x00, 0x00, 0x00,
  0x00, 0x00, 0x00, 0x00, 0x00, 0x00, 0x00, 0x00, 0x00, 0x00, 0x00, 0x00, 0x00, 0x00, 0x00, 0x00,
  0x00, 0x00, 0x00, 0x00, 0x00, 0x00, 0x00, 0x00, 0x00, 0x00, 0x00, 0x00, 0x00, 0x00, 0x00, 0x00,
  0x00, 0x00, 0x00, 0x00, 0x00, 0x00, 0x00, 0x00, 0x00, 0x00, 0x00, 0x00, 0x00, 0x00, 0x00, 0x00,
  0x00, 0x00, 0x00, 0x00, 0x00, 0x00, 0x00, 0x00, 0x00, 0x00, 0x00, 0x00, 0x00, 0x00, 0x00, 0x00,
  0x00, 0x00, 0x00, 0x00, 0x00, 0x00, 0x00, 0x00, 0x00, 0x00, 0x00, 0x00, 0x00, 0x00, 0x00, 0x00,
  0x00, 0x00, 0x00, 0x00, 0x00, 0x00, 0x00, 0x00, 0x00, 0x00, 0x00, 0x00, 0x00, 0x00, 0x00, 0x00,
  0x00, 0x00, 0x00, 0x00, 0x00, 0x00, 0x00, 0x00, 0x00, 0x00, 0x00, 0x00, 0x00, 0x00, 0x00, 0x00,
  0x8c, 0x02, 0x00, 0x00, 0x3e, 0x01, 0xcc, 0x00, 0x00, 0x00, 0x00, 0x00, 0x01, 0x00, 0x00, 0x00,
  0x00, 0x00, 0x00, 0x00, 0x00, 0x00, 0x00, 0x00, 0x00, 0x00, 0x00, 0x00, 0x44, 0x41, 0x54, 0x41,
  0xe4, 0x00, 0x00, 0x00, 0x40, 0xeb, 0xef, 0x06, 0xa7, 0x00, 0x00, 0x00, 0x01, 0x00, 0x00, 0x00,
  0x58, 0xec, 0xef, 0x06, 0x28, 0xea, 0xef, 0x06, 0x4d, 0x69, 0x73, 0x74, 0x20, 0x2f, 0x20, 0x53,
  0x74, 0x61, 0x72, 0x73, 0x20, 0x2f, 0x20, 0x50, 0x68, 0x79, 0x73, 0x69, 0x63, 0x73, 0x00, 0x00,
  0x00, 0x00, 0x00, 0x00, 0x00, 0x00, 0x00, 0x00, 0x00, 0x00, 0x00, 0x00, 0x00, 0x00, 0x00, 0x00,
  0x00, 0x00, 0x00, 0x00, 0x00, 0x00, 0x00, 0x00, 0x00, 0x00, 0x00, 0x00, 0x00, 0x00, 0x00, 0x00,
  0x00, 0x00, 0x00, 0x00, 0x00, 0x00, 0x00, 0x00, 0x57, 0x6f, 0x72, 0x6c, 0x64, 0x00, 0x00, 0x00,
  0x00, 0x00, 0x00, 0x00, 0x00, 0x00, 0x00, 0x00, 0x00, 0x00, 0x00, 0x00, 0x00, 0x00, 0x00, 0x00,
  0x00, 0x00, 0x00, 0x00, 0x00, 0x00, 0x00, 0x00, 0x00, 0x00, 0x00, 0x00, 0x00, 0x00, 0x00, 0x00,
  0x00, 0x00, 0x00, 0x00, 0x00, 0x00, 0x00, 0x00, 0x00, 0x00, 0x00, 0x00, 0x00, 0x00, 0x00, 0x00,
  0x00, 0x00, 0x00, 0x00, 0x00, 0x00, 0x00, 0x00, 0x00, 0x00, 0x00, 0x00, 0x00, 0x00, 0x00, 0x00,
  0x00, 0x00, 0x00, 0x00, 0x00, 0x00, 0x00, 0x00, 0x00, 0x00, 0x00, 0x00, 0x00, 0x00, 0x00, 0x00,
  0x00, 0x00, 0x00, 0x00, 0x00, 0x00, 0x00, 0x00, 0x00, 0x00, 0x00, 0x00, 0x00, 0x00, 0x00, 0x00,
  0x00, 0x00, 0x00, 0x00, 0x00, 0x00, 0x00, 0x00, 0x00, 0x00, 0x00, 0x00, 0x00, 0x00, 0x00, 0x00,
  0x00, 0x00, 0x00, 0x00, 0x00, 0x00, 0x00, 0x00, 0x8c, 0x02, 0x00, 0x00, 0x3e, 0x01, 0xcc, 0x00,
  0x00, 0x00, 0x00, 0x00, 0x01, 0x00, 0x00, 0x00, 0x00, 0x00, 0x00, 0x00, 0x00, 0x00, 0x00, 0x00,
  0x00, 0x00, 0x00, 0x00, 0x44, 0x41, 0x54, 0x41, 0xe4, 0x00, 0x00, 0x00, 0x58, 0xec, 0xef, 0x06,
  0xa7, 0x00, 0x00, 0x00, 0x01, 0x00, 0x00, 0x00, 0x70, 0xed, 0xef, 0x06, 0x40, 0xeb, 0xef, 0x06,
  0x41, 0x6d, 0x62, 0x20, 0x4f, 0x63, 0x63, 0x00, 0x00, 0x00, 0x00, 0x00, 0x00, 0x00, 0x00, 0x00,
  0x00, 0x00, 0x00, 0x00, 0x00, 0x00, 0x00, 0x00, 0x00, 0x00, 0x00, 0x00, 0x00, 0x00, 0x00, 0x00,
  0x00, 0x00, 0x00, 0x00, 0x00, 0x00, 0x00, 0x00, 0x00, 0x00, 0x00, 0x00, 0x00, 0x00, 0x00, 0x00,
  0x00, 0x00, 0x00, 0x00, 0x00, 0x00, 0x00, 0x00, 0x00, 0x00, 0x00, 0x00, 0x00, 0x00, 0x00, 0x00,
  0x57, 0x6f, 0x72, 0x6c, 0x64, 0x00, 0x00, 0x00, 0x00, 0x00, 0x00, 0x00, 0x00, 0x00, 0x00, 0x00,
  0x00, 0x00, 0x00, 0x00, 0x00, 0x00, 0x00, 0x00, 0x00, 0x00, 0x00, 0x00, 0x00, 0x00, 0x00, 0x00,
  0x00, 0x00, 0x00, 0x00, 0x00, 0x00, 0x00, 0x00, 0x00, 0x00, 0x00, 0x00, 0x00, 0x00, 0x00, 0x00,
  0x00, 0x00, 0x00, 0x00, 0x00, 0x00, 0x00, 0x00, 0x00, 0x00, 0x00, 0x00, 0x00, 0x00, 0x00, 0x00,
  0x00, 0x00, 0x00, 0x00, 0x00, 0x00, 0x00, 0x00, 0x00, 0x00, 0x00, 0x00, 0x00, 0x00, 0x00, 0x00,
  0x00, 0x00, 0x00, 0x00, 0x00, 0x00, 0x00, 0x00, 0x00, 0x00, 0x00, 0x00, 0x00, 0x00, 0x00, 0x00,
  0x00, 0x00, 0x00, 0x00, 0x00, 0x00, 0x00, 0x00, 0x00, 0x00, 0x00, 0x00, 0x00, 0x00, 0x00, 0x00,
  0x00, 0x00, 0x00, 0x00, 0x00, 0x00, 0x00, 0x00, 0x00, 0x00, 0x00, 0x00, 0x00, 0x00, 0x00, 0x00,
  0x8c, 0x02, 0x00, 0x00, 0x3e, 0x01, 0xcc, 0x00, 0x00, 0x00, 0x00, 0x00, 0x01, 0x00, 0x00, 0x00,
  0x00, 0x00, 0x00, 0x00, 0x00, 0x00, 0x00, 0x00, 0x40, 0xeb, 0xef, 0x06, 0x44, 0x41, 0x54, 0x41,
  0xe4, 0x00, 0x00, 0x00, 0x70, 0xed, 0xef, 0x06, 0xa7, 0x00, 0x00, 0x00, 0x01, 0x00, 0x00, 0x00,
  0x88, 0xee, 0xef, 0x06, 0x58, 0xec, 0xef, 0x06, 0x53, 0x68, 0x61, 0x64, 0x6f, 0x77, 0x20, 0x61,
  0x6e, 0x64, 0x20, 0x53, 0x70, 0x6f, 0x74, 0x00, 0x00, 0x00, 0x00, 0x00, 0x00, 0x00, 0x00, 0x00,
  0x00, 0x00, 0x00, 0x00, 0x00, 0x00, 0x00, 0x00, 0x00, 0x00, 0x00, 0x00, 0x00, 0x00, 0x00, 0x00,
  0x00, 0x00, 0x00, 0x00, 0x00, 0x00, 0x00, 0x00, 0x00, 0x00, 0x00, 0x00, 0x00, 0x00, 0x00, 0x00,
  0x00, 0x00, 0x00, 0x00, 0x00, 0x00, 0x00, 0x00, 0x4c, 0x61, 0x6d, 0x70, 0x00, 0x00, 0x00, 0x00,
  0x00, 0x00, 0x00, 0x00, 0x00, 0x00, 0x00, 0x00, 0x00, 0x00, 0x00, 0x00, 0x00, 0x00, 0x00, 0x00,
  0x00, 0x00, 0x00, 0x00, 0x00, 0x00, 0x00, 0x00, 0x00, 0x00, 0x00, 0x00, 0x00, 0x00, 0x00, 0x00,
  0x00, 0x00, 0x00, 0x00, 0x00, 0x00, 0x00, 0x00, 0x00, 0x00, 0x00, 0x00, 0x00, 0x00, 0x00, 0x00,
  0x00, 0x00, 0x00, 0x00, 0x00, 0x00, 0x00, 0x00, 0x00, 0x00, 0x00, 0x00, 0x00, 0x00, 0x00, 0x00,
  0x00, 0x00, 0x00, 0x00, 0x00, 0x00, 0x00, 0x00, 0x00, 0x00, 0x00, 0x00, 0x00, 0x00, 0x00, 0x00,
  0x00, 0x00, 0x00, 0x00, 0x00, 0x00, 0x00, 0x00, 0x00, 0x00, 0x00, 0x00, 0x00, 0x00, 0x00, 0x00,
  0x00, 0x00, 0x00, 0x00, 0x00, 0x00, 0x00, 0x00, 0x00, 0x00, 0x00, 0x00, 0x00, 0x00, 0x00, 0x00,
  0x00, 0x00, 0x00, 0x00, 0x00, 0x00, 0x00, 0x00, 0x8c, 0x02, 0x00, 0x00, 0x3e, 0x01, 0xcc, 0x00,
  0x00, 0x00, 0x00, 0x00, 0x01, 0x00, 0x00, 0x00, 0x00, 0x00, 0x00, 0x00, 0x00, 0x00, 0x00, 0x00,
  0x00, 0x00, 0x00, 0x00, 0x44, 0x41, 0x54, 0x41, 0xe4, 0x00, 0x00, 0x00, 0x88, 0xee, 0xef, 0x06,
  0xa7, 0x00, 0x00, 0x00, 0x01, 0x00, 0x00, 0x00, 0xe8, 0xef, 0xef, 0x06, 0x70, 0xed, 0xef, 0x06,
  0x4d, 0x6f, 0x64, 0x69, 0x66, 0x69, 0x65, 0x72, 0x73, 0x00, 0x00, 0x00, 0x00, 0x00, 0x00, 0x00,
  0x00, 0x00, 0x00, 0x00, 0x00, 0x00, 0x00, 0x00, 0x00, 0x00, 0x00, 0x00, 0x00, 0x00, 0x00, 0x00,
  0x00, 0x00, 0x00, 0x00, 0x00, 0x00, 0x00, 0x00, 0x00, 0x00, 0x00, 0x00, 0x00, 0x00, 0x00, 0x00,
  0x00, 0x00, 0x00, 0x00, 0x00, 0x00, 0x00, 0x00, 0x00, 0x00, 0x00, 0x00, 0x00, 0x00, 0x00, 0x00,
  0x45, 0x64, 0x69, 0x74, 0x69, 0x6e, 0x67, 0x00, 0x00, 0x00, 0x00, 0x00, 0x00, 0x00, 0x00, 0x00,
  0x00, 0x00, 0x00, 0x00, 0x00, 0x00, 0x00, 0x00, 0x00, 0x00, 0x00, 0x00, 0x00, 0x00, 0x00, 0x00,
  0x00, 0x00, 0x00, 0x00, 0x00, 0x00, 0x00, 0x00, 0x00, 0x00, 0x00, 0x00, 0x00, 0x00, 0x00, 0x00,
  0x00, 0x00, 0x00, 0x00, 0x00, 0x00, 0x00, 0x00, 0x00, 0x00, 0x00, 0x00, 0x00, 0x00, 0x00, 0x00,
  0x00, 0x00, 0x00, 0x00, 0x00, 0x00, 0x00, 0x00, 0x00, 0x00, 0x00, 0x00, 0x00, 0x00, 0x00, 0x00,
  0x00, 0x00, 0x00, 0x00, 0x00, 0x00, 0x00, 0x00, 0x00, 0x00, 0x00, 0x00, 0x00, 0x00, 0x00, 0x00,
  0x00, 0x00, 0x00, 0x00, 0x00, 0x00, 0x00, 0x00, 0x00, 0x00, 0x00, 0x00, 0x00, 0x00, 0x00, 0x00,
  0x00, 0x00, 0x00, 0x00, 0x00, 0x00, 0x00, 0x00, 0x00, 0x00, 0x00, 0x00, 0x00, 0x00, 0x00, 0x00,
  0xd2, 0x03, 0x00, 0x00, 0x3e, 0x01, 0xcc, 0x00, 0x00, 0x00, 0x01, 0x00, 0x01, 0x00, 0x00, 0x00,
  0x00, 0x00, 0x00, 0x00, 0x02, 0x00, 0x00, 0x00, 0x00, 0x00, 0x00, 0x00, 0x44, 0x41, 0x54, 0x41,
  0xe4, 0x00, 0x00, 0x00, 0xe8, 0xef, 0xef, 0x06, 0xa7, 0x00, 0x00, 0x00, 0x01, 0x00, 0x00, 0x00,
  0x00, 0xf1, 0xef, 0x06, 0x88, 0xee, 0xef, 0x06, 0x53, 0x68, 0x61, 0x70, 0x65, 0x73, 0x00, 0x00,
  0x00, 0x00, 0x00, 0x00, 0x00, 0x00, 0x00, 0x00, 0x00, 0x00, 0x00, 0x00, 0x00, 0x00, 0x00, 0x00,
  0x00, 0x00, 0x00, 0x00, 0x00, 0x00, 0x00, 0x00, 0x00, 0x00, 0x00, 0x00, 0x00, 0x00, 0x00, 0x00,
  0x00, 0x00, 0x00, 0x00, 0x00, 0x00, 0x00, 0x00, 0x00, 0x00, 0x00, 0x00, 0x00, 0x00, 0x00, 0x00,
  0x00, 0x00, 0x00, 0x00, 0x00, 0x00, 0x00, 0x00, 0x45, 0x64, 0x69, 0x74, 0x69, 0x6e, 0x67, 0x00,
  0x00, 0x00, 0x00, 0x00, 0x00, 0x00, 0x00, 0x00, 0x00, 0x00, 0x00, 0x00, 0x00, 0x00, 0x00, 0x00,
  0x00, 0x00, 0x00, 0x00, 0x00, 0x00, 0x00, 0x00, 0x00, 0x00, 0x00, 0x00, 0x00, 0x00, 0x00, 0x00,
  0x00, 0x00, 0x00, 0x00, 0x00, 0x00, 0x00, 0x00, 0x00, 0x00, 0x00, 0x00, 0x00, 0x00, 0x00, 0x00,
  0x00, 0x00, 0x00, 0x00, 0x00, 0x00, 0x00, 0x00, 0x00, 0x00, 0x00, 0x00, 0x00, 0x00, 0x00, 0x00,
  0x00, 0x00, 0x00, 0x00, 0x00, 0x00, 0x00, 0x00, 0x00, 0x00, 0x00, 0x00, 0x00, 0x00, 0x00, 0x00,
  0x00, 0x00, 0x00, 0x00, 0x00, 0x00, 0x00, 0x00, 0x00, 0x00, 0x00, 0x00, 0x00, 0x00, 0x00, 0x00,
  0x00, 0x00, 0x00, 0x00, 0x00, 0x00, 0x00, 0x00, 0x00, 0x00, 0x00, 0x00, 0x00, 0x00, 0x00, 0x00,
  0x00, 0x00, 0x00, 0x00, 0x00, 0x00, 0x00, 0x00, 0xd2, 0x03, 0x00, 0x00, 0x3e, 0x01, 0xcc, 0x00,
  0x00, 0x00, 0x01, 0x00, 0x01, 0x00, 0x00, 0x00, 0x00, 0x00, 0x00, 0x00, 0x02, 0x00, 0x00, 0x00,
  0x88, 0xee, 0xef, 0x06, 0x44, 0x41, 0x54, 0x41, 0xe4, 0x00, 0x00, 0x00, 0x00, 0xf1, 0xef, 0x06,
  0xa7, 0x00, 0x00, 0x00, 0x01, 0x00, 0x00, 0x00, 0x00, 0x00, 0x00, 0x00, 0xe8, 0xef, 0xef, 0x06,
  0x4d, 0x75, 0x6c, 0x74, 0x69, 0x72, 0x65, 0x73, 0x00, 0x00, 0x00, 0x00, 0x00, 0x00, 0x00, 0x00,
  0x00, 0x00, 0x00, 0x00, 0x00, 0x00, 0x00, 0x00, 0x00, 0x00, 0x00, 0x00, 0x00, 0x00, 0x00, 0x00,
  0x00, 0x00, 0x00, 0x00, 0x00, 0x00, 0x00, 0x00, 0x00, 0x00, 0x00, 0x00, 0x00, 0x00, 0x00, 0x00,
  0x00, 0x00, 0x00, 0x00, 0x00, 0x00, 0x00, 0x00, 0x00, 0x00, 0x00, 0x00, 0x00, 0x00, 0x00, 0x00,
  0x45, 0x64, 0x69, 0x74, 0x69, 0x6e, 0x67, 0x00, 0x00, 0x00, 0x00, 0x00, 0x00, 0x00, 0x00, 0x00,
  0x00, 0x00, 0x00, 0x00, 0x00, 0x00, 0x00, 0x00, 0x00, 0x00, 0x00, 0x00, 0x00, 0x00, 0x00, 0x00,
  0x00, 0x00, 0x00, 0x00, 0x00, 0x00, 0x00, 0x00, 0x00, 0x00, 0x00, 0x00, 0x00, 0x00, 0x00, 0x00,
  0x00, 0x00, 0x00, 0x00, 0x00, 0x00, 0x00, 0x00, 0x00, 0x00, 0x00, 0x00, 0x00, 0x00, 0x00, 0x00,
  0x00, 0x00, 0x00, 0x00, 0x00, 0x00, 0x00, 0x00, 0x00, 0x00, 0x00, 0x00, 0x00, 0x00, 0x00, 0x00,
  0x00, 0x00, 0x00, 0x00, 0x00, 0x00, 0x00, 0x00, 0x00, 0x00, 0x00, 0x00, 0x00, 0x00, 0x00, 0x00,
  0x00, 0x00, 0x00, 0x00, 0x00, 0x00, 0x00, 0x00, 0x00, 0x00, 0x00, 0x00, 0x00, 0x00, 0x00, 0x00,
  0x00, 0x00, 0x00, 0x00, 0x00, 0x00, 0x00, 0x00, 0x00, 0x00, 0x00, 0x00, 0x00, 0x00, 0x00, 0x00,
  0x8c, 0x02, 0x00, 0x00, 0x3e, 0x01, 0xcc, 0x00, 0x00, 0x00, 0x01, 0x00, 0x01, 0x00, 0x00, 0x00,
  0x00, 0x00, 0x00, 0x00, 0x02, 0x00, 0x00, 0x00, 0x00, 0x00, 0x00, 0x00, 0x44, 0x41, 0x54, 0x41,
  0xdc, 0x00, 0x00, 0x00, 0x18, 0xf2, 0xef, 0x06, 0x92, 0x00, 0x00, 0x00, 0x01, 0x00, 0x00, 0x00,
  0xb0, 0x13, 0xfb, 0x02, 0x00, 0x00, 0x00, 0x00, 0x04, 0x00, 0x00, 0x00, 0x33, 0x33, 0x33, 0x3f,
  0x40, 0x68, 0xfa, 0x02, 0x00, 0x00, 0x00, 0x00, 0x00, 0x00, 0x00, 0x00, 0x00, 0x00, 0x00, 0x00,
  0x00, 0x00, 0x00, 0x00, 0x00, 0x00, 0x00, 0x00, 0x00, 0x00, 0x00, 0x00, 0x01, 0x00, 0x00, 0x00,
  0x00, 0x00, 0x00, 0xc1, 0x00, 0xc0, 0xca, 0x44, 0x00, 0x00, 0x00, 0xc1, 0x00, 0x00, 0x68, 0x43,
  0x02, 0x1b, 0x4e, 0x42, 0x9c, 0x99, 0xbb, 0x44, 0xe0, 0x58, 0x1f, 0xc1, 0x8e, 0xf5, 0x69, 0x43,
  0x00, 0x00, 0x00, 0x00, 0x00, 0x00, 0x00, 0x00, 0x00, 0x00, 0x00, 0x00, 0x00, 0x00, 0x00, 0x00,
  0x00, 0x00, 0x00, 0x00, 0x00, 0x00, 0x00, 0x00, 0x00, 0x00, 0x00, 0x00, 0x00, 0x00, 0x00, 0x00,
  0x00, 0x00, 0x00, 0x00, 0x00, 0x00, 0x00, 0x00, 0x00, 0x00, 0x00, 0x00, 0x00, 0x00, 0x00, 0x00,
  0x00, 0x00, 0x80, 0x43, 0x00, 0x00, 0x28, 0x42, 0x00, 0x00, 0xc8, 0x44, 0x00, 0x00, 0xe1, 0x43,
  0x00, 0x00, 0x00, 0x3f, 0xe1, 0x7a, 0xb4, 0x3f, 0x00, 0x00, 0x01, 0x00, 0x01, 0x00, 0x01, 0x00,
  0xf7, 0x05, 0x01, 0x01, 0x00, 0x00, 0x00, 0x00, 0x00, 0x00, 0x00, 0x00, 0x00, 0x00, 0x00, 0x00,
  0x00, 0x00, 0x00, 0x00, 0x00, 0x00, 0x00, 0x00, 0x04, 0x00, 0x01, 0x00, 0x00, 0x00, 0x04, 0x00,
  0x60, 0xce, 0xf0, 0x06, 0x01, 0x00, 0x00, 0x00, 0x00, 0x00, 0x00, 0x00, 0x6d, 0x01, 0x00, 0x00,
  0x00, 0x00, 0x00, 0x00, 0x00, 0x00, 0x00, 0x00, 0x00, 0x00, 0x00, 0x00, 0x44, 0x41, 0x54, 0x41,
  0x1c, 0x03, 0x00, 0x00, 0xb0, 0x13, 0xfb, 0x02, 0x8d, 0x00, 0x00, 0x00, 0x01, 0x00, 0x00, 0x00,
  0x08, 0xe4, 0xf7, 0x02, 0x18, 0xf2, 0xef, 0x06, 0x01, 0x00, 0x00, 0x00, 0x33, 0x33, 0x33, 0x3f,
  0x40, 0x68, 0xfa, 0x02, 0x00, 0x00, 0x00, 0x00, 0x00, 0x00, 0x00, 0x00, 0x00, 0x00, 0x00, 0x00,
  0x00, 0x00, 0x00, 0x00, 0x00, 0x00, 0x80, 0x3f, 0x00, 0x00, 0x00, 0x00, 0x00, 0x00, 0x00, 0x00,
  0x00, 0x00, 0x00, 0x00, 0x00, 0x00, 0x00, 0x00, 0x00, 0x00, 0x80, 0x3f, 0x00, 0x00, 0x00, 0x00,
  0x00, 0x00, 0x00, 0x00, 0x00, 0x00, 0x00, 0x00, 0x00, 0x00, 0x00, 0x00, 0x00, 0x00, 0x80, 0x3f,
  0x00, 0x00, 0x00, 0x00, 0x00, 0x00, 0x00, 0x00, 0x00, 0x00, 0x00, 0x00, 0x00, 0x00, 0x20, 0xc1,
  0x00, 0x00, 0x80, 0x3f, 0x00, 0x00, 0x80, 0x3f, 0x00, 0x00, 0x00, 0x00, 0x00, 0x00, 0x00, 0x00,
  0x00, 0x00, 0x00, 0x00, 0x00, 0x00, 0x00, 0x00, 0x00, 0x00, 0x80, 0x3f, 0x00, 0x00, 0x00, 0x00,
  0x00, 0x00, 0x00, 0x00, 0x00, 0x00, 0x00, 0x00, 0x00, 0x00, 0x00, 0x00, 0x00, 0x00, 0x80, 0x3f,
  0x00, 0x00, 0x00, 0x00, 0x00, 0x00, 0x00, 0x00, 0x00, 0x00, 0x00, 0x00, 0x00, 0x00, 0x20, 0x41,
  0x00, 0x00, 0x80, 0x3f, 0x00, 0x00, 0x8c, 0x3f, 0x00, 0x00, 0x00, 0x00, 0x00, 0x00, 0x00, 0x00,
  0x00, 0x00, 0x00, 0x00, 0x00, 0x00, 0x00, 0x00, 0x00, 0x00, 0xb7, 0x40, 0x00, 0x00, 0x00, 0x00,
  0x00, 0x00, 0x00, 0x00, 0x00, 0x00, 0x00, 0x00, 0x00, 0x00, 0x00, 0x00, 0x50, 0x01, 0x80, 0xbf,
  0x00, 0x00, 0x80, 0xbf, 0x00, 0x00, 0x00, 0x00, 0x00, 0x00, 0x00, 0x00, 0xb8, 0xaf, 0x1f, 0x41,
  0x00, 0x00, 0x20, 0x41, 0xa1, 0x0e, 0x6a, 0x3f, 0x00, 0x00, 0x00, 0x00, 0x00, 0x00, 0x00, 0x00,
  0x00, 0x00, 0x00, 0x00, 0x00, 0x00, 0x00, 0x00, 0x63, 0x0f, 0x33, 0x3e, 0x00, 0x00, 0x00, 0x00,
  0x00, 0x00, 0x00, 0x00, 0x00, 0x00, 0x00, 0x00, 0x00, 0x00, 0x00, 0x00, 0x1d, 0xfe, 0xf9, 0xc3,
  0x7d, 0xfe, 0x47, 0xc2, 0x00, 0x00, 0x00, 0x00, 0x00, 0x00, 0x00, 0x00, 0xad, 0x80, 0xf9, 0x43,
  0x8a, 0x00, 0x48, 0x42, 0x00, 0x00, 0x00, 0x00, 0x00, 0x00, 0x00, 0x00, 0x00, 0x00, 0x00, 0x00,
  0x00, 0x00, 0x00, 0x00, 0x00, 0x00, 0x00, 0x00, 0x00, 0x00, 0x00, 0x00, 0x00, 0x00, 0x00, 0x00,
  0x00, 0x00, 0x00, 0x00, 0x00, 0x00, 0x00, 0x00, 0x00, 0x00, 0x00, 0x00, 0x00, 0x00, 0x00, 0x00,
  0x00, 0x00, 0x00, 0x00, 0x00, 0x00, 0x00, 0x00, 0x00, 0x00, 0x00, 0x00, 0x00, 0x00, 0x00, 0x00,
  0x00, 0x00, 0x00, 0x00, 0x00, 0x00, 0x00, 0x00, 0x00, 0x00, 0x00, 0x00, 0x00, 0x00, 0x00, 0x00,
  0x00, 0x00, 0x00, 0x00, 0x00, 0x00, 0x00, 0x00, 0x00, 0x00, 0x00, 0x00, 0x00, 0x00, 0x00, 0x00,
  0x00, 0x00, 0x00, 0x00, 0x00, 0x00, 0x00, 0x00, 0x00, 0x00, 0x00, 0x00, 0x00, 0x00, 0x00, 0x00,
  0x00, 0x00, 0x00, 0x00, 0x00, 0x00, 0x00, 0x00, 0x00, 0x00, 0x00, 0x00, 0x00, 0x00, 0x00, 0x00,
  0x00, 0x00, 0x00, 0x00, 0x00, 0x00, 0x80, 0x3f, 0x00, 0x00, 0x00, 0x00, 0x00, 0x00, 0x00, 0x00,
  0x00, 0x00, 0x00, 0x00, 0x00, 0x00, 0x20, 0x41, 0x00, 0x00, 0x00, 0x00, 0x00, 0x00, 0x00, 0x00,
  0x01, 0x00, 0x07, 0x00, 0x28, 0x45, 0x01, 0x03, 0x00, 0x00, 0x00, 0x00, 0x00, 0x00, 0x00, 0x00,
  0x00, 0x00, 0x00, 0x00, 0x00, 0x00, 0x00, 0x00, 0x00, 0x00, 0x00, 0x00, 0x00, 0x00, 0x00, 0x00,
  0x00, 0x00, 0x00, 0x00, 0x00, 0x00, 0x00, 0x00, 0x00, 0x00, 0x00, 0x00, 0x00, 0x00, 0x00, 0x00,
  0x00, 0x00, 0x00, 0x00, 0x00, 0x00, 0x00, 0x00, 0x00, 0x00, 0x00, 0x00, 0x00, 0x00, 0x00, 0x00,
  0x02, 0x00, 0x00, 0x00, 0x01, 0x00, 0x00, 0x00, 0x01, 0x00, 0x00, 0x00, 0x01, 0x00, 0x03, 0x00,
  0x00, 0x00, 0x00, 0x00, 0x00, 0x00, 0x0c, 0x42, 0x00, 0x00, 0x80, 0x3f, 0x00, 0x00, 0x00, 0x00,
  0x00, 0x00, 0x00, 0x00, 0x0a, 0xd7, 0x23, 0x3c, 0x00, 0x00, 0xfa, 0x43, 0x00, 0x00, 0x00, 0x00,
  0x00, 0x00, 0x00, 0x00, 0x00, 0x00, 0x00, 0x00, 0x00, 0x00, 0x00, 0x00, 0x00, 0x00, 0x00, 0x00,
  0x00, 0x00, 0x00, 0x00, 0x00, 0x00, 0x00, 0x00, 0x00, 0x00, 0x00, 0x00, 0x10, 0x00, 0x01, 0x00,
  0x07, 0x00, 0x00, 0x00, 0x00, 0x00, 0x00, 0x00, 0x01, 0x00, 0x00, 0x00, 0x00, 0x00, 0x00, 0x00,
  0x00, 0x00, 0x00, 0x00, 0x00, 0x00, 0x00, 0x00, 0x00, 0x00, 0x00, 0x00, 0x00, 0x00, 0x00, 0x00,
  0x00, 0x00, 0x00, 0x00, 0x00, 0x00, 0x00, 0x00, 0x00, 0x00, 0x00, 0x00, 0x00, 0x00, 0x00, 0x00,
  0x00, 0x00, 0x00, 0x00, 0x00, 0x00, 0x00, 0x00, 0x00, 0x00, 0x00, 0x00, 0x00, 0x00, 0x00, 0x00,
  0x00, 0x00, 0x00, 0x00, 0x00, 0x00, 0x00, 0x00, 0x00, 0x00, 0x00, 0x00, 0x00, 0x00, 0x00, 0x00,
  0x00, 0x00, 0x00, 0x00, 0x00, 0x00, 0x00, 0x00, 0x00, 0x00, 0x00, 0x00, 0x00, 0x00, 0x00, 0x00,
  0x00, 0x00, 0x00, 0x00, 0x00, 0x00, 0x00, 0x00, 0x00, 0x00, 0x00, 0x00, 0x00, 0x00, 0x00, 0x00,
  0x00, 0x00, 0x00, 0x00, 0x00, 0x00, 0x00, 0x00, 0x00, 0x00, 0x00, 0x00, 0x00, 0x00, 0x00, 0x00,
  0x00, 0x00, 0x00, 0x00, 0x00, 0x00, 0x00, 0x00, 0x00, 0x00, 0x00, 0x00, 0x00, 0x00, 0x00, 0x00,
  0x00, 0x00, 0x00, 0x00, 0x00, 0x00, 0x00, 0x00, 0x00, 0x00, 0x00, 0x00, 0x00, 0x00, 0x00, 0x00,
  0x00, 0x00, 0x00, 0x18, 0x00, 0x00, 0x0a, 0x00, 0x00, 0x00, 0x00, 0x00, 0x00, 0x00, 0x00, 0x00,
  0x00, 0x00, 0x00, 0x00, 0x00, 0x00, 0x00, 0x00, 0x00, 0x00, 0x00, 0x00, 0x00, 0x00, 0x00, 0x00,
  0x00, 0x00, 0x00, 0x00, 0x00, 0x00, 0x00, 0x00, 0x00, 0x00, 0x00, 0x00, 0x44, 0x41, 0x54, 0x41,
  0x08, 0x01, 0x00, 0x00, 0x08, 0xe4, 0xf7, 0x02, 0x95, 0x00, 0x00, 0x00, 0x01, 0x00, 0x00, 0x00,
  0x18, 0xef, 0xfa, 0x02, 0xb0, 0x13, 0xfb, 0x02, 0x03, 0x00, 0x00, 0x00, 0x33, 0x33, 0x33, 0x3f,
  0x40, 0x68, 0xfa, 0x02, 0x00, 0x00, 0x00, 0x00, 0x00, 0x00, 0x00, 0x00, 0x00, 0x00, 0x00, 0x00,
  0x00, 0x00, 0x00, 0x00, 0x00, 0x00, 0x00, 0x00, 0x00, 0x10, 0x48, 0x45, 0x00, 0x00, 0x00, 0x00,
  0x00, 0x00, 0x7d, 0x43, 0x00, 0x00, 0x00, 0x00, 0x00, 0x10, 0x48, 0x45, 0x00, 0x00, 0x00, 0x00,
  0x00, 0x00, 0x7d, 0x43, 0x00, 0x00, 0x00, 0x00, 0x00, 0x00, 0x00, 0x00, 0x00, 0x00, 0x00, 0x00,
  0x00, 0x00, 0x00, 0x00, 0x00, 0x00, 0x00, 0x00, 0x00, 0x00, 0x00, 0x00, 0x00, 0x00, 0x00, 0x00,
  0x00, 0x00, 0x00, 0x00, 0x00, 0x00, 0x00, 0x00, 0x81, 0x0c, 0x00, 0x00, 0x00, 0x00, 0x00, 0x00,
  0xfd, 0x00, 0x00, 0x00, 0x00, 0x00, 0x00, 0x00, 0x00, 0x00, 0x00, 0x00, 0x00, 0x10, 0x48, 0x45,
  0x00, 0x00, 0x7d, 0x43, 0x00, 0x00, 0x80, 0x3f, 0x00, 0x00, 0x80, 0x3f, 0x11, 0x00, 0x02, 0x00,
  0x01, 0x00, 0x01, 0x00, 0x00, 0x00, 0x00, 0x00, 0x00, 0x00, 0x00, 0x00, 0x00, 0x00, 0x00, 0x00,
  0x00, 0x00, 0x00, 0x00, 0x00, 0x00, 0x00, 0x00, 0x00, 0x00, 0x00, 0x00, 0x00, 0x00, 0x00, 0x00,
  0x00, 0x00, 0x00, 0x00, 0x00, 0x00, 0x8e, 0x03, 0x01, 0x00, 0x00, 0x00, 0x00, 0x00, 0x00, 0x00,
  0x00, 0x00, 0x00, 0x00, 0x00, 0x00, 0x00, 0x00, 0x00, 0x00, 0x00, 0x00, 0x00, 0x00, 0x00, 0x00,
  0x00, 0x00, 0x00, 0x00, 0x00, 0x00, 0x00, 0x00, 0x00, 0x00, 0x00, 0x00, 0x00, 0x00, 0x00, 0x00,
  0x00, 0x00, 0x00, 0x00, 0x00, 0x00, 0x00, 0x00, 0x00, 0x00, 0x00, 0x00, 0x00, 0x00, 0x00, 0x00,
  0x00, 0x00, 0x00, 0x00, 0x00, 0x00, 0x00, 0x00, 0x00, 0x00, 0x00, 0x00, 0x00, 0x00, 0x00, 0x00,
  0x01, 0x00, 0x00, 0x00, 0x00, 0x00, 0x00, 0x00, 0x44, 0x41, 0x54, 0x41, 0xc8, 0x01, 0x00, 0x00,
  0x18, 0xef, 0xfa, 0x02, 0x94, 0x00, 0x00, 0x00, 0x01, 0x00, 0x00, 0x00, 0x00, 0x00, 0x00, 0x00,
  0x08, 0xe4, 0xf7, 0x02, 0x05, 0x00, 0x00, 0x00, 0x33, 0x33, 0x33, 0x3f, 0x40, 0x68, 0xfa, 0x02,
  0x00, 0x00, 0x00, 0x00, 0x00, 0x00, 0x00, 0x00, 0x00, 0x00, 0x00, 0x00, 0x00, 0x00, 0x00, 0x00,
  0x00, 0x00, 0x00, 0x00, 0x14, 0x00, 0x00, 0x00, 0x00, 0x00, 0x00, 0x00, 0x00, 0x00, 0x00, 0x00,
  0x00, 0x00, 0x00, 0x00, 0x00, 0x00, 0x00, 0x00, 0x00, 0x00, 0x00, 0x00, 0x00, 0x00, 0x00, 0x00,
  0x2f, 0x00, 0x00, 0x00, 0x00, 0x00, 0x00, 0x00, 0x00, 0x00, 0x00, 0x00, 0x00, 0x00, 0x00, 0x00,
  0x00, 0x00, 0x00, 0x00, 0x00, 0x00, 0x00, 0x00, 0x00, 0x00, 0x00, 0x00, 0x00, 0x00, 0x00, 0x00,
  0x00, 0x00, 0x00, 0x00, 0x00, 0x00, 0x00, 0x00, 0x00, 0x00, 0x00, 0x00, 0x00, 0x00, 0x00, 0x00,
  0x00, 0x00, 0x00, 0x00, 0x00, 0x00, 0x00, 0x00, 0x00, 0x00, 0x00, 0x00, 0x00, 0x00, 0x00, 0x00,
  0x00, 0x00, 0x00, 0x00, 0x00, 0x00, 0x00, 0x00, 0x00, 0x00, 0x00, 0x00, 0x00, 0x00, 0x00, 0x00,
  0x00, 0x00, 0x00, 0x00, 0x00, 0x00, 0x00, 0x00, 0x00, 0x00, 0x00, 0x00, 0x00, 0x00, 0x00, 0x00,
  0x00, 0x00, 0x00, 0x00, 0x00, 0x00, 0x00, 0x00, 0x00, 0x00, 0x00, 0x00, 0x00, 0x00, 0x00, 0x00,
  0x00, 0x00, 0x00, 0x00, 0x00, 0x00, 0x00, 0x00, 0x00, 0x00, 0x00, 0x00, 0x00, 0x00, 0x00, 0x00,
  0x00, 0x00, 0x00, 0x00, 0x00, 0x00, 0x00, 0x00, 0x00, 0x00, 0x00, 0x00, 0x00, 0x00, 0x00, 0x00,
  0x00, 0x00, 0x00, 0x00, 0x00, 0x00, 0x00, 0x00, 0x00, 0x00, 0x00, 0x00, 0x00, 0x00, 0x00, 0x00,
  0x00, 0x00, 0x00, 0x00, 0x00, 0x00, 0x00, 0x00, 0x00, 0x00, 0x00, 0x00, 0x00, 0x00, 0x00, 0x00,
  0x00, 0x00, 0x00, 0x00, 0x00, 0x00, 0x00, 0x00, 0x00, 0x00, 0x00, 0x00, 0x00, 0x00, 0x00, 0x00,
  0x00, 0x00, 0x00, 0x00, 0x00, 0x00, 0x00, 0x00, 0x00, 0x00, 0x00, 0x00, 0x00, 0x00, 0x00, 0x00,
  0x00, 0x00, 0x00, 0x00, 0x00, 0x00, 0x00, 0x00, 0x00, 0x00, 0x00, 0x00, 0x00, 0x00, 0x00, 0x00,
  0x00, 0x00, 0x00, 0x00, 0x00, 0x00, 0x00, 0x00, 0x00, 0x00, 0x00, 0x00, 0x00, 0x00, 0x00, 0x00,
  0x00, 0x00, 0x00, 0x00, 0x00, 0x00, 0x00, 0x00, 0x00, 0x00, 0x00, 0x00, 0x00, 0x00, 0x00, 0x00,
  0x00, 0x00, 0x00, 0x00, 0x00, 0x00, 0x00, 0x00, 0x00, 0x00, 0x00, 0x00, 0x00, 0x00, 0x00, 0x00,
  0x00, 0x00, 0x00, 0x00, 0x00, 0x00, 0x00, 0x00, 0x00, 0x00, 0x00, 0x00, 0x00, 0x00, 0x00, 0x00,
  0x00, 0x00, 0x00, 0x00, 0x00, 0x00, 0x00, 0x00, 0x00, 0x00, 0x00, 0x00, 0x00, 0x00, 0x00, 0x00,
  0x00, 0x00, 0x00, 0x00, 0x00, 0x00, 0x00, 0x00, 0x00, 0x00, 0x00, 0x00, 0x00, 0x00, 0x00, 0x00,
  0x08, 0x00, 0x00, 0x00, 0x00, 0x00, 0x00, 0x00, 0x39, 0x00, 0x02, 0x00, 0x00, 0x00, 0x00, 0x00,
  0x00, 0x00, 0x00, 0x00, 0x00, 0x00, 0x00, 0x00, 0x00, 0x00, 0x00, 0x00, 0x00, 0x00, 0x00, 0x00,
  0x00, 0x00, 0x00, 0x00, 0xff, 0xff, 0x00, 0x00, 0x00, 0x00, 0x00, 0x00, 0x00, 0x00, 0x00, 0x00,
  0x00, 0x00, 0x00, 0x00, 0x00, 0x00, 0x00, 0x00, 0x00, 0x00, 0x00, 0x00, 0x00, 0x00, 0x00, 0x00,
  0x00, 0x00, 0x00, 0x00, 0x44, 0x41, 0x54, 0x41, 0xcc, 0x00, 0x00, 0x00, 0x40, 0x69, 0xfa, 0x02,
  0xa8, 0x00, 0x00, 0x00, 0x01, 0x00, 0x00, 0x00, 0x40, 0x6a, 0xfa, 0x02, 0x40, 0x68, 0xfa, 0x02,
  0x68, 0x9e, 0xef, 0x06, 0x00, 0x9d, 0xef, 0x06, 0x48, 0x9d, 0xef, 0x06, 0xb0, 0x9e, 0xef, 0x06,
  0x00, 0x00, 0x00, 0x00, 0x00, 0x00, 0x00, 0x00, 0x00, 0x00, 0x00, 0x00, 0x00, 0x00, 0x00, 0x00,
  0x00, 0x00, 0x00, 0x00, 0x00, 0x00, 0x00, 0x00, 0x00, 0x00, 0x00, 0x00, 0x00, 0x00, 0x00, 0x00,
  0x00, 0x00, 0x00, 0x00, 0x00, 0x00, 0x00, 0x00, 0x00, 0x00, 0x00, 0x00, 0x00, 0x00, 0x00, 0x00,
  0x00, 0x00, 0x00, 0x00, 0x00, 0x00, 0x00, 0x00, 0x00, 0x00, 0x00, 0x00, 0x00, 0x00, 0x00, 0x00,
  0x00, 0x00, 0x00, 0x00, 0x00, 0x00, 0x00, 0x00, 0xf6, 0x05, 0x00, 0x00, 0x81, 0x04, 0x00, 0x00,
  0x9a, 0x04, 0x00, 0x00, 0x00, 0x00, 0x00, 0x00, 0xf6, 0x05, 0x00, 0x00, 0x81, 0x04, 0x00, 0x00,
  0x9b, 0x04, 0x00, 0x00, 0x00, 0x00, 0x00, 0x00, 0xf6, 0x05, 0x00, 0x00, 0x9a, 0x04, 0x00, 0x00,
  0x9a, 0x04, 0x00, 0x00, 0x07, 0x00, 0x06, 0x00, 0x01, 0x00, 0x07, 0x07, 0xf7, 0x05, 0x01, 0x00,
  0x03, 0x01, 0x03, 0x01, 0xc4, 0x02, 0x00, 0x00, 0x07, 0x00, 0x00, 0x00, 0x00, 0x00, 0x00, 0x00,
  0x00, 0x00, 0x00, 0x00, 0x00, 0x00, 0x00, 0x00, 0x00, 0x00, 0x00, 0x00, 0x00, 0x00, 0x00, 0x00,
  0x00, 0x00, 0x00, 0x00, 0xf8, 0x59, 0xfe, 0x02, 0xf8, 0x59, 0xfe, 0x02, 0x00, 0x00, 0x00, 0x00,
  0x00, 0x00, 0x00, 0x00, 0x44, 0x41, 0x54, 0x41, 0xcc, 0x00, 0x00, 0x00, 0x40, 0x6a, 0xfa, 0x02,
  0xa8, 0x00, 0x00, 0x00, 0x01, 0x00, 0x00, 0x00, 0x00, 0x00, 0x00, 0x00, 0x40, 0x69, 0xfa, 0x02,
  0xd8, 0x9d, 0xef, 0x06, 0x68, 0x9e, 0xef, 0x06, 0xb0, 0x9e, 0xef, 0x06, 0x20, 0x9e, 0xef, 0x06,
  0x00, 0x00, 0x00, 0x00, 0x00, 0x00, 0x8c, 0x3f, 0x00, 0x00, 0x00, 0x00, 0x00, 0x00, 0x00, 0x00,
  0x00, 0x00, 0x00, 0x00, 0x00, 0x00, 0x00, 0x00, 0x01, 0x80, 0xfe, 0x3f, 0x00, 0x00, 0x00, 0x00,
  0x00, 0x00, 0x00, 0x00, 0x00, 0x00, 0x00, 0x00, 0x00, 0x00, 0x00, 0x00, 0x1c, 0x0d, 0x80, 0xbf,
  0x00, 0x00, 0x80, 0xbf, 0x00, 0x00, 0x00, 0x00, 0x00, 0x00, 0x00, 0x00, 0x4a, 0xd7, 0x4c, 0xbe,
  0x00, 0x00, 0x00, 0x00, 0x00, 0x00, 0x00, 0x00, 0xf6, 0x05, 0x00, 0x00, 0x1d, 0x01, 0x00, 0x00,
  0x7f, 0x04, 0x00, 0x00, 0x00, 0x00, 0x00, 0x00, 0xf6, 0x05, 0x00, 0x00, 0x1d, 0x01, 0x00, 0x00,
  0x37, 0x01, 0x00, 0x00, 0x00, 0x00, 0x00, 0x00, 0xf6, 0x05, 0x00, 0x00, 0x38, 0x01, 0x00, 0x00,
  0x7f, 0x04, 0x00, 0x00, 0x09, 0x00, 0x08, 0x00, 0x01, 0x00, 0x01, 0x05, 0xf7, 0x05, 0x48, 0x03,
  0x01, 0x00, 0x01, 0x00, 0xc0, 0x01, 0x00, 0x00, 0x07, 0x00, 0x00, 0x00, 0x00, 0x00, 0x00, 0x00,
  0x00, 0x00, 0x00, 0x00, 0x00, 0x00, 0x00, 0x00, 0x00, 0x00, 0x00, 0x00, 0x18, 0x17, 0xfb, 0x02,
  0x10, 0xf1, 0xfa, 0x02, 0x00, 0x00, 0x00, 0x00, 0x00, 0x00, 0x00, 0x00, 0x30, 0xf3, 0xef, 0x06,
  0x48, 0xf4, 0xef, 0x06, 0x44, 0x41, 0x54, 0x41, 0xe4, 0x00, 0x00, 0x00, 0x30, 0xf3, 0xef, 0x06,
  0xa7, 0x00, 0x00, 0x00, 0x01, 0x00, 0x00, 0x00, 0x48, 0xf4, 0xef, 0x06, 0x00, 0x00, 0x00, 0x00,
  0x54, 0x72, 0x61, 0x6e, 0x73, 0x66, 0x6f, 0x72, 0x6d, 0x20, 0x50, 0x72, 0x6f, 0x70, 0x65, 0x72,
  0x74, 0x69, 0x65, 0x73, 0x00, 0x00, 0x00, 0x00, 0x00, 0x00, 0x00, 0x00, 0x00, 0x00, 0x00, 0x00,
  0x00, 0x00, 0x00, 0x00, 0x00, 0x00, 0x00, 0x00, 0x00, 0x00, 0x00, 0x00, 0x00, 0x00, 0x00, 0x00,
  0x00, 0x00, 0x00, 0x00, 0x00, 0x00, 0x00, 0x00, 0x00, 0x00, 0x00, 0x00, 0x00, 0x00, 0x00, 0x00,
  0x56, 0x69, 0x65, 0x77, 0x33, 0x64, 0x00, 0x00, 0x00, 0x00, 0x00, 0x00, 0x00, 0x00, 0x00, 0x00,
  0x00, 0x00, 0x00, 0x00, 0x00, 0x00, 0x00, 0x00, 0x00, 0x00, 0x00, 0x00, 0x00, 0x00, 0x00, 0x00,
  0x00, 0x00, 0x00, 0x00, 0x00, 0x00, 0x00, 0x00, 0x00, 0x00, 0x00, 0x00, 0x00, 0x00, 0x00, 0x00,
  0x00, 0x00, 0x00, 0x00, 0x00, 0x00, 0x00, 0x00, 0x00, 0x00, 0x00, 0x00, 0x00, 0x00, 0x00, 0x00,
  0x00, 0x00, 0x00, 0x00, 0x00, 0x00, 0x00, 0x00, 0x00, 0x00, 0x00, 0x00, 0x00, 0x00, 0x00, 0x00,
  0x00, 0x00, 0x00, 0x00, 0x00, 0x00, 0x00, 0x00, 0x00, 0x00, 0x00, 0x00, 0x00, 0x00, 0x00, 0x00,
  0x00, 0x00, 0x00, 0x00, 0x00, 0x00, 0x00, 0x00, 0x00, 0x00, 0x00, 0x00, 0x00, 0x00, 0x00, 0x00,
  0x00, 0x00, 0x00, 0x00, 0x00, 0x00, 0x00, 0x00, 0x00, 0x00, 0x00, 0x00, 0x00, 0x00, 0x00, 0x00,
  0x2c, 0x00, 0x15, 0x02, 0x3e, 0x01, 0xcc, 0x00, 0x00, 0x00, 0x00, 0x00, 0xa2, 0x00, 0x00, 0x00,
  0x00, 0x00, 0x00, 0x00, 0x00, 0x00, 0x00, 0x00, 0x00, 0x00, 0x00, 0x00, 0x44, 0x41, 0x54, 0x41,
  0xe4, 0x00, 0x00, 0x00, 0x48, 0xf4, 0xef, 0x06, 0xa7, 0x00, 0x00, 0x00, 0x01, 0x00, 0x00, 0x00,
  0x00, 0x00, 0x00, 0x00, 0x30, 0xf3, 0xef, 0x06, 0x56, 0x69, 0x65, 0x77, 0x20, 0x50, 0x72, 0x6f,
  0x70, 0x65, 0x72, 0x74, 0x69, 0x65, 0x73, 0x00, 0x00, 0x00, 0x00, 0x00, 0x00, 0x00, 0x00, 0x00,
  0x00, 0x00, 0x00, 0x00, 0x00, 0x00, 0x00, 0x00, 0x00, 0x00, 0x00, 0x00, 0x00, 0x00, 0x00, 0x00,
  0x00, 0x00, 0x00, 0x00, 0x00, 0x00, 0x00, 0x00, 0x00, 0x00, 0x00, 0x00, 0x00, 0x00, 0x00, 0x00,
  0x00, 0x00, 0x00, 0x00, 0x00, 0x00, 0x00, 0x00, 0x56, 0x69, 0x65, 0x77, 0x33, 0x64, 0x00, 0x00,
  0x00, 0x00, 0x00, 0x00, 0x00, 0x00, 0x00, 0x00, 0x00, 0x00, 0x00, 0x00, 0x00, 0x00, 0x00, 0x00,
  0x00, 0x00, 0x00, 0x00, 0x00, 0x00, 0x00, 0x00, 0x00, 0x00, 0x00, 0x00, 0x00, 0x00, 0x00, 0x00,
  0x00, 0x00, 0x00, 0x00, 0x00, 0x00, 0x00, 0x00, 0x00, 0x00, 0x00, 0x00, 0x00, 0x00, 0x00, 0x00,
  0x00, 0x00, 0x00, 0x00, 0x00, 0x00, 0x00, 0x00, 0x00, 0x00, 0x00, 0x00, 0x00, 0x00, 0x00, 0x00,
  0x00, 0x00, 0x00, 0x00, 0x00, 0x00, 0x00, 0x00, 0x00, 0x00, 0x00, 0x00, 0x00, 0x00, 0x00, 0x00,
  0x00, 0x00, 0x00, 0x00, 0x00, 0x00, 0x00, 0x00, 0x00, 0x00, 0x00, 0x00, 0x00, 0x00, 0x00, 0x00,
  0x00, 0x00, 0x00, 0x00, 0x00, 0x00, 0x00, 0x00, 0x00, 0x00, 0x00, 0x00, 0x00, 0x00, 0x00, 0x00,
  0x00, 0x00, 0x00, 0x00, 0x00, 0x00, 0x00, 0x00, 0x54, 0x01, 0x08, 0x00, 0x3e, 0x01, 0xcc, 0x00,
  0x00, 0x00, 0x00, 0x00, 0x22, 0x00, 0x00, 0x00, 0x00, 0x00, 0x00, 0x00, 0x00, 0x00, 0x00, 0x00,
  0x00, 0x00, 0x00, 0x00, 0x44, 0x41, 0x54, 0x41, 0x1c, 0x03, 0x00, 0x00, 0x18, 0x17, 0xfb, 0x02,
  0x8d, 0x00, 0x00, 0x00, 0x01, 0x00, 0x00, 0x00, 0xd0, 0x0f, 0xf0, 0x06, 0x00, 0x00, 0x00, 0x00,
  0x01, 0x00, 0x00, 0x00, 0x33, 0x33, 0x33, 0x3f, 0x40, 0x6a, 0xfa, 0x02, 0x00, 0x00, 0x00, 0x00,
  0x00, 0x00, 0x00, 0x00, 0x00, 0x00, 0x00, 0x00, 0x00, 0x00, 0x00, 0x00, 0xd6, 0xb3, 0x5d, 0x3f,
  0x03, 0x00, 0x80, 0x3e, 0xdf, 0xb3, 0xdd, 0xbe, 0x00, 0x00, 0x00, 0x00, 0x04, 0x00, 0x00, 0xbf,
  0xd0, 0xb3, 0xdd, 0x3e, 0x04, 0x00, 0x40, 0xbf, 0x00, 0x00, 0x00, 0x00, 0x1b, 0x4a, 0x00, 0x33,
  0xdd, 0xb3, 0x5d, 0x3f, 0xfa, 0xff, 0xff, 0x3e, 0x00, 0x00, 0x00, 0x00, 0x00, 0x00, 0x00, 0x00,
  0x00, 0x00, 0x00, 0x00, 0x7b, 0xb0, 0x49, 0xc1, 0x00, 0x00, 0x80, 0x3f, 0xd4, 0xb3, 0x5d, 0x3f,
  0x02, 0x00, 0x00, 0xbf, 0x00, 0x00, 0x80, 0xb3, 0x00, 0x00, 0x00, 0x00, 0xf9, 0xff, 0x7f, 0x3e,
  0xcb, 0xb3, 0xdd, 0x3e, 0xd6, 0xb3, 0x5d, 0x3f, 0x00, 0x00, 0x00, 0x00, 0xde, 0xb3, 0xdd, 0xbe,
  0xfe, 0xff, 0x3f, 0xbf, 0xf4, 0xff, 0xff, 0x3e, 0x00, 0x00, 0x00, 0x00, 0x10, 0xab, 0xae, 0xc0,
  0x5b, 0x44, 0x17, 0xc1, 0x72, 0xb0, 0xc9, 0x40, 0x00, 0x00, 0x80, 0x3f, 0xb2, 0x7c, 0x72, 0x3f,
  0x07, 0x80, 0xfe, 0x3e, 0x94, 0xca, 0xdd, 0x3e, 0xdf, 0xb3, 0xdd, 0x3e, 0x04, 0x00, 0x0c, 0xbf,
  0x43, 0x67, 0x5c, 0x3f, 0xae, 0x13, 0x40, 0x3f, 0x04, 0x00, 0x40, 0x3f, 0x0e, 0x51, 0x0c, 0x33,
  0x50, 0x67, 0xdc, 0x3f, 0x19, 0x0d, 0x00, 0xbf, 0xfa, 0xff, 0xff, 0xbe, 0x00, 0x00, 0x00, 0x00,
  0x00, 0x00, 0x00, 0x00, 0xc6, 0x91, 0x46, 0x41, 0x7b, 0xb0, 0x49, 0x41, 0x12, 0xb3, 0x4a, 0x3f,
  0x90, 0x0e, 0xea, 0xbe, 0x00, 0x00, 0x00, 0xb5, 0x00, 0x00, 0x90, 0xb3, 0xf6, 0xc0, 0x00, 0x3e,
  0x09, 0x02, 0x5f, 0x3e, 0x70, 0x02, 0xdf, 0x3e, 0x00, 0x00, 0xe8, 0x33, 0x6f, 0x4a, 0xda, 0x41,
  0x95, 0x0b, 0x3d, 0x42, 0x69, 0x0f, 0xfc, 0xc1, 0xa7, 0xf7, 0x9f, 0xc0, 0xfc, 0xe9, 0xd6, 0xc1,
  0xf2, 0x1e, 0x3a, 0xc2, 0x3b, 0x29, 0xf8, 0x41, 0x0a, 0x08, 0xa0, 0x40, 0x00, 0x00, 0x8c, 0x3f,
  0x00, 0x00, 0x00, 0x00, 0x00, 0x00, 0x00, 0x00, 0x00, 0x00, 0x00, 0x00, 0x00, 0x00, 0x00, 0x00,
  0x01, 0x80, 0xfe, 0x3f, 0x00, 0x00, 0x00, 0x00, 0x00, 0x00, 0x00, 0x00, 0x00, 0x00, 0x00, 0x00,
  0x00, 0x00, 0x00, 0x00, 0x1c, 0x0d, 0x80, 0xbf, 0x00, 0x00, 0x80, 0xbf, 0x00, 0x00, 0x00, 0x00,
  0x00, 0x00, 0x00, 0x00, 0x4a, 0xd7, 0x4c, 0xbe, 0x00, 0x00, 0x00, 0x00, 0xd6, 0xb3, 0x5d, 0x3f,
  0x03, 0x00, 0x80, 0x3e, 0xdf, 0xb3, 0xdd, 0xbe, 0x00, 0x00, 0x00, 0x00, 0x04, 0x00, 0x00, 0xbf,
  0xd0, 0xb3, 0xdd, 0x3e, 0x04, 0x00, 0x40, 0xbf, 0x00, 0x00, 0x00, 0x00, 0x1b, 0x4a, 0x00, 0x33,
  0xdd, 0xb3, 0x5d, 0x3f, 0xfa, 0xff, 0xff, 0x3e, 0x00, 0x00, 0x00, 0x00, 0x00, 0x00, 0x00, 0x00,
  0x00, 0x00, 0x00, 0x00, 0x7b, 0xb0, 0x49, 0xc1, 0x00, 0x00, 0x80, 0x3f, 0xf1, 0x25, 0x56, 0x3f,
  0xed, 0x46, 0xf7, 0xbe, 0xf2, 0x83, 0x04, 0x3e, 0xfd, 0x85, 0x65, 0x3e, 0x7b, 0xb0, 0x49, 0x41,
  0x00, 0x00, 0x00, 0x00, 0x01, 0x00, 0x00, 0x00, 0x01, 0x00, 0x00, 0x00, 0x28, 0x45, 0x01, 0x03,
  0x00, 0x00, 0x00, 0x00, 0x00, 0x00, 0x00, 0x00, 0x00, 0x00, 0x00, 0x00, 0x00, 0x00, 0x00, 0x00,
  0x00, 0x00, 0x00, 0x00, 0x00, 0x00, 0x00, 0x00, 0x00, 0x00, 0x00, 0x00, 0x00, 0x00, 0x00, 0x00,
  0x00, 0x00, 0x00, 0x00, 0x00, 0x00, 0x00, 0x00, 0x00, 0x00, 0x00, 0x00, 0x00, 0x00, 0x00, 0x00,
  0x00, 0x00, 0x00, 0x00, 0x00, 0x00, 0x00, 0x00, 0x03, 0x00, 0x00, 0x00, 0x01, 0x00, 0x00, 0x00,
  0x01, 0x00, 0x00, 0x00, 0x01, 0x00, 0x03, 0x00, 0xfb, 0xff, 0x00, 0x00, 0x00, 0x00, 0x0c, 0x42,
  0x00, 0x00, 0x80, 0x3f, 0x00, 0x00, 0x80, 0x3f, 0x30, 0xf5, 0x9c, 0x3a, 0xcd, 0xcc, 0xcc, 0x3d,
  0x00, 0x00, 0xfa, 0x43, 0x00, 0x00, 0x00, 0x00, 0x00, 0x00, 0x00, 0x00, 0x00, 0x00, 0x00, 0x80,
  0x00, 0x00, 0x00, 0x80, 0x00, 0x00, 0x00, 0x80, 0xc1, 0x37, 0x8f, 0x3f, 0x00, 0xae, 0xff, 0xc0,
  0x58, 0x17, 0x8d, 0xbf, 0x3c, 0x00, 0x00, 0x00, 0x07, 0x00, 0xcf, 0x00, 0x00, 0x00, 0x00, 0x00,
  0x01, 0x00, 0x00, 0x00, 0x03, 0x00, 0xff, 0xff, 0xb6, 0xe9, 0x90, 0x3f, 0x00, 0x00, 0x00, 0x00,
  0x00, 0x00, 0x00, 0x00, 0x00, 0x00, 0x00, 0x00, 0x00, 0x00, 0x00, 0x00, 0xb6, 0xe9, 0x90, 0x3f,
  0x00, 0x00, 0x00, 0x00, 0x00, 0x00, 0x00, 0x00, 0x00, 0x00, 0x00, 0x00, 0x00, 0x00, 0x00, 0x00,
  0xb6, 0xe9, 0x90, 0x3f, 0x00, 0x00, 0x00, 0x00, 0x00, 0x00, 0x00, 0x00, 0x00, 0x00, 0x00, 0x00,
  0x00, 0x00, 0x00, 0x00, 0x00, 0x00, 0x80, 0x3f, 0x00, 0x00, 0x00, 0x00, 0x00, 0x00, 0x00, 0x00,
  0x00, 0x00, 0x00, 0x00, 0x00, 0x00, 0x00, 0x00, 0x00, 0x00, 0x00, 0x00, 0x00, 0x00, 0x00, 0x00,
  0x00, 0x00, 0x00, 0x00, 0x00, 0x00, 0x00, 0x00, 0x00, 0x00, 0x00, 0x00, 0x00, 0x00, 0x00, 0x00,
  0x00, 0x00, 0x00, 0x00, 0x00, 0x00, 0x00, 0x00, 0x00, 0x00, 0x00, 0x00, 0x00, 0x00, 0x00, 0x00,
  0x00, 0x00, 0x00, 0x00, 0x00, 0x00, 0x00, 0x00, 0x00, 0x00, 0x00, 0x00, 0x00, 0x00, 0x00, 0x00,
  0x00, 0x00, 0x00, 0x00, 0x00, 0x00, 0x00, 0x00, 0x00, 0x00, 0x08, 0x08, 0x00, 0x00, 0x0a, 0x00,
  0x00, 0x00, 0x00, 0x00, 0x00, 0x00, 0x00, 0x00, 0x00, 0x00, 0x00, 0x00, 0x00, 0x00, 0x00, 0x00,
  0x00, 0x00, 0x00, 0x00, 0x00, 0x00, 0x00, 0x00, 0x00, 0x00, 0x00, 0x00, 0x00, 0x00, 0x00, 0x00,
  0x00, 0x00, 0x00, 0x00, 0x44, 0x41, 0x54, 0x41, 0x58, 0x01, 0x00, 0x00, 0xd0, 0x0f, 0xf0, 0x06,
  0x91, 0x00, 0x00, 0x00, 0x01, 0x00, 0x00, 0x00, 0x40, 0xe5, 0xf7, 0x02, 0x18, 0x17, 0xfb, 0x02,
  0x02, 0x00, 0x00, 0x00, 0x33, 0x33, 0x33, 0x3f, 0x40, 0x6a, 0xfa, 0x02, 0x00, 0x00, 0x00, 0x00,
  0x00, 0x00, 0x00, 0x00, 0x00, 0x00, 0x00, 0x00, 0x00, 0x00, 0x00, 0x00, 0x00, 0x00, 0x00, 0x00,
  0x00, 0x00, 0x00, 0x00, 0x00, 0x00, 0x00, 0x00, 0x00, 0x00, 0x7a, 0x43, 0xcd, 0xcc, 0xcc, 0xbd,
  0xcd, 0xcc, 0x8c, 0x3f, 0x00, 0x00, 0x00, 0x00, 0x00, 0x00, 0x7a, 0x43, 0x00, 0x00, 0xa0, 0xc0,
  0x00, 0x00, 0xa0, 0x40, 0x00, 0x00, 0x00, 0x00, 0x10, 0x00, 0x00, 0x00, 0x00, 0x00, 0x00, 0x00,
  0x32, 0x02, 0x00, 0x00, 0x10, 0x00, 0x00, 0x00, 0xa8, 0x03, 0x00, 0x00, 0x00, 0x00, 0x00, 0x00,
  0x10, 0x00, 0x00, 0x00, 0x10, 0x00, 0x00, 0x00, 0xa8, 0x03, 0x00, 0x00, 0x10, 0x00, 0x00, 0x00,
  0x32, 0x02, 0x00, 0x00, 0x0a, 0xd7, 0x23, 0x3c, 0x0a, 0xd7, 0x23, 0x3c, 0x00, 0x60, 0x6a, 0x46,
  0x00, 0x00, 0x7a, 0x44, 0x00, 0x00, 0x00, 0x00, 0x00, 0x00, 0x00, 0x00, 0x09, 0x00, 0x00, 0x00,
  0x00, 0x00, 0x00, 0x00, 0x00, 0x00, 0x00, 0x00, 0x00, 0x00, 0x00, 0x00, 0x00, 0x00, 0x00, 0x00,
  0x00, 0x00, 0x00, 0x00, 0x00, 0x00, 0x00, 0x00, 0x00, 0x00, 0x00, 0x00, 0x00, 0x00, 0x00, 0x00,
  0x00, 0x00, 0x00, 0x00, 0x00, 0x00, 0x00, 0x00, 0x00, 0x00, 0x00, 0x00, 0xb0, 0x48, 0x01, 0x03,
  0x00, 0x00, 0x00, 0x00, 0x00, 0x00, 0x00, 0x00, 0x00, 0x00, 0x00, 0x00, 0x00, 0x00, 0x00, 0x00,
  0x00, 0x00, 0x00, 0x00, 0x00, 0x00, 0x00, 0x00, 0x00, 0x00, 0x00, 0x00, 0x00, 0x00, 0x00, 0x00,
  0x00, 0x00, 0x00, 0x00, 0x00, 0x00, 0x00, 0x00, 0x00, 0x00, 0x00, 0x00, 0x00, 0x00, 0x00, 0x00,
  0x00, 0x00, 0x00, 0x00, 0x00, 0x00, 0x00, 0x00, 0x00, 0x00, 0x00, 0x00, 0x00, 0x00, 0x00, 0x00,
  0x00, 0x00, 0x00, 0x00, 0x00, 0x00, 0x00, 0x00, 0x00, 0x00, 0x00, 0x00, 0x00, 0x00, 0x00, 0x00,
  0x00, 0x00, 0x00, 0x00, 0x00, 0x00, 0x00, 0x00, 0x00, 0x00, 0x00, 0x00, 0x00, 0x00, 0x00, 0x00,
  0x1d, 0x00, 0x00, 0x00, 0x00, 0x00, 0x00, 0x00, 0x00, 0x00, 0x4f, 0x42, 0x00, 0x00, 0x00, 0x00,
  0x00, 0x00, 0x00, 0x00, 0x00, 0x00, 0x00, 0x00, 0x00, 0x00, 0x00, 0x00, 0x00, 0x00, 0x00, 0x00,
  0x00, 0x00, 0x00, 0x00, 0x00, 0x00, 0x7a, 0x43, 0xcd, 0xcc, 0xcc, 0xbd, 0xcd, 0xcc, 0x8c, 0x3f,
  0x44, 0x41, 0x54, 0x41, 0x08, 0x01, 0x00, 0x00, 0x40, 0xe5, 0xf7, 0x02, 0x95, 0x00, 0x00, 0x00,
  0x01, 0x00, 0x00, 0x00, 0x58, 0x11, 0xf0, 0x06, 0xd0, 0x0f, 0xf0, 0x06, 0x03, 0x00, 0x00, 0x00,
  0x33, 0x33, 0x33, 0x3f, 0x40, 0x6a, 0xfa, 0x02, 0x00, 0x00, 0x00, 0x00, 0x00, 0x00, 0x00, 0x00,
  0x00, 0x00, 0x00, 0x00, 0x00, 0x00, 0x00, 0x00, 0x00, 0x00, 0x00, 0x00, 0x00, 0x10, 0x48, 0x45,
  0x00, 0x00, 0x00, 0x00, 0x00, 0x00, 0x56, 0x44, 0x00, 0x00, 0x00, 0x00, 0x00, 0x10, 0x48, 0x45,
  0x00, 0x00, 0x00, 0x00, 0x00, 0x00, 0x56, 0x44, 0x00, 0x00, 0x00, 0x00, 0x10, 0x00, 0x00, 0x00,
  0x00, 0x00, 0x00, 0x00, 0x32, 0x02, 0x00, 0x00, 0x00, 0x00, 0x00, 0x00, 0x00, 0x00, 0x00, 0x00,
  0x00, 0x00, 0x00, 0x00, 0x00, 0x00, 0x00, 0x00, 0x00, 0x00, 0x00, 0x00, 0x81, 0x0c, 0x00, 0x00,
  0x00, 0x00, 0x00, 0x00, 0x58, 0x03, 0x00, 0x00, 0x00, 0x00, 0x00, 0x00, 0x00, 0x00, 0x00, 0x00,
  0x00, 0x10, 0x48, 0x45, 0x00, 0x00, 0x56, 0x44, 0x00, 0x00, 0x80, 0x3f, 0x00, 0x00, 0x80, 0x3f,
  0x11, 0x00, 0x02, 0x00, 0x01, 0x00, 0x01, 0x00, 0xe9, 0x03, 0x32, 0x02, 0x00, 0x00, 0x00, 0x00,
  0x00, 0x00, 0x00, 0x00, 0x00, 0x00, 0x00, 0x00, 0x00, 0x00, 0x00, 0x00, 0x00, 0x00, 0x00, 0x00,
  0x90, 0xdf, 0xe9, 0x06, 0x70, 0xe1, 0xe9, 0x06, 0x00, 0x00, 0x8f, 0x03, 0x01, 0x00, 0x00, 0x00,
  0x00, 0x00, 0x00, 0x00, 0x00, 0x00, 0x00, 0x00, 0x00, 0x00, 0x00, 0x00, 0x00, 0x00, 0x00, 0x00,
  0x00, 0x00, 0x00, 0x00, 0x00, 0x00, 0x00, 0x00, 0x00, 0x00, 0x00, 0x00, 0x00, 0x00, 0x00, 0x00,
  0x00, 0x00, 0x00, 0x00, 0x00, 0x00, 0x00, 0x00, 0x00, 0x00, 0x00, 0x00, 0x00, 0x00, 0x00, 0x00,
  0x00, 0x00, 0x00, 0x00, 0x00, 0x00, 0x00, 0x00, 0x00, 0x00, 0x00, 0x00, 0x00, 0x00, 0x00, 0x00,
  0x00, 0x00, 0x00, 0x00, 0x01, 0x00, 0x00, 0x00, 0x00, 0x00, 0x00, 0x00, 0x44, 0x41, 0x54, 0x41,
  0x2c, 0x00, 0x00, 0x00, 0x90, 0xdf, 0xe9, 0x06, 0xc0, 0x00, 0x00, 0x00, 0x01, 0x00, 0x00, 0x00,
  0xf0, 0xdf, 0xe9, 0x06, 0x00, 0x00, 0x00, 0x00, 0x42, 0x4f, 0x04, 0x00, 0x00, 0x00, 0x00, 0x00,
  0x00, 0x00, 0x00, 0x00, 0x71, 0x3d, 0x0a, 0xc0, 0x00, 0x00, 0x00, 0x00, 0x00, 0x00, 0x00, 0x00,
  0xb0, 0x48, 0x01, 0x03, 0x00, 0x00, 0x00, 0x00, 0x00, 0x00, 0x00, 0x00, 0x44, 0x41, 0x54, 0x41,
  0x2c, 0x00, 0x00, 0x00, 0xf0, 0xdf, 0xe9, 0x06, 0xc0, 0x00, 0x00, 0x00, 0x01, 0x00, 0x00, 0x00,
  0x50, 0xe0, 0xe9, 0x06, 0x90, 0xdf, 0xe9, 0x06, 0x45, 0x4d, 0x04, 0x00, 0x00, 0x00, 0x00, 0x00,
  0x00, 0x00, 0xc0, 0x40, 0xcd, 0xcc, 0x7c, 0x41, 0x00, 0x00, 0x00, 0x00, 0x00, 0x00, 0x00, 0x00,
  0x60, 0xce, 0xf0, 0x06, 0x00, 0x00, 0x00, 0x00, 0x00, 0x00, 0x00, 0x00, 0x44, 0x41, 0x54, 0x41,
  0x2c, 0x00, 0x00, 0x00, 0x50, 0xe0, 0xe9, 0x06, 0xc0, 0x00, 0x00, 0x00, 0x01, 0x00, 0x00, 0x00,
  0xb0, 0xe0, 0xe9, 0x06, 0xf0, 0xdf, 0xe9, 0x06, 0x41, 0x4d, 0x05, 0x00, 0x00, 0x00, 0x00, 0x00,
  0xeb, 0x31, 0x7e, 0x41, 0x62, 0x3e, 0xc8, 0x41, 0x00, 0x00, 0x00, 0x00, 0x00, 0x00, 0x00, 0x00,
  0x08, 0xcb, 0xf0, 0x06, 0x00, 0x00, 0x00, 0x00, 0x00, 0x00, 0x00, 0x00, 0x44, 0x41, 0x54, 0x41,
  0x2c, 0x00, 0x00, 0x00, 0xb0, 0xe0, 0xe9, 0x06, 0xc0, 0x00, 0x00, 0x00, 0x01, 0x00, 0x00, 0x00,
  0x10, 0xe1, 0xe9, 0x06, 0x50, 0xe0, 0xe9, 0x06, 0x42, 0x4f, 0x04, 0x00, 0x00, 0x00, 0x00, 0x00,
  0x00, 0x00, 0x00, 0x00, 0x00, 0x00, 0x60, 0x41, 0x00, 0x00, 0x00, 0x00, 0x00, 0x00, 0x00, 0x00,
  0x38, 0x4c, 0x01, 0x03, 0x00, 0x00, 0x00, 0x00, 0x00, 0x00, 0x00, 0x00, 0x44, 0x41, 0x54, 0x41,
  0x2c, 0x00, 0x00, 0x00, 0x10, 0xe1, 0xe9, 0x06, 0xc0, 0x00, 0x00, 0x00, 0x01, 0x00, 0x00, 0x00,
  0x70, 0xe1, 0xe9, 0x06, 0xb0, 0xe0, 0xe9, 0x06, 0x42, 0x4f, 0x04, 0x00, 0x00, 0x00, 0x00, 0x00,
  0x00, 0x00, 0x00, 0x00, 0xa4, 0x70, 0x3d, 0x41, 0x00, 0x00, 0x00, 0x00, 0x00, 0x00, 0x00, 0x00,
  0x28, 0x45, 0x01, 0x03, 0x00, 0x00, 0x00, 0x00, 0x00, 0x00, 0x00, 0x00, 0x44, 0x41, 0x54, 0x41,
  0x2c, 0x00, 0x00, 0x00, 0x70, 0xe1, 0xe9, 0x06, 0xc0, 0x00, 0x00, 0x00, 0x01, 0x00, 0x00, 0x00,
  0x00, 0x00, 0x00, 0x00, 0x10, 0xe1, 0xe9, 0x06, 0x43, 0x53, 0x00, 0x00, 0x00, 0x00, 0x00, 0x00,
  0x00, 0x00, 0xc0, 0x40, 0x66, 0x66, 0xae, 0xc1, 0x00, 0x00, 0x00, 0x00, 0x00, 0x00, 0x00, 0x00,
  0x38, 0xc2, 0xf0, 0x06, 0x00, 0x00, 0x00, 0x00, 0x00, 0x00, 0x00, 0x00, 0x44, 0x41, 0x54, 0x41,
  0xc0, 0x00, 0x00, 0x00, 0x58, 0x11, 0xf0, 0x06, 0xf4, 0x00, 0x00, 0x00, 0x01, 0x00, 0x00, 0x00,
  0x60, 0xf5, 0xef, 0x06, 0x40, 0xe5, 0xf7, 0x02, 0x0c, 0x00, 0x00, 0x00, 0x33, 0x33, 0x33, 0x3f,
  0x40, 0x6a, 0xfa, 0x02, 0x00, 0x00, 0x00, 0x00, 0x00, 0x00, 0x00, 0x00, 0x00, 0x00, 0x00, 0x00,
  0x00, 0x00, 0x00, 0x00, 0x00, 0x00, 0x80, 0x3f, 0x00, 0x00, 0x7a, 0x44, 0x00, 0x00, 0x7a, 0xc4,
  0x00, 0x00, 0x00, 0x00, 0x00, 0x00, 0xa0, 0xc0, 0x00, 0x00, 0x82, 0x42, 0x00, 0x00, 0x96, 0xc2,
  0x00, 0x00, 0xa0, 0x40, 0xd9, 0x03, 0x00, 0x00, 0xe9, 0x03, 0x00, 0x00, 0x00, 0x00, 0x00, 0x00,
  0x32, 0x02, 0x00, 0x00, 0x80, 0x00, 0x00, 0x00, 0xd9, 0x03, 0x00, 0x00, 0x00, 0x00, 0x00, 0x00,
  0x10, 0x00, 0x00, 0x00, 0x80, 0x00, 0x00, 0x00, 0xd9, 0x03, 0x00, 0x00, 0x10, 0x00, 0x00, 0x00,
  0x32, 0x02, 0x00, 0x00, 0x00, 0x00, 0x00, 0x00, 0x00, 0x00, 0x00, 0x00, 0x00, 0x00, 0xfa, 0x46,
  0x00, 0x00, 0x7a, 0x44, 0x0a, 0xd7, 0x23, 0x3c, 0x00, 0x00, 0x48, 0x42, 0x0a, 0x00, 0x00, 0x00,
  0x00, 0x00, 0x00, 0x02, 0x00, 0x00, 0x00, 0x00, 0x00, 0x00, 0x00, 0x00, 0x00, 0x00, 0x00, 0x00,
  0x00, 0x00, 0x00, 0x00, 0x00, 0x00, 0x00, 0x00, 0x00, 0x00, 0x00, 0x00, 0x00, 0x00, 0x00, 0x00,
  0x00, 0x00, 0x00, 0x00, 0xff, 0xff, 0x00, 0x00, 0x00, 0x00, 0x00, 0x00, 0x00, 0x00, 0x00, 0x00,
  0x44, 0x41, 0x54, 0x41, 0xdc, 0x00, 0x00, 0x00, 0x60, 0xf5, 0xef, 0x06, 0x92, 0x00, 0x00, 0x00,
  0x01, 0x00, 0x00, 0x00, 0x10, 0xf1, 0xfa, 0x02, 0x58, 0x11, 0xf0, 0x06, 0x04, 0x00, 0x00, 0x00,
  0x33, 0x33, 0x33, 0x3f, 0x40, 0x6a, 0xfa, 0x02, 0x00, 0x00, 0x00, 0x00, 0x00, 0x00, 0x00, 0x00,
  0x00, 0x00, 0x00, 0x00, 0x00, 0x00, 0x00, 0x00, 0x00, 0x00, 0x00, 0x00, 0x00, 0x00, 0x00, 0x00,
  0x00, 0x00, 0x00, 0x00, 0x00, 0x00, 0x00, 0x00, 0x00, 0xe0, 0x9f, 0x44, 0x00, 0x00, 0xa0, 0xc1,
  0x00, 0x00, 0x64, 0x43, 0xf6, 0x38, 0xa5, 0x43, 0x1a, 0x1d, 0x6e, 0x44, 0x0d, 0x66, 0xb7, 0xc1,
  0xf6, 0x19, 0xa1, 0x43, 0x00, 0x00, 0x00, 0x00, 0x00, 0x00, 0x00, 0x00, 0x00, 0x00, 0x00, 0x00,
  0x00, 0x00, 0x00, 0x00, 0x00, 0x00, 0x00, 0x00, 0x00, 0x00, 0x00, 0x00, 0x00, 0x00, 0x00, 0x00,
  0x00, 0x00, 0x00, 0x00, 0x00, 0x00, 0x00, 0x00, 0x00, 0x00, 0x00, 0x00, 0x00, 0x00, 0x00, 0x00,
  0x00, 0x00, 0x00, 0x00, 0x00, 0x00, 0x80, 0x43, 0x00, 0x00, 0x28, 0x42, 0x00, 0x00, 0xc8, 0x44,
  0x00, 0x00, 0xe1, 0x43, 0x00, 0x00, 0x00, 0x3f, 0xe1, 0x7a, 0xb4, 0x3f, 0x00, 0x00, 0x01, 0x00,
  0x01, 0x00, 0x01, 0x00, 0x00, 0x00, 0x00, 0x00, 0x00, 0x00, 0x00, 0x00, 0x00, 0x00, 0x00, 0x00,
  0x00, 0x00, 0x00, 0x00, 0x00, 0x00, 0x00, 0x00, 0x00, 0x00, 0x00, 0x00, 0x00, 0x00, 0x00, 0x00,
  0x00, 0x00, 0x00, 0x00, 0x00, 0x00, 0x00, 0x00, 0x00, 0x00, 0x00, 0x00, 0x00, 0x00, 0x00, 0x00,
  0x96, 0x01, 0x01, 0x00, 0x00, 0x00, 0x00, 0x00, 0x00, 0x00, 0x00, 0x00, 0x00, 0x00, 0x00, 0x00,
  0x44, 0x41, 0x54, 0x41, 0xc8, 0x01, 0x00, 0x00, 0x10, 0xf1, 0xfa, 0x02, 0x94, 0x00, 0x00, 0x00,
  0x01, 0x00, 0x00, 0x00, 0x00, 0x00, 0x00, 0x00, 0x60, 0xf5, 0xef, 0x06, 0x05, 0x00, 0x00, 0x00,
  0x33, 0x33, 0x33, 0x3f, 0x40, 0x6a, 0xfa, 0x02, 0x00, 0x00, 0x00, 0x00, 0x00, 0x00, 0x00, 0x00,
  0x00, 0x00, 0x00, 0x00, 0x00, 0x00, 0x00, 0x00, 0x00, 0x00, 0x00, 0x00, 0x02, 0x00, 0x00, 0x00,
  0x53, 0x61, 0x76, 0x65, 0x20, 0x41, 0x73, 0x00, 0x65, 0x00, 0x4e, 0x54, 0x00, 0x20, 0x50, 0x49,
  0x43, 0x54, 0x55, 0x52, 0x45, 0x53, 0x00, 0x00, 0x65, 0x3a, 0x5c, 0x64, 0x65, 0x76, 0x5c, 0x61,
  0x73, 0x73, 0x69, 0x6d, 0x70, 0x5c, 0x61, 0x73, 0x73, 0x69, 0x6d, 0x70, 0x36, 0x5c, 0x74, 0x65,
  0x73, 0x74, 0x5c, 0x6d, 0x6f, 0x64, 0x65, 0x6c, 0x73, 0x5c, 0x42, 0x6c, 0x65, 0x6e, 0x64, 0x65,
  0x72, 0x5c, 0x00, 0x00, 0x6e, 0x64, 0x6f, 0x77, 0x73, 0x5c, 0x62, 0x6c, 0x65, 0x6e, 0x64, 0x65,
  0x72, 0x2d, 0x32, 0x2e, 0x34, 0x38, 0x61, 0x2d, 0x77, 0x69, 0x6e, 0x64, 0x6f, 0x77, 0x73, 0x5c,
  0x2e, 0x62, 0x6c, 0x65, 0x6e, 0x64, 0x65, 0x72, 0x5c, 0x00, 0x00, 0x00, 0x00, 0x00, 0x00, 0x00,
  0x00, 0x00, 0x00, 0x00, 0x00, 0x00, 0x00, 0x00, 0x00, 0x00, 0x00, 0x00, 0x00, 0x00, 0x00, 0x00,
  0x00, 0x00, 0x00, 0x00, 0x00, 0x00, 0x00, 0x00, 0x00, 0x00, 0x00, 0x00, 0x00, 0x00, 0x00, 0x00,
  0x00, 0x00, 0x00, 0x00, 0x00, 0x00, 0x00, 0x00, 0x00, 0x00, 0x00, 0x00, 0x00, 0x00, 0x00, 0x00,
  0x00, 0x00, 0x00, 0x00, 0x00, 0x00, 0x00, 0x00, 0x00, 0x00, 0x00, 0x00, 0x00, 0x00, 0x00, 0x00,
  0x00, 0x00, 0x00, 0x00, 0x00, 0x00, 0x00, 0x00, 0x00, 0x00, 0x00, 0x00, 0x00, 0x00, 0x00, 0x00,
  0x00, 0x00, 0x00, 0x00, 0x00, 0x00, 0x00, 0x00, 0x00, 0x00, 0x00, 0x00, 0x00, 0x00, 0x00, 0x00,
  0x00, 0x00, 0x00, 0x00, 0x00, 0x00, 0x00, 0x00, 0x00, 0x00, 0x00, 0x00, 0x00, 0x00, 0x00, 0x00,
  0x00, 0x00, 0x00, 0x00, 0x00, 0x00, 0x00, 0x00, 0x00, 0x00, 0x00, 0x00, 0x00, 0x00, 0x00, 0x00,
  0x00, 0x00, 0x00, 0x00, 0x00, 0x00, 0x00, 0x00, 0x00, 0x00, 0x00, 0x00, 0x00, 0x00, 0x00, 0x00,
  0x00, 0x00, 0x00, 0x00, 0x00, 0x00, 0x00, 0x00, 0x42, 0x6c, 0x65, 0x6e, 0x64, 0x65, 0x72, 0x44,
  0x65, 0x66, 0x61, 0x75, 0x6c, 0x74, 0x5f, 0x32, 0x34, 0x38, 0x2e, 0x62, 0x6c, 0x65, 0x6e, 0x64,
  0x00, 0x00, 0x00, 0x00, 0x00, 0x00, 0x00, 0x00, 0x00, 0x00, 0x00, 0x00, 0x00, 0x6e, 0x74, 0x69,
  0x74, 0x6c, 0x65, 0x64, 0x2e, 0x62, 0x6c, 0x65, 0x6e, 0x64, 0x00, 0x00, 0x00, 0x00, 0x00, 0x00,
  0x00, 0x00, 0x00, 0x00, 0x00, 0x00, 0x00, 0x00, 0x00, 0x00, 0x00, 0x00, 0x00, 0x00, 0x00, 0x00,
  0x00, 0x00, 0x00, 0x00, 0x00, 0x00, 0x00, 0x00, 0x08, 0x00, 0x00, 0x00, 0x01, 0x00, 0x00, 0x00,
  0x06, 0x00, 0x08, 0x00, 0x00, 0x00, 0x00, 0x00, 0x00, 0x00, 0x00, 0x00, 0x00, 0x00, 0x00, 0x00,
  0x00, 0x00, 0x00, 0x00, 0x00, 0x00, 0x00, 0x00, 0x00, 0x00, 0x03, 0x00, 0xff, 0xff, 0x00, 0x00,
  0xd0, 0xa7, 0x41, 0x00, 0x00, 0x00, 0x00, 0x00, 0x00, 0x00, 0x00, 0x00, 0x00, 0x00, 0x00, 0x00,
  0x00, 0x00, 0x00, 0x00, 0x00, 0x00, 0x00, 0x00, 0x00, 0x00, 0x00, 0x00, 0x53, 0x52, 0x00, 0x00,
  0x78, 0x00, 0x00, 0x00, 0x60, 0x12, 0xf0, 0x06, 0xa4, 0x00, 0x00, 0x00, 0x01, 0x00, 0x00, 0x00,
  0x08, 0x13, 0xf0, 0x06, 0x28, 0xcf, 0xef, 0x06, 0x00, 0x00, 0x00, 0x00, 0x00, 0x00, 0x00, 0x00,
  0x53, 0x52, 0x33, 0x2d, 0x4d, 0x61, 0x74, 0x65, 0x72, 0x69, 0x61, 0x6c, 0x00, 0x6f, 0x64, 0x65,
  0x6c, 0x20, 0x53, 0x69, 0x6e, 0x67, 0x00, 0x00, 0x01, 0x00, 0x00, 0x00, 0x00, 0x00, 0x00, 0x00,
  0x00, 0x00, 0x00, 0x00, 0xc8, 0xa1, 0xef, 0x06, 0x70, 0xa5, 0xef, 0x06, 0xb8, 0xa5, 0xef, 0x06,
  0x98, 0x36, 0xf0, 0x06, 0x40, 0x6b, 0xfa, 0x02, 0x40, 0x70, 0xfa, 0x02, 0x38, 0xc2, 0xf0, 0x06,
  0x00, 0x00, 0xe7, 0x03, 0x8f, 0x01, 0xae, 0x04, 0xe8, 0x03, 0x20, 0x03, 0x01, 0x00, 0x03, 0x00,
  0x00, 0x00, 0x00, 0x00, 0x01, 0x00, 0x00, 0x00, 0x00, 0x00, 0x00, 0x00, 0x00, 0x00, 0x00, 0x00,
  0x00, 0x00, 0x00, 0x00, 0x00, 0x00, 0x00, 0x00, 0x44, 0x41, 0x54, 0x41, 0x14, 0x00, 0x00, 0x00,
  0xc8, 0xa1, 0xef, 0x06, 0xa5, 0x00, 0x00, 0x00, 0x01, 0x00, 0x00, 0x00, 0x10, 0xa2, 0xef, 0x06,
  0x00, 0x00, 0x00, 0x00, 0x00, 0x00, 0x00, 0x00, 0x00, 0x00, 0x00, 0x00, 0x00, 0x00, 0x00, 0x00,
  0x44, 0x41, 0x54, 0x41, 0x14, 0x00, 0x00, 0x00, 0x10, 0xa2, 0xef, 0x06, 0xa5, 0x00, 0x00, 0x00,
  0x01, 0x00, 0x00, 0x00, 0x58, 0xa2, 0xef, 0x06, 0xc8, 0xa1, 0xef, 0x06, 0x00, 0x00, 0x00, 0x00,
  0x00, 0x00, 0x20, 0x03, 0x00, 0x00, 0x00, 0x00, 0x44, 0x41, 0x54, 0x41, 0x14, 0x00, 0x00, 0x00,
  0x58, 0xa2, 0xef, 0x06, 0xa5, 0x00, 0x00, 0x00, 0x01, 0x00, 0x00, 0x00, 0xa0, 0xa2, 0xef, 0x06,
  0x10, 0xa2, 0xef, 0x06, 0x00, 0x00, 0x00, 0x00, 0xe8, 0x03, 0x20, 0x03, 0x00, 0x00, 0x00, 0x00,
  0x44, 0x41, 0x54, 0x41, 0x14, 0x00, 0x00, 0x00, 0xa0, 0xa2, 0xef, 0x06, 0xa5, 0x00, 0x00, 0x00,
  0x01, 0x00, 0x00, 0x00, 0xe8, 0xa2, 0xef, 0x06, 0x58, 0xa2, 0xef, 0x06, 0x00, 0x00, 0x00, 0x00,
  0xe8, 0x03, 0x00, 0x00, 0x00, 0x00, 0x00, 0x00, 0x44, 0x41, 0x54, 0x41, 0x14, 0x00, 0x00, 0x00,
  0xe8, 0xa2, 0xef, 0x06, 0xa5, 0x00, 0x00, 0x00, 0x01, 0x00, 0x00, 0x00, 0x30, 0xa3, 0xef, 0x06,
  0xa0, 0xa2, 0xef, 0x06, 0x00, 0x00, 0x00, 0x00, 0x00, 0x00, 0x3c, 0x00, 0x00, 0x00, 0x00, 0x00,
  0x44, 0x41, 0x54, 0x41, 0x14, 0x00, 0x00, 0x00, 0x30, 0xa3, 0xef, 0x06, 0xa5, 0x00, 0x00, 0x00,
  0x01, 0x00, 0x00, 0x00, 0x78, 0xa3, 0xef, 0x06, 0xe8, 0xa2, 0xef, 0x06, 0x00, 0x00, 0x00, 0x00,
  0xe8, 0x03, 0x3c, 0x00, 0x00, 0x00, 0x00, 0x00, 0x44, 0x41, 0x54, 0x41, 0x14, 0x00, 0x00, 0x00,
  0x78, 0xa3, 0xef, 0x06, 0xa5, 0x00, 0x00, 0x00, 0x01, 0x00, 0x00, 0x00, 0xc0, 0xa3, 0xef, 0x06,
  0x30, 0xa3, 0xef, 0x06, 0x00, 0x00, 0x00, 0x00, 0x00, 0x00, 0x06, 0x03, 0x00, 0x00, 0x00, 0x00,
  0x44, 0x41, 0x54, 0x41, 0x14, 0x00, 0x00, 0x00, 0xc0, 0xa3, 0xef, 0x06, 0xa5, 0x00, 0x00, 0x00,
  0x01, 0x00, 0x00, 0x00, 0x08, 0xa4, 0xef, 0x06, 0x78, 0xa3, 0xef, 0x06, 0x00, 0x00, 0x00, 0x00,
  0xe8, 0x03, 0x06, 0x03, 0x00, 0x00, 0x00, 0x00, 0x44, 0x41, 0x54, 0x41, 0x14, 0x00, 0x00, 0x00,
  0x08, 0xa4, 0xef, 0x06, 0xa5, 0x00, 0x00, 0x00, 0x01, 0x00, 0x00, 0x00, 0x50, 0xa4, 0xef, 0x06,
  0xc0, 0xa3, 0xef, 0x06, 0x00, 0x00, 0x00, 0x00, 0x2c, 0x03, 0x3c, 0x00, 0x00, 0x00, 0x00, 0x00,
  0x44, 0x41, 0x54, 0x41, 0x14, 0x00, 0x00, 0x00, 0x50, 0xa4, 0xef, 0x06, 0xa5, 0x00, 0x00, 0x00,
  0x01, 0x00, 0x00, 0x00, 0x98, 0xa4, 0xef, 0x06, 0x08, 0xa4, 0xef, 0x06, 0x00, 0x00, 0x00, 0x00,
  0x2c, 0x03, 0x06, 0x03, 0x00, 0x00, 0x00, 0x00, 0x44, 0x41, 0x54, 0x41, 0x14, 0x00, 0x00, 0x00,
  0x98, 0xa4, 0xef, 0x06, 0xa5, 0x00, 0x00, 0x00, 0x01, 0x00, 0x00, 0x00, 0xe0, 0xa4, 0xef, 0x06,
  0x50, 0xa4, 0xef, 0x06, 0x00, 0x00, 0x00, 0x00, 0x00, 0x00, 0xb0, 0x01, 0x00, 0x00, 0x00, 0x00,
  0x44, 0x41, 0x54, 0x41, 0x14, 0x00, 0x00, 0x00, 0xe0, 0xa4, 0xef, 0x06, 0xa5, 0x00, 0x00, 0x00,
  0x01, 0x00, 0x00, 0x00, 0x28, 0xa5, 0xef, 0x06, 0x98, 0xa4, 0xef, 0x06, 0x00, 0x00, 0x00, 0x00,
  0x2c, 0x03, 0xb0, 0x01, 0x00, 0x00, 0x00, 0x00, 0x44, 0x41, 0x54, 0x41, 0x14, 0x00, 0x00, 0x00,
  0x28, 0xa5, 0xef, 0x06, 0xa5, 0x00, 0x00, 0x00, 0x01, 0x00, 0x00, 0x00, 0x70, 0xa5, 0xef, 0x06,
  0xe0, 0xa4, 0xef, 0x06, 0x00, 0x00, 0x00, 0x00, 0xa4, 0x01, 0xb0, 0x01, 0x00, 0x00, 0x00, 0x00,
  0x44, 0x41, 0x54, 0x41, 0x14, 0x00, 0x00, 0x00, 0x70, 0xa5, 0xef, 0x06, 0xa5, 0x00, 0x00, 0x00,
  0x01, 0x00, 0x00, 0x00, 0x00, 0x00, 0x00, 0x00, 0x28, 0xa5, 0xef, 0x06, 0x00, 0x00, 0x00, 0x00,
  0xa4, 0x01, 0x06, 0x03, 0x00, 0x00, 0x00, 0x00, 0x44, 0x41, 0x54, 0x41, 0x18, 0x00, 0x00, 0x00,
  0xb8, 0xa5, 0xef, 0x06, 0xa6, 0x00, 0x00, 0x00, 0x01, 0x00, 0x00, 0x00, 0x00, 0xa6, 0xef, 0x06,
  0x00, 0x00, 0x00, 0x00, 0x10, 0xa2, 0xef, 0x06, 0x58, 0xa2, 0xef, 0x06, 0x01, 0x00, 0x00, 0x00,
  0x00, 0x00, 0x00, 0x00, 0x44, 0x41, 0x54, 0x41, 0x18, 0x00, 0x00, 0x00, 0x00, 0xa6, 0xef, 0x06,
  0xa6, 0x00, 0x00, 0x00, 0x01, 0x00, 0x00, 0x00, 0x48, 0xa6, 0xef, 0x06, 0xb8, 0xa5, 0xef, 0x06,
  0xc8, 0xa1, 0xef, 0x06, 0xa0, 0xa2, 0xef, 0x06, 0x01, 0x00, 0x00, 0x00, 0x00, 0x00, 0x00, 0x00,
  0x44, 0x41, 0x54, 0x41, 0x18, 0x00, 0x00, 0x00, 0x48, 0xa6, 0xef, 0x06, 0xa6, 0x00, 0x00, 0x00,
  0x01, 0x00, 0x00, 0x00, 0x90, 0xa6, 0xef, 0x06, 0x00, 0xa6, 0xef, 0x06, 0xc8, 0xa1, 0xef, 0x06,
  0xe8, 0xa2, 0xef, 0x06, 0x01, 0x00, 0x00, 0x00, 0x00, 0x00, 0x00, 0x00, 0x44, 0x41, 0x54, 0x41,
  0x18, 0x00, 0x00, 0x00, 0x90, 0xa6, 0xef, 0x06, 0xa6, 0x00, 0x00, 0x00, 0x01, 0x00, 0x00, 0x00,
  0xd8, 0xa6, 0xef, 0x06, 0x48, 0xa6, 0xef, 0x06, 0xa0, 0xa2, 0xef, 0x06, 0x30, 0xa3, 0xef, 0x06,
  0x01, 0x00, 0x00, 0x00, 0x00, 0x00, 0x00, 0x00, 0x44, 0x41, 0x54, 0x41, 0x18, 0x00, 0x00, 0x00,
  0xd8, 0xa6, 0xef, 0x06, 0xa6, 0x00, 0x00, 0x00, 0x01, 0x00, 0x00, 0x00, 0x20, 0xa7, 0xef, 0x06,
  0x90, 0xa6, 0xef, 0x06, 0xe8, 0xa2, 0xef, 0x06, 0x30, 0xa3, 0xef, 0x06, 0x00, 0x00, 0x00, 0x00,
  0x00, 0x00, 0x00, 0x00, 0x44, 0x41, 0x54, 0x41, 0x18, 0x00, 0x00, 0x00, 0x20, 0xa7, 0xef, 0x06,
  0xa6, 0x00, 0x00, 0x00, 0x01, 0x00, 0x00, 0x00, 0x68, 0xa7, 0xef, 0x06, 0xd8, 0xa6, 0xef, 0x06,
  0x10, 0xa2, 0xef, 0x06, 0x78, 0xa3, 0xef, 0x06, 0x01, 0x00, 0x00, 0x00, 0x00, 0x00, 0x00, 0x00,
  0x44, 0x41, 0x54, 0x41, 0x18, 0x00, 0x00, 0x00, 0x68, 0xa7, 0xef, 0x06, 0xa6, 0x00, 0x00, 0x00,
  0x01, 0x00, 0x00, 0x00, 0x60, 0x32, 0xf0, 0x06, 0x20, 0xa7, 0xef, 0x06, 0x58, 0xa2, 0xef, 0x06,
  0xc0, 0xa3, 0xef, 0x06, 0x01, 0x00, 0x00, 0x00, 0x00, 0x00, 0x00, 0x00, 0x44, 0x41, 0x54, 0x41,
  0x18, 0x00, 0x00, 0x00, 0x60, 0x32, 0xf0, 0x06, 0xa6, 0x00, 0x00, 0x00, 0x01, 0x00, 0x00, 0x00,
  0xa8, 0x32, 0xf0, 0x06, 0x68, 0xa7, 0xef, 0x06, 0x78, 0xa3, 0xef, 0x06, 0xc0, 0xa3, 0xef, 0x06,
  0x00, 0x00, 0x00, 0x00, 0x00, 0x00, 0x00, 0x00, 0x44, 0x41, 0x54, 0x41, 0x18, 0x00, 0x00, 0x00,
  0xa8, 0x32, 0xf0, 0x06, 0xa6, 0x00, 0x00, 0x00, 0x01, 0x00, 0x00, 0x00, 0xf0, 0x32, 0xf0, 0x06,
  0x60, 0x32, 0xf0, 0x06, 0x30, 0xa3, 0xef, 0x06, 0xc0, 0xa3, 0xef, 0x06, 0x01, 0x00, 0x00, 0x00,
  0x00, 0x00, 0x00, 0x00, 0x44, 0x41, 0x54, 0x41, 0x18, 0x00, 0x00, 0x00, 0xf0, 0x32, 0xf0, 0x06,
  0xa6, 0x00, 0x00, 0x00, 0x01, 0x00, 0x00, 0x00, 0x38, 0x33, 0xf0, 0x06, 0xa8, 0x32, 0xf0, 0x06,
  0xe8, 0xa2, 0xef, 0x06, 0x08, 0xa4, 0xef, 0x06, 0x00, 0x00, 0x00, 0x00, 0x00, 0x00, 0x00, 0x00,
  0x44, 0x41, 0x54, 0x41, 0x18, 0x00, 0x00, 0x00, 0x38, 0x33, 0xf0, 0x06, 0xa6, 0x00, 0x00, 0x00,
  0x01, 0x00, 0x00, 0x00, 0x80, 0x33, 0xf0, 0x06, 0xf0, 0x32, 0xf0, 0x06, 0x30, 0xa3, 0xef, 0x06,
  0x08, 0xa4, 0xef, 0x06, 0x00, 0x00, 0x00, 0x00, 0x00, 0x00, 0x00, 0x00, 0x44, 0x41, 0x54, 0x41,
  0x18, 0x00, 0x00, 0x00, 0x80, 0x33, 0xf0, 0x06, 0xa6, 0x00, 0x00, 0x00, 0x01, 0x00, 0x00, 0x00,
  0xc8, 0x33, 0xf0, 0x06, 0x38, 0x33, 0xf0, 0x06, 0xc0, 0xa3, 0xef, 0x06, 0x50, 0xa4, 0xef, 0x06,
  0x00, 0x00, 0x00, 0x00, 0x00, 0x00, 0x00, 0x00, 0x44, 0x41, 0x54, 0x41, 0x18, 0x00, 0x00, 0x00,
  0xc8, 0x33, 0xf0, 0x06, 0xa6, 0x00, 0x00, 0x00, 0x01, 0x00, 0x00, 0x00, 0x10, 0x34, 0xf0, 0x06,
  0x80, 0x33, 0xf0, 0x06, 0x08, 0xa4, 0xef, 0x06, 0x50, 0xa4, 0xef, 0x06, 0x00, 0x00, 0x00, 0x00,
  0x00, 0x00, 0x00, 0x00, 0x44, 0x41, 0x54, 0x41, 0x18, 0x00, 0x00, 0x00, 0x10, 0x34, 0xf0, 0x06,
  0xa6, 0x00, 0x00, 0x00, 0x01, 0x00, 0x00, 0x00, 0x58, 0x34, 0xf0, 0x06, 0xc8, 0x33, 0xf0, 0x06,
  0xe8, 0xa2, 0xef, 0x06, 0x98, 0xa4, 0xef, 0x06, 0x00, 0x00, 0x00, 0x00, 0x00, 0x00, 0x00, 0x00,
  0x44, 0x41, 0x54, 0x41, 0x18, 0x00, 0x00, 0x00, 0x58, 0x34, 0xf0, 0x06, 0xa6, 0x00, 0x00, 0x00,
  0x01, 0x00, 0x00, 0x00, 0xa0, 0x34, 0xf0, 0x06, 0x10, 0x34, 0xf0, 0x06, 0x78, 0xa3, 0xef, 0x06,
  0x98, 0xa4, 0xef, 0x06, 0x00, 0x00, 0x00, 0x00, 0x00, 0x00, 0x00, 0x00, 0x44, 0x41, 0x54, 0x41,
  0x18, 0x00, 0x00, 0x00, 0xa0, 0x34, 0xf0, 0x06, 0xa6, 0x00, 0x00, 0x00, 0x01, 0x00, 0x00, 0x00,
  0xe8, 0x34, 0xf0, 0x06, 0x58, 0x34, 0xf0, 0x06, 0x50, 0xa4, 0xef, 0x06, 0xe0, 0xa4, 0xef, 0x06,
  0x00, 0x00, 0x00, 0x00, 0x00, 0x00, 0x00, 0x00, 0x44, 0x41, 0x54, 0x41, 0x18, 0x00, 0x00, 0x00,
  0xe8, 0x34, 0xf0, 0x06, 0xa6, 0x00, 0x00, 0x00, 0x01, 0x00, 0x00, 0x00, 0x30, 0x35, 0xf0, 0x06,
  0xa0, 0x34, 0xf0, 0x06, 0x08, 0xa4, 0xef, 0x06, 0xe0, 0xa4, 0xef, 0x06, 0x00, 0x00, 0x00, 0x00,
  0x00, 0x00, 0x00, 0x00, 0x44, 0x41, 0x54, 0x41, 0x18, 0x00, 0x00, 0x00, 0x30, 0x35, 0xf0, 0x06,
  0xa6, 0x00, 0x00, 0x00, 0x01, 0x00, 0x00, 0x00, 0x78, 0x35, 0xf0, 0x06, 0xe8, 0x34, 0xf0, 0x06,
  0x98, 0xa4, 0xef, 0x06, 0xe0, 0xa4, 0xef, 0x06, 0x00, 0x00, 0x00, 0x00, 0x00, 0x00, 0x00, 0x00,
  0x44, 0x41, 0x54, 0x41, 0x18, 0x00, 0x00, 0x00, 0x78, 0x35, 0xf0, 0x06, 0xa6, 0x00, 0x00, 0x00,
  0x01, 0x00, 0x00, 0x00, 0xc0, 0x35, 0xf0, 0x06, 0x30, 0x35, 0xf0, 0x06, 0x98, 0xa4, 0xef, 0x06,
  0x28, 0xa5, 0xef, 0x06, 0x00, 0x00, 0x00, 0x00, 0x00, 0x00, 0x00, 0x00, 0x44, 0x41, 0x54, 0x41,
  0x18, 0x00, 0x00, 0x00, 0xc0, 0x35, 0xf0, 0x06, 0xa6, 0x00, 0x00, 0x00, 0x01, 0x00, 0x00, 0x00,
  0x08, 0x36, 0xf0, 0x06, 0x78, 0x35, 0xf0, 0x06, 0xe0, 0xa4, 0xef, 0x06, 0x28, 0xa5, 0xef, 0x06,
  0x00, 0x00, 0x00, 0x00, 0x00, 0x00, 0x00, 0x00, 0x44, 0x41, 0x54, 0x41, 0x18, 0x00, 0x00, 0x00,
  0x08, 0x36, 0xf0, 0x06, 0xa6, 0x00, 0x00, 0x00, 0x01, 0x00, 0x00, 0x00, 0x50, 0x36, 0xf0, 0x06,
  0xc0, 0x35, 0xf0, 0x06, 0x78, 0xa3, 0xef, 0x06, 0x70, 0xa5, 0xef, 0x06, 0x00, 0x00, 0x00, 0x00,
  0x00, 0x00, 0x00, 0x00, 0x44, 0x41, 0x54, 0x41, 0x18, 0x00, 0x00, 0x00, 0x50, 0x36, 0xf0, 0x06,
  0xa6, 0x00, 0x00, 0x00, 0x01, 0x00, 0x00, 0x00, 0x98, 0x36, 0xf0, 0x06, 0x08, 0x36, 0xf0, 0x06,
  0x50, 0xa4, 0xef, 0x06, 0x70, 0xa5, 0xef, 0x06, 0x00, 0x00, 0x00, 0x00, 0x00, 0x00, 0x00, 0x00,
  0x44, 0x41, 0x54, 0x41, 0x18, 0x00, 0x00, 0x00, 0x98, 0x36, 0xf0, 0x06, 0xa6, 0x00, 0x00, 0x00,
  0x01, 0x00, 0x00, 0x00, 0x00, 0x00, 0x00, 0x00, 0x50, 0x36, 0xf0, 0x06, 0x28, 0xa5, 0xef, 0x06,
  0x70, 0xa5, 0xef, 0x06, 0x00, 0x00, 0x00, 0x00, 0x00, 0x00, 0x00, 0x00, 0x44, 0x41, 0x54, 0x41,
  0xcc, 0x00, 0x00, 0x00, 0x40, 0x6b, 0xfa, 0x02, 0xa8, 0x00, 0x00, 0x00, 0x01, 0x00, 0x00, 0x00,
  0x40, 0x6c, 0xfa, 0x02, 0x00, 0x00, 0x00, 0x00, 0xc8, 0xa1, 0xef, 0x06, 0xe8, 0xa2, 0xef, 0x06,
  0x30, 0xa3, 0xef, 0x06, 0xa0, 0xa2, 0xef, 0x06, 0x00, 0x00, 0x00, 0x00, 0x00, 0x00, 0x8c, 0x3f,
  0x00, 0x00, 0x00, 0x00, 0x00, 0x00, 0x00, 0x00, 0x00, 0x00, 0x00, 0x00, 0x00, 0x00, 0x00, 0x00,
  0x00, 0x00, 0xb7, 0x40, 0x00, 0x00, 0x00, 0x00, 0x00, 0x00, 0x00, 0x00, 0x00, 0x00, 0x00, 0x00,
  0x00, 0x00, 0x00, 0x00, 0x50, 0x01, 0x80, 0xbf, 0x00, 0x00, 0x80, 0xbf, 0x00, 0x00, 0x00, 0x00,
  0x00, 0x00, 0x00, 0x00, 0xe2, 0xd7, 0xa3, 0xbc, 0x00, 0x00, 0x00, 0x00, 0x00, 0x00, 0x00, 0x00,
  0xe8, 0x03, 0x00, 0x00, 0x00, 0x00, 0x00, 0x00, 0x3b, 0x00, 0x00, 0x00, 0x00, 0x00, 0x00, 0x00,
  0xe8, 0x03, 0x00, 0x00, 0x00, 0x00, 0x00, 0x00, 0x1a, 0x00, 0x00, 0x00, 0x00, 0x00, 0x00, 0x00,
  0xe8, 0x03, 0x00, 0x00, 0x1b, 0x00, 0x00, 0x00, 0x3b, 0x00, 0x00, 0x00, 0x00, 0x00, 0x00, 0x00,
  0x01, 0x00, 0x0f, 0x0f, 0xe9, 0x03, 0x21, 0x00, 0x01, 0x01, 0x01, 0x00, 0xc0, 0x02, 0x00, 0x00,
  0x07, 0x00, 0x00, 0x00, 0x00, 0x00, 0x00, 0x00, 0x00, 0x00, 0x00, 0x00, 0x00, 0x00, 0x00, 0x00,
  0x00, 0x00, 0x00, 0x00, 0x48, 0x42, 0xf0, 0x06, 0x08, 0xf3, 0xfa, 0x02, 0x00, 0x00, 0x00, 0x00,
  0x00, 0x00, 0x00, 0x00, 0x78, 0xf6, 0xef, 0x06, 0xc0, 0xf9, 0xef, 0x06, 0x44, 0x41, 0x54, 0x41,
  0xe4, 0x00, 0x00, 0x00, 0x78, 0xf6, 0xef, 0x06, 0xa7, 0x00, 0x00, 0x00, 0x01, 0x00, 0x00, 0x00,
  0x90, 0xf7, 0xef, 0x06, 0x00, 0x00, 0x00, 0x00, 0x4f, 0x75, 0x74, 0x70, 0x75, 0x74, 0x00, 0x00,
  0x00, 0x00, 0x00, 0x00, 0x00, 0x00, 0x00, 0x00, 0x00, 0x00, 0x00, 0x00, 0x00, 0x00, 0x00, 0x00,
  0x00, 0x00, 0x00, 0x00, 0x00, 0x00, 0x00, 0x00, 0x00, 0x00, 0x00, 0x00, 0x00, 0x00, 0x00, 0x00,
  0x00, 0x00, 0x00, 0x00, 0x00, 0x00, 0x00, 0x00, 0x00, 0x00, 0x00, 0x00, 0x00, 0x00, 0x00, 0x00,
  0x00, 0x00, 0x00, 0x00, 0x00, 0x00, 0x00, 0x00, 0x52, 0x65, 0x6e, 0x64, 0x65, 0x72, 0x00, 0x00,
  0x00, 0x00, 0x00, 0x00, 0x00, 0x00, 0x00, 0x00, 0x00, 0x00, 0x00, 0x00, 0x00, 0x00, 0x00, 0x00,
  0x00, 0x00, 0x00, 0x00, 0x00, 0x00, 0x00, 0x00, 0x00, 0x00, 0x00, 0x00, 0x00, 0x00, 0x00, 0x00,
  0x00, 0x00, 0x00, 0x00, 0x00, 0x00, 0x00, 0x00, 0x00, 0x00, 0x00, 0x00, 0x00, 0x00, 0x00, 0x00,
  0x00, 0x00, 0x00, 0x00, 0x00, 0x00, 0x00, 0x00, 0x00, 0x00, 0x00, 0x00, 0x00, 0x00, 0x00, 0x00,
  0x00, 0x00, 0x00, 0x00, 0x00, 0x00, 0x00, 0x00, 0x00, 0x00, 0x00, 0x00, 0x00, 0x00, 0x00, 0x00,
  0x00, 0x00, 0x00, 0x00, 0x00, 0x00, 0x00, 0x00, 0x00, 0x00, 0x00, 0x00, 0x00, 0x00, 0x00, 0x00,
  0x00, 0x00, 0x00, 0x00, 0x00, 0x00, 0x00, 0x00, 0x00, 0x00, 0x00, 0x00, 0x00, 0x00, 0x00, 0x00,
  0x00, 0x00, 0x00, 0x00, 0x00, 0x00, 0x00, 0x00, 0x00, 0x00, 0x00, 0x00, 0x3e, 0x01, 0xcc, 0x00,
  0x00, 0x00, 0x00, 0x00, 0x01, 0x00, 0x00, 0x00, 0x00, 0x00, 0x00, 0x00, 0x00, 0x00, 0x00, 0x00,
  0x00, 0x00, 0x00, 0x00, 0x44, 0x41, 0x54, 0x41, 0xe4, 0x00, 0x00, 0x00, 0x90, 0xf7, 0xef, 0x06,
  0xa7, 0x00, 0x00, 0x00, 0x01, 0x00, 0x00, 0x00, 0xa8, 0xf8, 0xef, 0x06, 0x78, 0xf6, 0xef, 0x06,
  0x52, 0x65, 0x6e, 0x64, 0x65, 0x72, 0x00, 0x00, 0x00, 0x00, 0x00, 0x00, 0x00, 0x00, 0x00, 0x00,
  0x00, 0x00, 0x00, 0x00, 0x00, 0x00, 0x00, 0x00, 0x00, 0x00, 0x00, 0x00, 0x00, 0x00, 0x00, 0x00,
  0x00, 0x00, 0x00, 0x00, 0x00, 0x00, 0x00, 0x00, 0x00, 0x00, 0x00, 0x00, 0x00, 0x00, 0x00, 0x00,
  0x00, 0x00, 0x00, 0x00, 0x00, 0x00, 0x00, 0x00, 0x00, 0x00, 0x00, 0x00, 0x00, 0x00, 0x00, 0x00,
  0x52, 0x65, 0x6e, 0x64, 0x65, 0x72, 0x00, 0x00, 0x00, 0x00, 0x00, 0x00, 0x00, 0x00, 0x00, 0x00,
  0x00, 0x00, 0x00, 0x00, 0x00, 0x00, 0x00, 0x00, 0x00, 0x00, 0x00, 0x00, 0x00, 0x00, 0x00, 0x00,
  0x00, 0x00, 0x00, 0x00, 0x00, 0x00, 0x00, 0x00, 0x00, 0x00, 0x00, 0x00, 0x00, 0x00, 0x00, 0x00,
  0x00, 0x00, 0x00, 0x00, 0x00, 0x00, 0x00, 0x00, 0x00, 0x00, 0x00, 0x00, 0x00, 0x00, 0x00, 0x00,
  0x00, 0x00, 0x00, 0x00, 0x00, 0x00, 0x00, 0x00, 0x00, 0x00, 0x00, 0x00, 0x00, 0x00, 0x00, 0x00,
  0x00, 0x00, 0x00, 0x00, 0x00, 0x00, 0x00, 0x00, 0x00, 0x00, 0x00, 0x00, 0x00, 0x00, 0x00, 0x00,
  0x00, 0x00, 0x00, 0x00, 0x00, 0x00, 0x00, 0x00, 0x00, 0x00, 0x00, 0x00, 0x00, 0x00, 0x00, 0x00,
  0x00, 0x00, 0x00, 0x00, 0x00, 0x00, 0x00, 0x00, 0x00, 0x00, 0x00, 0x00, 0x00, 0x00, 0x00, 0x00,
  0x46, 0x01, 0x00, 0x00, 0x3e, 0x01, 0xcc, 0x00, 0x00, 0x00, 0x00, 0x00, 0x01, 0x00, 0x00, 0x00,
  0x00, 0x00, 0x00, 0x00, 0x00, 0x00, 0x00, 0x00, 0x00, 0x00, 0x00, 0x00, 0x44, 0x41, 0x54, 0x41,
  0xe4, 0x00, 0x00, 0x00, 0xa8, 0xf8, 0xef, 0x06, 0xa7, 0x00, 0x00, 0x00, 0x01, 0x00, 0x00, 0x00,
  0xc0, 0xf9, 0xef, 0x06, 0x90, 0xf7, 0xef, 0x06, 0x41, 0x6e, 0x69, 0x6d, 0x00, 0x00, 0x00, 0x00,
  0x00, 0x00, 0x00, 0x00, 0x00, 0x00, 0x00, 0x00, 0x00, 0x00, 0x00, 0x00, 0x00, 0x00, 0x00, 0x00,
  0x00, 0x00, 0x00, 0x00, 0x00, 0x00, 0x00, 0x00, 0x00, 0x00, 0x00, 0x00, 0x00, 0x00, 0x00, 0x00,
  0x00, 0x00, 0x00, 0x00, 0x00, 0x00, 0x00, 0x00, 0x00, 0x00, 0x00, 0x00, 0x00, 0x00, 0x00, 0x00,
  0x00, 0x00, 0x00, 0x00, 0x00, 0x00, 0x00, 0x00, 0x52, 0x65, 0x6e, 0x64, 0x65, 0x72, 0x00, 0x00,
  0x00, 0x00, 0x00, 0x00, 0x00, 0x00, 0x00, 0x00, 0x00, 0x00, 0x00, 0x00, 0x00, 0x00, 0x00, 0x00,
  0x00, 0x00, 0x00, 0x00, 0x00, 0x00, 0x00, 0x00, 0x00, 0x00, 0x00, 0x00, 0x00, 0x00, 0x00, 0x00,
  0x00, 0x00, 0x00, 0x00, 0x00, 0x00, 0x00, 0x00, 0x00, 0x00, 0x00, 0x00, 0x00, 0x00, 0x00, 0x00,
  0x00, 0x00, 0x00, 0x00, 0x00, 0x00, 0x00, 0x00, 0x00, 0x00, 0x00, 0x00, 0x00, 0x00, 0x00, 0x00,
  0x00, 0x00, 0x00, 0x00, 0x00, 0x00, 0x00, 0x00, 0x00, 0x00, 0x00, 0x00, 0x00, 0x00, 0x00, 0x00,
  0x00, 0x00, 0x00, 0x00, 0x00, 0x00, 0x00, 0x00, 0x00, 0x00, 0x00, 0x00, 0x00, 0x00, 0x00, 0x00,
  0x00, 0x00, 0x00, 0x00, 0x00, 0x00, 0x00, 0x00, 0x00, 0x00, 0x00, 0x00, 0x00, 0x00, 0x00, 0x00,
  0x00, 0x00, 0x00, 0x00, 0x00, 0x00, 0x00, 0x00, 0x8c, 0x02, 0x00, 0x00, 0x3e, 0x01, 0xcc, 0x00,
  0x00, 0x00, 0x00, 0x00, 0x01, 0x00, 0x00, 0x00, 0x00, 0x00, 0x00, 0x00, 0x00, 0x00, 0x00, 0x00,
  0x00, 0x00, 0x00, 0x00, 0x44, 0x41, 0x54, 0x41, 0xe4, 0x00, 0x00, 0x00, 0xc0, 0xf9, 0xef, 0x06,
  0xa7, 0x00, 0x00, 0x00, 0x01, 0x00, 0x00, 0x00, 0x00, 0x00, 0x00, 0x00, 0xa8, 0xf8, 0xef, 0x06,
  0x46, 0x6f, 0x72, 0x6d, 0x61, 0x74, 0x00, 0x00, 0x00, 0x00, 0x00, 0x00, 0x00, 0x00, 0x00, 0x00,
  0x00, 0x00, 0x00, 0x00, 0x00, 0x00, 0x00, 0x00, 0x00, 0x00, 0x00, 0x00, 0x00, 0x00, 0x00, 0x00,
  0x00, 0x00, 0x00, 0x00, 0x00, 0x00, 0x00, 0x00, 0x00, 0x00, 0x00, 0x00, 0x00, 0x00, 0x00, 0x00,
  0x00, 0x00, 0x00, 0x00, 0x00, 0x00, 0x00, 0x00, 0x00, 0x00, 0x00, 0x00, 0x00, 0x00, 0x00, 0x00,
  0x52, 0x65, 0x6e, 0x64, 0x65, 0x72, 0x00, 0x00, 0x00, 0x00, 0x00, 0x00, 0x00, 0x00, 0x00, 0x00,
  0x00, 0x00, 0x00, 0x00, 0x00, 0x00, 0x00, 0x00, 0x00, 0x00, 0x00, 0x00, 0x00, 0x00, 0x00, 0x00,
  0x00, 0x00, 0x00, 0x00, 0x00, 0x00, 0x00, 0x00, 0x00, 0x00, 0x00, 0x00, 0x00, 0x00, 0x00, 0x00,
  0x00, 0x00, 0x00, 0x00, 0x00, 0x00, 0x00, 0x00, 0x00, 0x00, 0x00, 0x00, 0x00, 0x00, 0x00, 0x00,
  0x00, 0x00, 0x00, 0x00, 0x00, 0x00, 0x00, 0x00, 0x00, 0x00, 0x00, 0x00, 0x00, 0x00, 0x00, 0x00,
  0x00, 0x00, 0x00, 0x00, 0x00, 0x00, 0x00, 0x00, 0x00, 0x00, 0x00, 0x00, 0x00, 0x00, 0x00, 0x00,
  0x00, 0x00, 0x00, 0x00, 0x00, 0x00, 0x00, 0x00, 0x00, 0x00, 0x00, 0x00, 0x00, 0x00, 0x00, 0x00,
  0x00, 0x00, 0x00, 0x00, 0x00, 0x00, 0x00, 0x00, 0x00, 0x00, 0x00, 0x00, 0x00, 0x00, 0x00, 0x00,
  0xd2, 0x03, 0x00, 0x00, 0x3e, 0x01, 0xcc, 0x00, 0x00, 0x00, 0x00, 0x00, 0x01, 0x00, 0x00, 0x00,
  0x00, 0x00, 0x00, 0x00, 0x00, 0x00, 0x00, 0x00, 0x00, 0x00, 0x00, 0x00, 0x44, 0x41, 0x54, 0x41,
  0xa4, 0x00, 0x00, 0x00, 0x48, 0x42, 0xf0, 0x06, 0x9b, 0x00, 0x00, 0x00, 0x01, 0x00, 0x00, 0x00,
  0x20, 0x43, 0xf0, 0x06, 0x00, 0x00, 0x00, 0x00, 0x0f, 0x00, 0x00, 0x00, 0x33, 0x33, 0x33, 0x3f,
  0xc0, 0xea, 0x9d, 0x0b, 0x00, 0x00, 0x80, 0xc0, 0x00, 0x00, 0x7e, 0x43, 0x00, 0x00, 0x00, 0x00,
  0x00, 0x00, 0x10, 0x41, 0x00, 0x00, 0x80, 0xc0, 0x00, 0x00, 0x7e, 0x43, 0x00, 0x00, 0x00, 0x00,
  0x00, 0x00, 0x10, 0x41, 0x00, 0x00, 0x00, 0x00, 0x00, 0x00, 0x00, 0x00, 0x00, 0x00, 0x00, 0x00,
  0x00, 0x00, 0x00, 0x00, 0x00, 0x00, 0x00, 0x00, 0x00, 0x00, 0x00, 0x00, 0x00, 0x00, 0x00, 0x00,
  0x00, 0x00, 0x00, 0x00, 0x00, 0x00, 0x00, 0x00, 0xe9, 0x03, 0x00, 0x00, 0x00, 0x00, 0x00, 0x00,
  0x21, 0x00, 0x00, 0x00, 0x00, 0x00, 0x80, 0x3f, 0x00, 0x00, 0x10, 0x41, 0x00, 0x00, 0xfa, 0x46,
  0x00, 0x00, 0x10, 0x41, 0xcd, 0xcc, 0xcc, 0x3d, 0x00, 0x00, 0x20, 0x41, 0x00, 0x00, 0x00, 0x00,
  0x00, 0x00, 0x00, 0x00, 0x00, 0x00, 0x00, 0x00, 0x00, 0x00, 0x00, 0x00, 0x00, 0x00, 0x00, 0x00,
  0x00, 0x00, 0x00, 0x00, 0x00, 0x00, 0x00, 0x00, 0x00, 0x00, 0x00, 0x00, 0x01, 0x00, 0x00, 0x00,
  0x06, 0x00, 0x00, 0x00, 0x44, 0x41, 0x54, 0x41, 0xb0, 0x00, 0x00, 0x00, 0x20, 0x43, 0xf0, 0x06,
  0xea, 0x00, 0x00, 0x00, 0x01, 0x00, 0x00, 0x00, 0xd8, 0xfa, 0xef, 0x06, 0x48, 0x42, 0xf0, 0x06,
  0x0b, 0x00, 0x00, 0x00, 0x33, 0x33, 0x33, 0x3f, 0xc0, 0xea, 0x9d, 0x0b, 0x00, 0x00, 0x80, 0xc0,
  0x00, 0x00, 0x7a, 0x43, 0x00, 0x00, 0x80, 0xc0, 0x00, 0x00, 0x7f, 0x43, 0x00, 0x00, 0x80, 0xc0,
  0x00, 0x00, 0x48, 0x42, 0x00, 0x00, 0x80, 0xc0, 0x00, 0x00, 0x7f, 0x43, 0x00, 0x00, 0x00, 0x00,
  0x00, 0x00, 0x00, 0x00, 0x00, 0x00, 0x00, 0x00, 0x00, 0x00, 0x00, 0x00, 0x00, 0x00, 0x00, 0x00,
  0xe9, 0x03, 0x00, 0x00, 0x00, 0x00, 0x00, 0x00, 0x10, 0x00, 0x00, 0x00, 0x00, 0x00, 0x00, 0x00,
  0xe9, 0x03, 0x00, 0x00, 0x10, 0x00, 0x00, 0x00, 0x09, 0x00, 0x00, 0x00, 0x00, 0x00, 0x80, 0x3f,
  0x00, 0x80, 0x81, 0x43, 0x00, 0x00, 0xfa, 0x46, 0x00, 0x80, 0x81, 0x43, 0xcd, 0xcc, 0xcc, 0x3d,
  0x00, 0x00, 0x20, 0x41, 0x08, 0x00, 0x00, 0x00, 0x00, 0x00, 0x00, 0x00, 0x00, 0x00, 0x00, 0x00,
  0x00, 0x00, 0x00, 0x00, 0x00, 0x00, 0x00, 0x00, 0x00, 0x00, 0x00, 0x00, 0x00, 0x00, 0x00, 0x00,
  0x00, 0x00, 0x00, 0x00, 0x00, 0x00, 0x00, 0x00, 0x00, 0x00, 0x00, 0x00, 0x00, 0x00, 0x00, 0x00,
  0x00, 0x00, 0x00, 0x00, 0x00, 0x00, 0x00, 0x00, 0x44, 0x41, 0x54, 0x41, 0xdc, 0x00, 0x00, 0x00,
  0xd8, 0xfa, 0xef, 0x06, 0x92, 0x00, 0x00, 0x00, 0x01, 0x00, 0x00, 0x00, 0x80, 0x1a, 0xfb, 0x02,
  0x20, 0x43, 0xf0, 0x06, 0x04, 0x00, 0x00, 0x00, 0x33, 0x33, 0x33, 0x3f, 0xc0, 0xea, 0x9d, 0x0b,
  0x00, 0x00, 0x00, 0x00, 0x00, 0x00, 0x00, 0x00, 0x00, 0x00, 0x00, 0x00, 0x00, 0x00, 0x00, 0x00,
  0x00, 0x00, 0x00, 0x00, 0x00, 0x00, 0x00, 0x00, 0x01, 0x00, 0x00, 0x00, 0x00, 0x00, 0x00, 0xc1,
  0x00, 0x00, 0xa3, 0x44, 0x00, 0x00, 0x00, 0xc1, 0x00, 0x00, 0x68, 0x43, 0x3f, 0x00, 0x00, 0xc1,
  0xac, 0x03, 0xb6, 0x44, 0x00, 0x00, 0x00, 0xc1, 0x00, 0x00, 0x68, 0x43, 0x00, 0x00, 0x00, 0x00,
  0x00, 0x00, 0x00, 0x00, 0x00, 0x00, 0x00, 0x00, 0x00, 0x00, 0x00, 0x00, 0x00, 0x00, 0x00, 0x00,
  0x00, 0x00, 0x00, 0x00, 0x00, 0x00, 0x00, 0x00, 0x00, 0x00, 0x00, 0x00, 0x00, 0x00, 0x00, 0x00,
  0x00, 0x00, 0x00, 0x00, 0x00, 0x00, 0x00, 0x00, 0x00, 0x00, 0x00, 0x00, 0x00, 0x00, 0x80, 0x43,
  0x00, 0x00, 0x28, 0x42, 0x00, 0x00, 0xc8, 0x44, 0x00, 0x00, 0xe1, 0x43, 0x00, 0x00, 0x00, 0x3f,
  0xe1, 0x7a, 0xb4, 0x3f, 0x00, 0x00, 0x01, 0x00, 0x01, 0x00, 0x01, 0x00, 0xfb, 0x04, 0xd1, 0x00,
  0x00, 0x00, 0x00, 0x00, 0x00, 0x00, 0x00, 0x00, 0x00, 0x00, 0x00, 0x00, 0x00, 0x00, 0x00, 0x00,
  0x00, 0x00, 0x00, 0x00, 0x00, 0x00, 0xff, 0xff, 0x00, 0x00, 0x00, 0x00, 0x00, 0x00, 0x00, 0x00,
  0xff, 0xff, 0x00, 0x00, 0x00, 0x00, 0x00, 0x00, 0x6d, 0x01, 0x01, 0x00, 0x00, 0x00, 0x00, 0x00,
  0x00, 0x00, 0x00, 0x00, 0x00, 0x00, 0x00, 0x00, 0x44, 0x41, 0x54, 0x41, 0x1c, 0x03, 0x00, 0x00,
  0x80, 0x1a, 0xfb, 0x02, 0x8d, 0x00, 0x00, 0x00, 0x01, 0x00, 0x00, 0x00, 0x78, 0xe6, 0xf7, 0x02,
  0xd8, 0xfa, 0xef, 0x06, 0x01, 0x00, 0x00, 0x00, 0x33, 0x33, 0x33, 0x3f, 0xc0, 0xea, 0x9d, 0x0b,
  0x00, 0x00, 0x00, 0x00, 0x00, 0x00, 0x00, 0x00, 0x00, 0x00, 0x00, 0x00, 0x00, 0x00, 0x00, 0x00,
  0x00, 0x00, 0x80, 0x3f, 0x00, 0x00, 0x00, 0x00, 0x00, 0x00, 0x00, 0x00, 0x00, 0x00, 0x00, 0x00,
  0x00, 0x00, 0x00, 0x00, 0x00, 0x00, 0x80, 0x3f, 0x00, 0x00, 0x00, 0x00, 0x00, 0x00, 0x00, 0x00,
  0x00, 0x00, 0x00, 0x00, 0x00, 0x00, 0x00, 0x00, 0x00, 0x00, 0x80, 0x3f, 0x00, 0x00, 0x00, 0x00,
  0x00, 0x00, 0x00, 0x00, 0x00, 0x00, 0x00, 0x00, 0x00, 0x00, 0x20, 0xc1, 0x00, 0x00, 0x80, 0x3f,
  0x00, 0x00, 0x80, 0x3f, 0x00, 0x00, 0x00, 0x00, 0x00, 0x00, 0x00, 0x00, 0x00, 0x00, 0x00, 0x00,
  0x00, 0x00, 0x00, 0x00, 0x00, 0x00, 0x80, 0x3f, 0x00, 0x00, 0x00, 0x00, 0x00, 0x00, 0x00, 0x00,
  0x00, 0x00, 0x00, 0x00, 0x00, 0x00, 0x00, 0x00, 0x00, 0x00, 0x80, 0x3f, 0x00, 0x00, 0x00, 0x00,
  0x00, 0x00, 0x00, 0x00, 0x00, 0x00, 0x00, 0x00, 0x00, 0x00, 0x20, 0x41, 0x00, 0x00, 0x80, 0x3f,
  0x00, 0x00, 0x8c, 0x3f, 0x00, 0x00, 0x00, 0x00, 0x00, 0x00, 0x00, 0x00, 0x00, 0x00, 0x00, 0x00,
  0x00, 0x00, 0x00, 0x00, 0x00, 0x00, 0xb7, 0x40, 0x00, 0x00, 0x00, 0x00, 0x00, 0x00, 0x00, 0x00,
  0x00, 0x00, 0x00, 0x00, 0x00, 0x00, 0x00, 0x00, 0x50, 0x01, 0x80, 0xbf, 0x00, 0x00, 0x80, 0xbf,
  0x00, 0x00, 0x00, 0x00, 0x00, 0x00, 0x00, 0x00, 0xb8, 0xaf, 0x1f, 0x41, 0x00, 0x00, 0x20, 0x41,
  0xa1, 0x0e, 0x6a, 0x3f, 0x00, 0x00, 0x00, 0x00, 0x00, 0x00, 0x00, 0x00, 0x00, 0x00, 0x00, 0x00,
  0x00, 0x00, 0x00, 0x00, 0x63, 0x0f, 0x33, 0x3e, 0x00, 0x00, 0x00, 0x00, 0x00, 0x00, 0x00, 0x00,
  0x00, 0x00, 0x00, 0x00, 0x00, 0x00, 0x00, 0x00, 0x1d, 0xfe, 0xf9, 0xc3, 0x7d, 0xfe, 0x47, 0xc2,
  0x00, 0x00, 0x00, 0x00, 0x00, 0x00, 0x00, 0x00, 0xad, 0x80, 0xf9, 0x43, 0x8a, 0x00, 0x48, 0x42,
  0x00, 0x00, 0x00, 0x00, 0x00, 0x00, 0x00, 0x00, 0x00, 0x00, 0x00, 0x00, 0x00, 0x00, 0x00, 0x00,
  0x00, 0x00, 0x00, 0x00, 0x00, 0x00, 0x00, 0x00, 0x00, 0x00, 0x00, 0x00, 0x00, 0x00, 0x00, 0x00,
  0x00, 0x00, 0x00, 0x00, 0x00, 0x00, 0x00, 0x00, 0x00, 0x00, 0x00, 0x00, 0x00, 0x00, 0x00, 0x00,
  0x00, 0x00, 0x00, 0x00, 0x00, 0x00, 0x00, 0x00, 0x00, 0x00, 0x00, 0x00, 0x00, 0x00, 0x00, 0x00,
  0x00, 0x00, 0x00, 0x00, 0x00, 0x00, 0x00, 0x00, 0x00, 0x00, 0x00, 0x00, 0x00, 0x00, 0x00, 0x00,
  0x00, 0x00, 0x00, 0x00, 0x00, 0x00, 0x00, 0x00, 0x00, 0x00, 0x00, 0x00, 0x00, 0x00, 0x00, 0x00,
  0x00, 0x00, 0x00, 0x00, 0x00, 0x00, 0x00, 0x00, 0x00, 0x00, 0x00, 0x00, 0x00, 0x00, 0x00, 0x00,
  0x00, 0x00, 0x00, 0x00, 0x00, 0x00, 0x00, 0x00, 0x00, 0x00, 0x00, 0x00, 0x00, 0x00, 0x00, 0x00,
  0x00, 0x00, 0x80, 0x3f, 0x00, 0x00, 0x00, 0x00, 0x00, 0x00, 0x00, 0x00, 0x00, 0x00, 0x00, 0x00,
  0x00, 0x00, 0x20, 0x41, 0x00, 0x00, 0x00, 0x00, 0x00, 0x00, 0x00, 0x00, 0x01, 0x00, 0x07, 0x00,
  0x28, 0x45, 0x01, 0x03, 0x00, 0x00, 0x00, 0x00, 0x00, 0x00, 0x00, 0x00, 0x00, 0x00, 0x00, 0x00,
  0x00, 0x00, 0x00, 0x00, 0x00, 0x00, 0x00, 0x00, 0x00, 0x00, 0x00, 0x00, 0x00, 0x00, 0x00, 0x00,
  0x00, 0x00, 0x00, 0x00, 0x00, 0x00, 0x00, 0x00, 0x00, 0x00, 0x00, 0x00, 0x00, 0x00, 0x00, 0x00,
  0x00, 0x00, 0x00, 0x00, 0x00, 0x00, 0x00, 0x00, 0x00, 0x00, 0x00, 0x00, 0x02, 0x00, 0x00, 0x00,
  0x01, 0x00, 0x00, 0x00, 0x01, 0x00, 0x00, 0x00, 0x01, 0x00, 0x03, 0x00, 0x00, 0x00, 0x00, 0x00,
  0x00, 0x00, 0x0c, 0x42, 0x00, 0x00, 0x80, 0x3f, 0x00, 0x00, 0x00, 0x00, 0x00, 0x00, 0x00, 0x00,
  0x0a, 0xd7, 0x23, 0x3c, 0x00, 0x00, 0xfa, 0x43, 0x00, 0x00, 0x00, 0x00, 0x00, 0x00, 0x00, 0x00,
  0x00, 0x00, 0x00, 0x00, 0x00, 0x00, 0x00, 0x00, 0x00, 0x00, 0x00, 0x00, 0x00, 0x00, 0x00, 0x00,
  0x00, 0x00, 0x00, 0x00, 0x00, 0x00, 0x00, 0x00, 0x10, 0x00, 0x01, 0x00, 0x07, 0x00, 0x00, 0x00,
  0x00, 0x00, 0x00, 0x00, 0x01, 0x00, 0x00, 0x00, 0x00, 0x00, 0x00, 0x00, 0x00, 0x00, 0x00, 0x00,
  0x00, 0x00, 0x00, 0x00, 0x00, 0x00, 0x00, 0x00, 0x00, 0x00, 0x00, 0x00, 0x00, 0x00, 0x00, 0x00,
  0x00, 0x00, 0x00, 0x00, 0x00, 0x00, 0x00, 0x00, 0x00, 0x00, 0x00, 0x00, 0x00, 0x00, 0x00, 0x00,
  0x00, 0x00, 0x00, 0x00, 0x00, 0x00, 0x00, 0x00, 0x00, 0x00, 0x00, 0x00, 0x00, 0x00, 0x00, 0x00,
  0x00, 0x00, 0x00, 0x00, 0x00, 0x00, 0x00, 0x00, 0x00, 0x00, 0x00, 0x00, 0x00, 0x00, 0x00, 0x00,
  0x00, 0x00, 0x00, 0x00, 0x00, 0x00, 0x00, 0x00, 0x00, 0x00, 0x00, 0x00, 0x00, 0x00, 0x00, 0x00,
  0x00, 0x00, 0x00, 0x00, 0x00, 0x00, 0x00, 0x00, 0x00, 0x00, 0x00, 0x00, 0x00, 0x00, 0x00, 0x00,
  0x00, 0x00, 0x00, 0x00, 0x00, 0x00, 0x00, 0x00, 0x00, 0x00, 0x00, 0x00, 0x00, 0x00, 0x00, 0x00,
  0x00, 0x00, 0x00, 0x00, 0x00, 0x00, 0x00, 0x00, 0x00, 0x00, 0x00, 0x00, 0x00, 0x00, 0x00, 0x00,
  0x00, 0x00, 0x00, 0x00, 0x00, 0x00, 0x00, 0x00, 0x00, 0x00, 0x00, 0x00, 0x00, 0x00, 0x00, 0x18,
  0x00, 0x00, 0x0a, 0x00, 0x00, 0x00, 0x00, 0x00, 0x00, 0x00, 0x00, 0x00, 0x00, 0x00, 0x00, 0x00,
  0x00, 0x00, 0x00, 0x00, 0x00, 0x00, 0x00, 0x00, 0x00, 0x00, 0x00, 0x00, 0x00, 0x00, 0x00, 0x00,
  0x00, 0x00, 0x00, 0x00, 0x00, 0x00, 0x00, 0x00, 0x44, 0x41, 0x54, 0x41, 0x08, 0x01, 0x00, 0x00,
  0x78, 0xe6, 0xf7, 0x02, 0x95, 0x00, 0x00, 0x00, 0x01, 0x00, 0x00, 0x00, 0x08, 0xf3, 0xfa, 0x02,
  0x80, 0x1a, 0xfb, 0x02, 0x03, 0x00, 0x00, 0x00, 0x33, 0x33, 0x33, 0x3f, 0xc0, 0xea, 0x9d, 0x0b,
  0x00, 0x00, 0x00, 0x00, 0x00, 0x00, 0x00, 0x00, 0x00, 0x00, 0x00, 0x00, 0x00, 0x00, 0x00, 0x00,
  0x00, 0x00, 0xc0, 0xc0, 0x00, 0x00, 0xa0, 0x40, 0x00, 0x00, 0x00, 0x00, 0xcd, 0xcc, 0x8c, 0x41,
  0xc9, 0x52, 0x05, 0xc2, 0x7c, 0xab, 0x1e, 0x42, 0x31, 0xee, 0xe2, 0x40, 0x8c, 0x6c, 0xa8, 0x41,
  0x00, 0x00, 0x00, 0x00, 0x00, 0x00, 0x00, 0x00, 0x00, 0x00, 0x00, 0x00, 0x00, 0x00, 0x00, 0x00,
  0x00, 0x00, 0x00, 0x00, 0x00, 0x00, 0x00, 0x00, 0x00, 0x00, 0x00, 0x00, 0x00, 0x00, 0x00, 0x00,
  0x00, 0x00, 0x00, 0x00, 0x01, 0x05, 0x00, 0x00, 0x00, 0x00, 0x00, 0x00, 0xf5, 0x00, 0x00, 0x00,
  0x00, 0x00, 0x20, 0x41, 0x00, 0x00, 0x80, 0x40, 0x00, 0x00, 0xa0, 0x43, 0x00, 0x00, 0xa0, 0x43,
  0x0a, 0xd7, 0x23, 0x3c, 0x00, 0x00, 0x00, 0x40, 0x00, 0x00, 0x00, 0x00, 0x01, 0x00, 0x00, 0x00,
  0x00, 0x00, 0x00, 0x00, 0x00, 0x00, 0x00, 0x00, 0x00, 0x00, 0x00, 0x00, 0x00, 0x00, 0x00, 0x00,
  0x00, 0x00, 0x00, 0x00, 0x00, 0x00, 0x00, 0x00, 0x00, 0x00, 0x00, 0x00, 0x00, 0x00, 0x00, 0x00,
  0x00, 0x00, 0x8e, 0x03, 0x01, 0x00, 0x00, 0x00, 0x00, 0x00, 0x00, 0x00, 0x00, 0x00, 0x00, 0x00,
  0x00, 0x00, 0x00, 0x00, 0x00, 0x00, 0x00, 0x00, 0x00, 0x00, 0x00, 0x00, 0x00, 0x00, 0x00, 0x00,
  0x00, 0x00, 0x00, 0x00, 0x00, 0x00, 0x00, 0x00, 0x00, 0x00, 0x00, 0x00, 0x00, 0x00, 0x00, 0x00,
  0x00, 0x00, 0x00, 0x00, 0x00, 0x00, 0x00, 0x00, 0x00, 0x00, 0x00, 0x00, 0x00, 0x00, 0x00, 0x00,
  0x00, 0x00, 0x00, 0x00, 0x00, 0x00, 0x00, 0x00, 0x00, 0x00, 0x00, 0x00, 0x00, 0x00, 0x00, 0x00,
  0x00, 0x00, 0x00, 0x00, 0x44, 0x41, 0x54, 0x41, 0xc8, 0x01, 0x00, 0x00, 0x08, 0xf3, 0xfa, 0x02,
  0x94, 0x00, 0x00, 0x00, 0x01, 0x00, 0x00, 0x00, 0x00, 0x00, 0x00, 0x00, 0x78, 0xe6, 0xf7, 0x02,
  0x05, 0x00, 0x00, 0x00, 0x33, 0x33, 0x33, 0x3f, 0xc0, 0xea, 0x9d, 0x0b, 0x00, 0x00, 0x00, 0x00,
  0x00, 0x00, 0x00, 0x00, 0x00, 0x00, 0x00, 0x00, 0x00, 0x00, 0x00, 0x00, 0x00, 0x00, 0x00, 0x00,
  0x14, 0x00, 0x00, 0x00, 0x00, 0x00, 0x00, 0x00, 0x00, 0x00, 0x00, 0x00, 0x00, 0x00, 0x00, 0x00,
  0x00, 0x00, 0x00, 0x00, 0x00, 0x00, 0x00, 0x00, 0x00, 0x00, 0x00, 0x00, 0x2f, 0x00, 0x00, 0x00,
  0x00, 0x00, 0x00, 0x00, 0x00, 0x00, 0x00, 0x00, 0x00, 0x00, 0x00, 0x00, 0x00, 0x00, 0x00, 0x00,
  0x00, 0x00, 0x00, 0x00, 0x00, 0x00, 0x00, 0x00, 0x00, 0x00, 0x00, 0x00, 0x00, 0x00, 0x00, 0x00,
  0x00, 0x00, 0x00, 0x00, 0x00, 0x00, 0x00, 0x00, 0x00, 0x00, 0x00, 0x00, 0x00, 0x00, 0x00, 0x00,
  0x00, 0x00, 0x00, 0x00, 0x00, 0x00, 0x00, 0x00, 0x00, 0x00, 0x00, 0x00, 0x00, 0x00, 0x00, 0x00,
  0x00, 0x00, 0x00, 0x00, 0x00, 0x00, 0x00, 0x00, 0x00, 0x00, 0x00, 0x00, 0x00, 0x00, 0x00, 0x00,
  0x00, 0x00, 0x00, 0x00, 0x00, 0x00, 0x00, 0x00, 0x00, 0x00, 0x00, 0x00, 0x00, 0x00, 0x00, 0x00,
  0x00, 0x00, 0x00, 0x00, 0x00, 0x00, 0x00, 0x00, 0x00, 0x00, 0x00, 0x00, 0x00, 0x00, 0x00, 0x00,
  0x00, 0x00, 0x00, 0x00, 0x00, 0x00, 0x00, 0x00, 0x00, 0x00, 0x00, 0x00, 0x00, 0x00, 0x00, 0x00,
  0x00, 0x00, 0x00, 0x00, 0x00, 0x00, 0x00, 0x00, 0x00, 0x00, 0x00, 0x00, 0x00, 0x00, 0x00, 0x00,
  0x00, 0x00, 0x00, 0x00, 0x00, 0x00, 0x00, 0x00, 0x00, 0x00, 0x00, 0x00, 0x00, 0x00, 0x00, 0x00,
  0x00, 0x00, 0x00, 0x00, 0x00, 0x00, 0x00, 0x00, 0x00, 0x00, 0x00, 0x00, 0x00, 0x00, 0x00, 0x00,
  0x00, 0x00, 0x00, 0x00, 0x00, 0x00, 0x00, 0x00, 0x00, 0x00, 0x00, 0x00, 0x00, 0x00, 0x00, 0x00,
  0x00, 0x00, 0x00, 0x00, 0x00, 0x00, 0x00, 0x00, 0x00, 0x00, 0x00, 0x00, 0x00, 0x00, 0x00, 0x00,
  0x00, 0x00, 0x00, 0x00, 0x00, 0x00, 0x00, 0x00, 0x00, 0x00, 0x00, 0x00, 0x00, 0x00, 0x00, 0x00,
  0x00, 0x00, 0x00, 0x00, 0x00, 0x00, 0x00, 0x00, 0x00, 0x00, 0x00, 0x00, 0x00, 0x00, 0x00, 0x00,
  0x00, 0x00, 0x00, 0x00, 0x00, 0x00, 0x00, 0x00, 0x00, 0x00, 0x00, 0x00, 0x00, 0x00, 0x00, 0x00,
  0x00, 0x00, 0x00, 0x00, 0x00, 0x00, 0x00, 0x00, 0x00, 0x00, 0x00, 0x00, 0x00, 0x00, 0x00, 0x00,
  0x00, 0x00, 0x00, 0x00, 0x00, 0x00, 0x00, 0x00, 0x00, 0x00, 0x00, 0x00, 0x00, 0x00, 0x00, 0x00,
  0x00, 0x00, 0x00, 0x00, 0x00, 0x00, 0x00, 0x00, 0x00, 0x00, 0x00, 0x00, 0x00, 0x00, 0x00, 0x00,
  0x00, 0x00, 0x00, 0x00, 0x00, 0x00, 0x00, 0x00, 0x00, 0x00, 0x00, 0x00, 0x08, 0x00, 0x00, 0x00,
  0x00, 0x00, 0x00, 0x00, 0x39, 0x00, 0x02, 0x00, 0x00, 0x00, 0x00, 0x00, 0x00, 0x00, 0x00, 0x00,
  0x00, 0x00, 0x00, 0x00, 0x00, 0x00, 0x00, 0x00, 0x00, 0x00, 0x00, 0x00, 0x00, 0x00, 0x00, 0x00,
  0xff, 0xff, 0x00, 0x00, 0x00, 0x00, 0x00, 0x00, 0x00, 0x00, 0x00, 0x00, 0x00, 0x00, 0x00, 0x00,
  0x00, 0x00, 0x00, 0x00, 0x00, 0x00, 0x00, 0x00, 0x00, 0x00, 0x00, 0x00, 0x00, 0x00, 0x00, 0x00,
  0x44, 0x41, 0x54, 0x41, 0xcc, 0x00, 0x00, 0x00, 0x40, 0x6c, 0xfa, 0x02, 0xa8, 0x00, 0x00, 0x00,
  0x01, 0x00, 0x00, 0x00, 0x40, 0x6d, 0xfa, 0x02, 0x40, 0x6b, 0xfa, 0x02, 0x78, 0xa3, 0xef, 0x06,
  0x10, 0xa2, 0xef, 0x06, 0x58, 0xa2, 0xef, 0x06, 0xc0, 0xa3, 0xef, 0x06, 0x00, 0x00, 0x00, 0x00,
  0x00, 0x00, 0x00, 0x00, 0x00, 0x00, 0x00, 0x00, 0x00, 0x00, 0x00, 0x00, 0x00, 0x00, 0x00, 0x00,
  0x00, 0x00, 0x00, 0x00, 0x00, 0x00, 0x00, 0x00, 0x00, 0x00, 0x00, 0x00, 0x00, 0x00, 0x00, 0x00,
  0x00, 0x00, 0x00, 0x00, 0x00, 0x00, 0x00, 0x00, 0x00, 0x00, 0x00, 0x00, 0x00, 0x00, 0x00, 0x00,
  0x00, 0x00, 0x00, 0x00, 0x00, 0x00, 0x00, 0x00, 0x00, 0x00, 0x00, 0x00, 0x00, 0x00, 0x00, 0x00,
  0x00, 0x00, 0x00, 0x00, 0xe8, 0x03, 0x00, 0x00, 0x07, 0x03, 0x00, 0x00, 0x20, 0x03, 0x00, 0x00,
  0x00, 0x00, 0x00, 0x00, 0xe8, 0x03, 0x00, 0x00, 0x07, 0x03, 0x00, 0x00, 0x21, 0x03, 0x00, 0x00,
  0x00, 0x00, 0x00, 0x00, 0xe8, 0x03, 0x00, 0x00, 0x20, 0x03, 0x00, 0x00, 0x20, 0x03, 0x00, 0x00,
  0x00, 0x00, 0x00, 0x00, 0x01, 0x00, 0x07, 0x07, 0xe9, 0x03, 0x01, 0x00, 0x01, 0x01, 0x01, 0x01,
  0xc4, 0x02, 0x00, 0x00, 0x07, 0x00, 0x00, 0x00, 0x00, 0x00, 0x00, 0x00, 0x00, 0x00, 0x00, 0x00,
  0x00, 0x00, 0x00, 0x00, 0x00, 0x00, 0x00, 0x00, 0x00, 0x00, 0x00, 0x00, 0x00, 0x00, 0x00, 0x00,
  0x00, 0x00, 0x00, 0x00, 0x00, 0x00, 0x00, 0x00, 0x00, 0x00, 0x00, 0x00, 0x00, 0x00, 0x00, 0x00,
  0x44, 0x41, 0x54, 0x41, 0xcc, 0x00, 0x00, 0x00, 0x40, 0x6d, 0xfa, 0x02, 0xa8, 0x00, 0x00, 0x00,
  0x01, 0x00, 0x00, 0x00, 0x40, 0x6e, 0xfa, 0x02, 0x40, 0x6c, 0xfa, 0x02, 0x08, 0xa4, 0xef, 0x06,
  0x50, 0xa4, 0xef, 0x06, 0xc0, 0xa3, 0xef, 0x06, 0x30, 0xa3, 0xef, 0x06, 0x00, 0x00, 0x00, 0x00,
  0xff, 0xff, 0x47, 0x40, 0x00, 0x00, 0x00, 0x00, 0x00, 0x00, 0x00, 0x00, 0x00, 0x00, 0x00, 0x00,
  0x00, 0x00, 0x00, 0x00, 0xff, 0xff, 0x8b, 0x3f, 0x00, 0x00, 0x00, 0x00, 0x00, 0x00, 0x00, 0x00,
  0x00, 0x00, 0x00, 0x00, 0x00, 0x00, 0x00, 0x00, 0x1c, 0x0d, 0x80, 0xbf, 0x00, 0x00, 0x80, 0xbf,
  0x00, 0x00, 0x00, 0x80, 0x00, 0x00, 0x00, 0x80, 0x4a, 0xd7, 0x4c, 0xbe, 0x00, 0x00, 0x00, 0x80,
  0x2d, 0x03, 0x00, 0x00, 0xe8, 0x03, 0x00, 0x00, 0x3d, 0x00, 0x00, 0x00, 0x05, 0x03, 0x00, 0x00,
  0x2d, 0x03, 0x00, 0x00, 0xe8, 0x03, 0x00, 0x00, 0x3d, 0x00, 0x00, 0x00, 0x57, 0x00, 0x00, 0x00,
  0x2d, 0x03, 0x00, 0x00, 0xe8, 0x03, 0x00, 0x00, 0x58, 0x00, 0x00, 0x00, 0x05, 0x03, 0x00, 0x00,
  0x00, 0x00, 0x00, 0x00, 0x01, 0x00, 0x04, 0x04, 0xbc, 0x00, 0xae, 0x02, 0x01, 0x01, 0x01, 0x00,
  0xb3, 0x01, 0x7e, 0x00, 0x07, 0x00, 0x00, 0x00, 0x00, 0x00, 0x00, 0x00, 0x00, 0x00, 0x00, 0x00,
  0x00, 0x00, 0x00, 0x00, 0x00, 0x00, 0x00, 0x00, 0x10, 0x09, 0xf0, 0x06, 0x00, 0xf5, 0xfa, 0x02,
  0x00, 0x00, 0x00, 0x00, 0x00, 0x00, 0x00, 0x00, 0xf0, 0xfb, 0xef, 0x06, 0xf8, 0x07, 0xf0, 0x06,
  0x44, 0x41, 0x54, 0x41, 0xe4, 0x00, 0x00, 0x00, 0xf0, 0xfb, 0xef, 0x06, 0xa7, 0x00, 0x00, 0x00,
  0x01, 0x00, 0x00, 0x00, 0x08, 0xfd, 0xef, 0x06, 0x00, 0x00, 0x00, 0x00, 0x4f, 0x75, 0x74, 0x70,
  0x75, 0x74, 0x00, 0x00, 0x00, 0x00, 0x00, 0x00, 0x00, 0x00, 0x00, 0x00, 0x00, 0x00, 0x00, 0x00,
  0x00, 0x00, 0x00, 0x00, 0x00, 0x00, 0x00, 0x00, 0x00, 0x00, 0x00, 0x00, 0x00, 0x00, 0x00, 0x00,
  0x00, 0x00, 0x00, 0x00, 0x00, 0x00, 0x00, 0x00, 0x00, 0x00, 0x00, 0x00, 0x00, 0x00, 0x00, 0x00,
  0x00, 0x00, 0x00, 0x00, 0x00, 0x00, 0x00, 0x00, 0x00, 0x00, 0x00, 0x00, 0x52, 0x65, 0x6e, 0x64,
  0x65, 0x72, 0x00, 0x00, 0x00, 0x00, 0x00, 0x00, 0x00, 0x00, 0x00, 0x00, 0x00, 0x00, 0x00, 0x00,
  0x00, 0x00, 0x00, 0x00, 0x00, 0x00, 0x00, 0x00, 0x00, 0x00, 0x00, 0x00, 0x00, 0x00, 0x00, 0x00,
  0x00, 0x00, 0x00, 0x00, 0x00, 0x00, 0x00, 0x00, 0x00, 0x00, 0x00, 0x00, 0x00, 0x00, 0x00, 0x00,
  0x00, 0x00, 0x00, 0x00, 0x00, 0x00, 0x00, 0x00, 0x00, 0x00, 0x00, 0x00, 0x00, 0x00, 0x00, 0x00,
  0x00, 0x00, 0x00, 0x00, 0x00, 0x00, 0x00, 0x00, 0x00, 0x00, 0x00, 0x00, 0x00, 0x00, 0x00, 0x00,
  0x00, 0x00, 0x00, 0x00, 0x00, 0x00, 0x00, 0x00, 0x00, 0x00, 0x00, 0x00, 0x00, 0x00, 0x00, 0x00,
  0x00, 0x00, 0x00, 0x00, 0x00, 0x00, 0x00, 0x00, 0x00, 0x00, 0x00, 0x00, 0x00, 0x00, 0x00, 0x00,
  0x00, 0x00, 0x00, 0x00, 0x00, 0x00, 0x00, 0x00, 0x00, 0x00, 0x00, 0x00, 0x00, 0x00, 0x00, 0x00,
  0x3e, 0x01, 0xcc, 0x00, 0x00, 0x00, 0x00, 0x00, 0x01, 0x00, 0x00, 0x00, 0x00, 0x00, 0x00, 0x00,
  0x00, 0x00, 0x00, 0x00, 0x00, 0x00, 0x00, 0x00, 0x44, 0x41, 0x54, 0x41, 0xe4, 0x00, 0x00, 0x00,
  0x08, 0xfd, 0xef, 0x06, 0xa7, 0x00, 0x00, 0x00, 0x01, 0x00, 0x00, 0x00, 0x20, 0xfe, 0xef, 0x06,
  0xf0, 0xfb, 0xef, 0x06, 0x52, 0x65, 0x6e, 0x64, 0x65, 0x72, 0x00, 0x00, 0x00, 0x00, 0x00, 0x00,
  0x00, 0x00, 0x00, 0x00, 0x00, 0x00, 0x00, 0x00, 0x00, 0x00, 0x00, 0x00, 0x00, 0x00, 0x00, 0x00,
  0x00, 0x00, 0x00, 0x00, 0x00, 0x00, 0x00, 0x00, 0x00, 0x00, 0x00, 0x00, 0x00, 0x00, 0x00, 0x00,
  0x00, 0x00, 0x00, 0x00, 0x00, 0x00, 0x00, 0x00, 0x00, 0x00, 0x00, 0x00, 0x00, 0x00, 0x00, 0x00,
  0x00, 0x00, 0x00, 0x00, 0x52, 0x65, 0x6e, 0x64, 0x65, 0x72, 0x00, 0x00, 0x00, 0x00, 0x00, 0x00,
  0x00, 0x00, 0x00, 0x00, 0x00, 0x00, 0x00, 0x00, 0x00, 0x00, 0x00, 0x00, 0x00, 0x00, 0x00, 0x00,
  0x00, 0x00, 0x00, 0x00, 0x00, 0x00, 0x00, 0x00, 0x00, 0x00, 0x00, 0x00, 0x00, 0x00, 0x00, 0x00,
  0x00, 0x00, 0x00, 0x00, 0x00, 0x00, 0x00, 0x00, 0x00, 0x00, 0x00, 0x00, 0x00, 0x00, 0x00, 0x00,
  0x00, 0x00, 0x00, 0x00, 0x00, 0x00, 0x00, 0x00, 0x00, 0x00, 0x00, 0x00, 0x00, 0x00, 0x00, 0x00,
  0x00, 0x00, 0x00, 0x00, 0x00, 0x00, 0x00, 0x00, 0x00, 0x00, 0x00, 0x00, 0x00, 0x00, 0x00, 0x00,
  0x00, 0x00, 0x00, 0x00, 0x00, 0x00, 0x00, 0x00, 0x00, 0x00, 0x00, 0x00, 0x00, 0x00, 0x00, 0x00,
  0x00, 0x00, 0x00, 0x00, 0x00, 0x00, 0x00, 0x00, 0x00, 0x00, 0x00, 0x00, 0x00, 0x00, 0x00, 0x00,
  0x00, 0x00, 0x00, 0x00, 0x00, 0x00, 0x18, 0xff, 0x3e, 0x01, 0xcc, 0x00, 0x00, 0x00, 0x00, 0x00,
  0x01, 0x00, 0x00, 0x00, 0x00, 0x00, 0x00, 0x00, 0x00, 0x00, 0x00, 0x00, 0x00, 0x00, 0x00, 0x00,
  0x44, 0x41, 0x54, 0x41, 0xe4, 0x00, 0x00, 0x00, 0x20, 0xfe, 0xef, 0x06, 0xa7, 0x00, 0x00, 0x00,
  0x01, 0x00, 0x00, 0x00, 0x38, 0xff, 0xef, 0x06, 0x08, 0xfd, 0xef, 0x06, 0x41, 0x6e, 0x69, 0x6d,
  0x00, 0x00, 0x00, 0x00, 0x00, 0x00, 0x00, 0x00, 0x00, 0x00, 0x00, 0x00, 0x00, 0x00, 0x00, 0x00,
  0x00, 0x00, 0x00, 0x00, 0x00, 0x00, 0x00, 0x00, 0x00, 0x00, 0x00, 0x00, 0x00, 0x00, 0x00, 0x00,
  0x00, 0x00, 0x00, 0x00, 0x00, 0x00, 0x00, 0x00, 0x00, 0x00, 0x00, 0x00, 0x00, 0x00, 0x00, 0x00,
  0x00, 0x00, 0x00, 0x00, 0x00, 0x00, 0x00, 0x00, 0x00, 0x00, 0x00, 0x00, 0x52, 0x65, 0x6e, 0x64,
  0x65, 0x72, 0x00, 0x00, 0x00, 0x00, 0x00, 0x00, 0x00, 0x00, 0x00, 0x00, 0x00, 0x00, 0x00, 0x00,
  0x00, 0x00, 0x00, 0x00, 0x00, 0x00, 0x00, 0x00, 0x00, 0x00, 0x00, 0x00, 0x00, 0x00, 0x00, 0x00,
  0x00, 0x00, 0x00, 0x00, 0x00, 0x00, 0x00, 0x00, 0x00, 0x00, 0x00, 0x00, 0x00, 0x00, 0x00, 0x00,
  0x00, 0x00, 0x00, 0x00, 0x00, 0x00, 0x00, 0x00, 0x00, 0x00, 0x00, 0x00, 0x00, 0x00, 0x00, 0x00,
  0x00, 0x00, 0x00, 0x00, 0x00, 0x00, 0x00, 0x00, 0x00, 0x00, 0x00, 0x00, 0x00, 0x00, 0x00, 0x00,
  0x00, 0x00, 0x00, 0x00, 0x00, 0x00, 0x00, 0x00, 0x00, 0x00, 0x00, 0x00, 0x00, 0x00, 0x00, 0x00,
  0x00, 0x00, 0x00, 0x00, 0x00, 0x00, 0x00, 0x00, 0x00, 0x00, 0x00, 0x00, 0x00, 0x00, 0x00, 0x00,
  0x00, 0x00, 0x00, 0x00, 0x00, 0x00, 0x00, 0x00, 0x00, 0x00, 0x00, 0x00, 0x00, 0x00, 0x30, 0xfe,
  0x3e, 0x01, 0xcc, 0x00, 0x00, 0x00, 0x00, 0x00, 0x01, 0x00, 0x00, 0x00, 0x00, 0x00, 0x00, 0x00,
  0x00, 0x00, 0x00, 0x00, 0x00, 0x00, 0x00, 0x00, 0x44, 0x41, 0x54, 0x41, 0xe4, 0x00, 0x00, 0x00,
  0x38, 0xff, 0xef, 0x06, 0xa7, 0x00, 0x00, 0x00, 0x01, 0x00, 0x00, 0x00, 0x50, 0x00, 0xf0, 0x06,
  0x20, 0xfe, 0xef, 0x06, 0x46, 0x6f, 0x72, 0x6d, 0x61, 0x74, 0x00, 0x00, 0x00, 0x00, 0x00, 0x00,
  0x00, 0x00, 0x00, 0x00, 0x00, 0x00, 0x00, 0x00, 0x00, 0x00, 0x00, 0x00, 0x00, 0x00, 0x00, 0x00,
  0x00, 0x00, 0x00, 0x00, 0x00, 0x00, 0x00, 0x00, 0x00, 0x00, 0x00, 0x00, 0x00, 0x00, 0x00, 0x00,
  0x00, 0x00, 0x00, 0x00, 0x00, 0x00, 0x00, 0x00, 0x00, 0x00, 0x00, 0x00, 0x00, 0x00, 0x00, 0x00,
  0x00, 0x00, 0x00, 0x00, 0x52, 0x65, 0x6e, 0x64, 0x65, 0x72, 0x00, 0x00, 0x00, 0x00, 0x00, 0x00,
  0x00, 0x00, 0x00, 0x00, 0x00, 0x00, 0x00, 0x00, 0x00, 0x00, 0x00, 0x00, 0x00, 0x00, 0x00, 0x00,
  0x00, 0x00, 0x00, 0x00, 0x00, 0x00, 0x00, 0x00, 0x00, 0x00, 0x00, 0x00, 0x00, 0x00, 0x00, 0x00,
  0x00, 0x00, 0x00, 0x00, 0x00, 0x00, 0x00, 0x00, 0x00, 0x00, 0x00, 0x00, 0x00, 0x00, 0x00, 0x00,
  0x00, 0x00, 0x00, 0x00, 0x00, 0x00, 0x00, 0x00, 0x00, 0x00, 0x00, 0x00, 0x00, 0x00, 0x00, 0x00,
  0x00, 0x00, 0x00, 0x00, 0x00, 0x00, 0x00, 0x00, 0x00, 0x00, 0x00, 0x00, 0x00, 0x00, 0x00, 0x00,
  0x00, 0x00, 0x00, 0x00, 0x00, 0x00, 0x00, 0x00, 0x00, 0x00, 0x00, 0x00, 0x00, 0x00, 0x00, 0x00,
  0x00, 0x00, 0x00, 0x00, 0x00, 0x00, 0x00, 0x00, 0x00, 0x00, 0x00, 0x00, 0x00, 0x00, 0x00, 0x00,
  0x00, 0x00, 0x00, 0x00, 0x00, 0x00, 0x48, 0xfd, 0x3e, 0x01, 0xcc, 0x00, 0x00, 0x00, 0x00, 0x00,
  0x01, 0x00, 0x00, 0x00, 0x00, 0x00, 0x00, 0x00, 0x00, 0x00, 0x00, 0x00, 0x00, 0x00, 0x00, 0x00,
  0x44, 0x41, 0x54, 0x41, 0xe4, 0x00, 0x00, 0x00, 0x50, 0x00, 0xf0, 0x06, 0xa7, 0x00, 0x00, 0x00,
  0x01, 0x00, 0x00, 0x00, 0x68, 0x01, 0xf0, 0x06, 0x38, 0xff, 0xef, 0x06, 0x50, 0x72, 0x65, 0x76,
  0x69, 0x65, 0x77, 0x00, 0x00, 0x00, 0x00, 0x00, 0x00, 0x00, 0x00, 0x00, 0x00, 0x00, 0x00, 0x00,
  0x00, 0x00, 0x00, 0x00, 0x00, 0x00, 0x00, 0x00, 0x00, 0x00, 0x00, 0x00, 0x00, 0x00, 0x00, 0x00,
  0x00, 0x00, 0x00, 0x00, 0x00, 0x00, 0x00, 0x00, 0x00, 0x00, 0x00, 0x00, 0x00, 0x00, 0x00, 0x00,
  0x00, 0x00, 0x00, 0x00, 0x00, 0x00, 0x00, 0x00, 0x00, 0x00, 0x00, 0x00, 0x4d, 0x61, 0x74, 0x65,
  0x72, 0x69, 0x61, 0x6c, 0x00, 0x00, 0x00, 0x00, 0x00, 0x00, 0x00, 0x00, 0x00, 0x00, 0x00, 0x00,
  0x00, 0x00, 0x00, 0x00, 0x00, 0x00, 0x00, 0x00, 0x00, 0x00, 0x00, 0x00, 0x00, 0x00, 0x00, 0x00,
  0x00, 0x00, 0x00, 0x00, 0x00, 0x00, 0x00, 0x00, 0x00, 0x00, 0x00, 0x00, 0x00, 0x00, 0x00, 0x00,
  0x00, 0x00, 0x00, 0x00, 0x00, 0x00, 0x00, 0x00, 0x00, 0x00, 0x00, 0x00, 0x00, 0x00, 0x00, 0x00,
  0x00, 0x00, 0x00, 0x00, 0x00, 0x00, 0x00, 0x00, 0x00, 0x00, 0x00, 0x00, 0x00, 0x00, 0x00, 0x00,
  0x00, 0x00, 0x00, 0x00, 0x00, 0x00, 0x00, 0x00, 0x00, 0x00, 0x00, 0x00, 0x00, 0x00, 0x00, 0x00,
  0x00, 0x00, 0x00, 0x00, 0x00, 0x00, 0x00, 0x00, 0x00, 0x00, 0x00, 0x00, 0x00, 0x00, 0x00, 0x00,
  0x00, 0x00, 0x00, 0x00, 0x00, 0x00, 0x00, 0x00, 0x00, 0x00, 0x00, 0x00, 0x00, 0x00, 0x00, 0x00,
  0x3e, 0x01, 0xcc, 0x00, 0x00, 0x00, 0x00, 0x00, 0x01, 0x00, 0x00, 0x00, 0x00, 0x00, 0x00, 0x00,
  0x00, 0x00, 0x00, 0x00, 0x00, 0x00, 0x00, 0x00, 0x44, 0x41, 0x54, 0x41, 0xe4, 0x00, 0x00, 0x00,
  0x68, 0x01, 0xf0, 0x06, 0xa7, 0x00, 0x00, 0x00, 0x01, 0x00, 0x00, 0x00, 0x80, 0x02, 0xf0, 0x06,
  0x50, 0x00, 0xf0, 0x06, 0x4d, 0x61, 0x74, 0x65, 0x72, 0x69, 0x61, 0x6c, 0x00, 0x00, 0x00, 0x00,
  0x00, 0x00, 0x00, 0x00, 0x00, 0x00, 0x00, 0x00, 0x00, 0x00, 0x00, 0x00, 0x00, 0x00, 0x00, 0x00,
  0x00, 0x00, 0x00, 0x00, 0x00, 0x00, 0x00, 0x00, 0x00, 0x00, 0x00, 0x00, 0x00, 0x00, 0x00, 0x00,
  0x00, 0x00, 0x00, 0x00, 0x00, 0x00, 0x00, 0x00, 0x00, 0x00, 0x00, 0x00, 0x00, 0x00, 0x00, 0x00,
  0x00, 0x00, 0x00, 0x00, 0x4d, 0x61, 0x74, 0x65, 0x72, 0x69, 0x61, 0x6c, 0x00, 0x00, 0x00, 0x00,
  0x00, 0x00, 0x00, 0x00, 0x00, 0x00, 0x00, 0x00, 0x00, 0x00, 0x00, 0x00, 0x00, 0x00, 0x00, 0x00,
  0x00, 0x00, 0x00, 0x00, 0x00, 0x00, 0x00, 0x00, 0x00, 0x00, 0x00, 0x00, 0x00, 0x00, 0x00, 0x00,
  0x00, 0x00, 0x00, 0x00, 0x00, 0x00, 0x00, 0x00, 0x00, 0x00, 0x00, 0x00, 0x00, 0x00, 0x00, 0x00,
  0x00, 0x00, 0x00, 0x00, 0x00, 0x00, 0x00, 0x00, 0x00, 0x00, 0x00, 0x00, 0x00, 0x00, 0x00, 0x00,
  0x00, 0x00, 0x00, 0x00, 0x00, 0x00, 0x00, 0x00, 0x00, 0x00, 0x00, 0x00, 0x00, 0x00, 0x00, 0x00,
  0x00, 0x00, 0x00, 0x00, 0x00, 0x00, 0x00, 0x00, 0x00, 0x00, 0x00, 0x00, 0x00, 0x00, 0x00, 0x00,
  0x00, 0x00, 0x00, 0x00, 0x00, 0x00, 0x00, 0x00, 0x00, 0x00, 0x00, 0x00, 0x00, 0x00, 0x00, 0x00,
  0x00, 0x00, 0x00, 0x00, 0x00, 0x00, 0x18, 0xff, 0x3e, 0x01, 0xcc, 0x00, 0x00, 0x00, 0x00, 0x00,
  0x01, 0x00, 0x00, 0x00, 0x00, 0x00, 0x00, 0x00, 0x00, 0x00, 0x00, 0x00, 0x00, 0x00, 0x00, 0x00,
  0x44, 0x41, 0x54, 0x41, 0xe4, 0x00, 0x00, 0x00, 0x80, 0x02, 0xf0, 0x06, 0xa7, 0x00, 0x00, 0x00,
  0x01, 0x00, 0x00, 0x00, 0x98, 0x03, 0xf0, 0x06, 0x68, 0x01, 0xf0, 0x06, 0x53, 0x68, 0x61, 0x64,
  0x65, 0x72, 0x73, 0x00, 0x00, 0x00, 0x00, 0x00, 0x00, 0x00, 0x00, 0x00, 0x00, 0x00, 0x00, 0x00,
  0x00, 0x00, 0x00, 0x00, 0x00, 0x00, 0x00, 0x00, 0x00, 0x00, 0x00, 0x00, 0x00, 0x00, 0x00, 0x00,
  0x00, 0x00, 0x00, 0x00, 0x00, 0x00, 0x00, 0x00, 0x00, 0x00, 0x00, 0x00, 0x00, 0x00, 0x00, 0x00,
  0x00, 0x00, 0x00, 0x00, 0x00, 0x00, 0x00, 0x00, 0x00, 0x00, 0x00, 0x00, 0x4d, 0x61, 0x74, 0x65,
  0x72, 0x69, 0x61, 0x6c, 0x00, 0x00, 0x00, 0x00, 0x00, 0x00, 0x00, 0x00, 0x00, 0x00, 0x00, 0x00,
  0x00, 0x00, 0x00, 0x00, 0x00, 0x00, 0x00, 0x00, 0x00, 0x00, 0x00, 0x00, 0x00, 0x00, 0x00, 0x00,
  0x00, 0x00, 0x00, 0x00, 0x00, 0x00, 0x00, 0x00, 0x00, 0x00, 0x00, 0x00, 0x00, 0x00, 0x00, 0x00,
  0x00, 0x00, 0x00, 0x00, 0x00, 0x00, 0x00, 0x00, 0x00, 0x00, 0x00, 0x00, 0x00, 0x00, 0x00, 0x00,
  0x00, 0x00, 0x00, 0x00, 0x00, 0x00, 0x00, 0x00, 0x00, 0x00, 0x00, 0x00, 0x00, 0x00, 0x00, 0x00,
  0x00, 0x00, 0x00, 0x00, 0x00, 0x00, 0x00, 0x00, 0x00, 0x00, 0x00, 0x00, 0x00, 0x00, 0x00, 0x00,
  0x00, 0x00, 0x00, 0x00, 0x00, 0x00, 0x00, 0x00, 0x00, 0x00, 0x00, 0x00, 0x00, 0x00, 0x00, 0x00,
  0x00, 0x00, 0x00, 0x00, 0x00, 0x00, 0x00, 0x00, 0x00, 0x00, 0x00, 0x00, 0x00, 0x00, 0x30, 0xfe,
  0x3e, 0x01, 0xcc, 0x00, 0x00, 0x00, 0x00, 0x00, 0x01, 0x00, 0x00, 0x00, 0x00, 0x00, 0x00, 0x00,
  0x00, 0x00, 0x00, 0x00, 0x00, 0x00, 0x00, 0x00, 0x44, 0x41, 0x54, 0x41, 0xe4, 0x00, 0x00, 0x00,
  0x98, 0x03, 0xf0, 0x06, 0xa7, 0x00, 0x00, 0x00, 0x01, 0x00, 0x00, 0x00, 0xb0, 0x04, 0xf0, 0x06,
  0x80, 0x02, 0xf0, 0x06, 0x54, 0x65, 0x78, 0x74, 0x75, 0x72, 0x65, 0x00, 0x00, 0x00, 0x00, 0x00,
  0x00, 0x00, 0x00, 0x00, 0x00, 0x00, 0x00, 0x00, 0x00, 0x00, 0x00, 0x00, 0x00, 0x00, 0x00, 0x00,
  0x00, 0x00, 0x00, 0x00, 0x00, 0x00, 0x00, 0x00, 0x00, 0x00, 0x00, 0x00, 0x00, 0x00, 0x00, 0x00,
  0x00, 0x00, 0x00, 0x00, 0x00, 0x00, 0x00, 0x00, 0x00, 0x00, 0x00, 0x00, 0x00, 0x00, 0x00, 0x00,
  0x00, 0x00, 0x00, 0x00, 0x4d, 0x61, 0x74, 0x65, 0x72, 0x69, 0x61, 0x6c, 0x00, 0x00, 0x00, 0x00,
  0x00, 0x00, 0x00, 0x00, 0x00, 0x00, 0x00, 0x00, 0x00, 0x00, 0x00, 0x00, 0x00, 0x00, 0x00, 0x00,
  0x00, 0x00, 0x00, 0x00, 0x00, 0x00, 0x00, 0x00, 0x00, 0x00, 0x00, 0x00, 0x00, 0x00, 0x00, 0x00,
  0x00, 0x00, 0x00, 0x00, 0x00, 0x00, 0x00, 0x00, 0x00, 0x00, 0x00, 0x00, 0x00, 0x00, 0x00, 0x00,
  0x00, 0x00, 0x00, 0x00, 0x00, 0x00, 0x00, 0x00, 0x00, 0x00, 0x00, 0x00, 0x00, 0x00, 0x00, 0x00,
  0x00, 0x00, 0x00, 0x00, 0x00, 0x00, 0x00, 0x00, 0x00, 0x00, 0x00, 0x00, 0x00, 0x00, 0x00, 0x00,
  0x00, 0x00, 0x00, 0x00, 0x00, 0x00, 0x00, 0x00, 0x00, 0x00, 0x00, 0x00, 0x00, 0x00, 0x00, 0x00,
  0x00, 0x00, 0x00, 0x00, 0x00, 0x00, 0x00, 0x00, 0x00, 0x00, 0x00, 0x00, 0x00, 0x00, 0x00, 0x00,
  0x00, 0x00, 0x00, 0x00, 0x00, 0x00, 0x44, 0xfc, 0x3e, 0x01, 0xcc, 0x00, 0x00, 0x00, 0x00, 0x00,
  0x01, 0x00, 0x00, 0x00, 0x00, 0x00, 0x00, 0x00, 0x00, 0x00, 0x00, 0x00, 0x00, 0x00, 0x00, 0x00,
  0x44, 0x41, 0x54, 0x41, 0xe4, 0x00, 0x00, 0x00, 0xb0, 0x04, 0xf0, 0x06, 0xa7, 0x00, 0x00, 0x00,
  0x01, 0x00, 0x00, 0x00, 0xc8, 0x05, 0xf0, 0x06, 0x98, 0x03, 0xf0, 0x06, 0x4d, 0x61, 0x70, 0x20,
  0x49, 0x6e, 0x70, 0x75, 0x74, 0x00, 0x00, 0x00, 0x00, 0x00, 0x00, 0x00, 0x00, 0x00, 0x00, 0x00,
  0x00, 0x00, 0x00, 0x00, 0x00, 0x00, 0x00, 0x00, 0x00, 0x00, 0x00, 0x00, 0x00, 0x00, 0x00, 0x00,
  0x00, 0x00, 0x00, 0x00, 0x00, 0x00, 0x00, 0x00, 0x00, 0x00, 0x00, 0x00, 0x00, 0x00, 0x00, 0x00,
  0x00, 0x00, 0x00, 0x00, 0x00, 0x00, 0x00, 0x00, 0x00, 0x00, 0x00, 0x00, 0x4d, 0x61, 0x74, 0x65,
  0x72, 0x69, 0x61, 0x6c, 0x00, 0x00, 0x00, 0x00, 0x00, 0x00, 0x00, 0x00, 0x00, 0x00, 0x00, 0x00,
  0x00, 0x00, 0x00, 0x00, 0x00, 0x00, 0x00, 0x00, 0x00, 0x00, 0x00, 0x00, 0x00, 0x00, 0x00, 0x00,
  0x00, 0x00, 0x00, 0x00, 0x00, 0x00, 0x00, 0x00, 0x00, 0x00, 0x00, 0x00, 0x00, 0x00, 0x00, 0x00,
  0x00, 0x00, 0x00, 0x00, 0x00, 0x00, 0x00, 0x00, 0x00, 0x00, 0x00, 0x00, 0x00, 0x00, 0x00, 0x00,
  0x00, 0x00, 0x00, 0x00, 0x00, 0x00, 0x00, 0x00, 0x00, 0x00, 0x00, 0x00, 0x00, 0x00, 0x00, 0x00,
  0x00, 0x00, 0x00, 0x00, 0x00, 0x00, 0x00, 0x00, 0x00, 0x00, 0x00, 0x00, 0x00, 0x00, 0x00, 0x00,
  0x00, 0x00, 0x00, 0x00, 0x00, 0x00, 0x00, 0x00, 0x00, 0x00, 0x00, 0x00, 0x00, 0x00, 0x00, 0x00,
  0x00, 0x00, 0x00, 0x00, 0x00, 0x00, 0x00, 0x00, 0x00, 0x00, 0x00, 0x00, 0x00, 0x00, 0x5c, 0xfb,
  0x3e, 0x01, 0xcc, 0x00, 0x00, 0x00, 0x00, 0x00, 0x01, 0x00, 0x00, 0x00, 0x00, 0x00, 0x00, 0x00,
  0x00, 0x00, 0x00, 0x00, 0x00, 0x00, 0x00, 0x00, 0x44, 0x41, 0x54, 0x41, 0xe4, 0x00, 0x00, 0x00,
  0xc8, 0x05, 0xf0, 0x06, 0xa7, 0x00, 0x00, 0x00, 0x01, 0x00, 0x00, 0x00, 0xe0, 0x06, 0xf0, 0x06,
  0xb0, 0x04, 0xf0, 0x06, 0x4d, 0x61, 0x70, 0x20, 0x54, 0x6f, 0x00, 0x00, 0x00, 0x00, 0x00, 0x00,
  0x00, 0x00, 0x00, 0x00, 0x00, 0x00, 0x00, 0x00, 0x00, 0x00, 0x00, 0x00, 0x00, 0x00, 0x00, 0x00,
  0x00, 0x00, 0x00, 0x00, 0x00, 0x00, 0x00, 0x00, 0x00, 0x00, 0x00, 0x00, 0x00, 0x00, 0x00, 0x00,
  0x00, 0x00, 0x00, 0x00, 0x00, 0x00, 0x00, 0x00, 0x00, 0x00, 0x00, 0x00, 0x00, 0x00, 0x00, 0x00,
  0x00, 0x00, 0x00, 0x00, 0x4d, 0x61, 0x74, 0x65, 0x72, 0x69, 0x61, 0x6c, 0x00, 0x00, 0x00, 0x00,
  0x00, 0x00, 0x00, 0x00, 0x00, 0x00, 0x00, 0x00, 0x00, 0x00, 0x00, 0x00, 0x00, 0x00, 0x00, 0x00,
  0x00, 0x00, 0x00, 0x00, 0x00, 0x00, 0x00, 0x00, 0x00, 0x00, 0x00, 0x00, 0x00, 0x00, 0x00, 0x00,
  0x00, 0x00, 0x00, 0x00, 0x00, 0x00, 0x00, 0x00, 0x00, 0x00, 0x00, 0x00, 0x00, 0x00, 0x00, 0x00,
  0x00, 0x00, 0x00, 0x00, 0x00, 0x00, 0x00, 0x00, 0x00, 0x00, 0x00, 0x00, 0x00, 0x00, 0x00, 0x00,
  0x00, 0x00, 0x00, 0x00, 0x00, 0x00, 0x00, 0x00, 0x00, 0x00, 0x00, 0x00, 0x00, 0x00, 0x00, 0x00,
  0x00, 0x00, 0x00, 0x00, 0x00, 0x00, 0x00, 0x00, 0x00, 0x00, 0x00, 0x00, 0x00, 0x00, 0x00, 0x00,
  0x00, 0x00, 0x00, 0x00, 0x00, 0x00, 0x00, 0x00, 0x00, 0x00, 0x00, 0x00, 0x00, 0x00, 0x00, 0x00,
  0x00, 0x00, 0x00, 0x00, 0x00, 0x00, 0x60, 0xfc, 0x3e, 0x01, 0xcc, 0x00, 0x04, 0x00, 0x00, 0x00,
  0x01, 0x00, 0x00, 0x00, 0x00, 0x00, 0x00, 0x00, 0x00, 0x00, 0x00, 0x00, 0x00, 0x00, 0x00, 0x00,
  0x44, 0x41, 0x54, 0x41, 0xe4, 0x00, 0x00, 0x00, 0xe0, 0x06, 0xf0, 0x06, 0xa7, 0x00, 0x00, 0x00,
  0x01, 0x00, 0x00, 0x00, 0xf8, 0x07, 0xf0, 0x06, 0xc8, 0x05, 0xf0, 0x06, 0x52, 0x61, 0x6d, 0x70,
  0x73, 0x00, 0x00, 0x00, 0x00, 0x00, 0x00, 0x00, 0x00, 0x00, 0x00, 0x00, 0x00, 0x00, 0x00, 0x00,
  0x00, 0x00, 0x00, 0x00, 0x00, 0x00, 0x00, 0x00, 0x00, 0x00, 0x00, 0x00, 0x00, 0x00, 0x00, 0x00,
  0x00, 0x00, 0x00, 0x00, 0x00, 0x00, 0x00, 0x00, 0x00, 0x00, 0x00, 0x00, 0x00, 0x00, 0x00, 0x00,
  0x00, 0x00, 0x00, 0x00, 0x00, 0x00, 0x00, 0x00, 0x00, 0x00, 0x00, 0x00, 0x4d, 0x61, 0x74, 0x65,
  0x72, 0x69, 0x61, 0x6c, 0x00, 0x00, 0x00, 0x00, 0x00, 0x00, 0x00, 0x00, 0x00, 0x00, 0x00, 0x00,
  0x00, 0x00, 0x00, 0x00, 0x00, 0x00, 0x00, 0x00, 0x00, 0x00, 0x00, 0x00, 0x00, 0x00, 0x00, 0x00,
  0x00, 0x00, 0x00, 0x00, 0x00, 0x00, 0x00, 0x00, 0x00, 0x00, 0x00, 0x00, 0x00, 0x00, 0x00, 0x00,
  0x00, 0x00, 0x00, 0x00, 0x00, 0x00, 0x00, 0x00, 0x00, 0x00, 0x00, 0x00, 0x00, 0x00, 0x00, 0x00,
  0x00, 0x00, 0x00, 0x00, 0x00, 0x00, 0x00, 0x00, 0x00, 0x00, 0x00, 0x00, 0x00, 0x00, 0x00, 0x00,
  0x00, 0x00, 0x00, 0x00, 0x00, 0x00, 0x00, 0x00, 0x00, 0x00, 0x00, 0x00, 0x00, 0x00, 0x00, 0x00,
  0x00, 0x00, 0x00, 0x00, 0x00, 0x00, 0x00, 0x00, 0x00, 0x00, 0x00, 0x00, 0x00, 0x00, 0x00, 0x00,
  0x00, 0x00, 0x00, 0x00, 0x00, 0x00, 0x00, 0x00, 0x00, 0x00, 0x00, 0x00, 0x00, 0x00, 0x18, 0xff,
  0x3e, 0x01, 0xcc, 0x00, 0x00, 0x00, 0x00, 0x00, 0x01, 0x00, 0x00, 0x00, 0x00, 0x00, 0x00, 0x00,
  0x00, 0x00, 0x00, 0x00, 0x68, 0x01, 0xf0, 0x06, 0x44, 0x41, 0x54, 0x41, 0xe4, 0x00, 0x00, 0x00,
  0xf8, 0x07, 0xf0, 0x06, 0xa7, 0x00, 0x00, 0x00, 0x01, 0x00, 0x00, 0x00, 0x00, 0x00, 0x00, 0x00,
  0xe0, 0x06, 0xf0, 0x06, 0x4d, 0x69, 0x72, 0x72, 0x6f, 0x72, 0x20, 0x54, 0x72, 0x61, 0x6e, 0x73,
  0x70, 0x00, 0x00, 0x00, 0x00, 0x00, 0x00, 0x00, 0x00, 0x00, 0x00, 0x00, 0x00, 0x00, 0x00, 0x00,
  0x00, 0x00, 0x00, 0x00, 0x00, 0x00, 0x00, 0x00, 0x00, 0x00, 0x00, 0x00, 0x00, 0x00, 0x00, 0x00,
  0x00, 0x00, 0x00, 0x00, 0x00, 0x00, 0x00, 0x00, 0x00, 0x00, 0x00, 0x00, 0x00, 0x00, 0x00, 0x00,
  0x00, 0x00, 0x00, 0x00, 0x4d, 0x61, 0x74, 0x65, 0x72, 0x69, 0x61, 0x6c, 0x00, 0x00, 0x00, 0x00,
  0x00, 0x00, 0x00, 0x00, 0x00, 0x00, 0x00, 0x00, 0x00, 0x00, 0x00, 0x00, 0x00, 0x00, 0x00, 0x00,
  0x00, 0x00, 0x00, 0x00, 0x00, 0x00, 0x00, 0x00, 0x00, 0x00, 0x00, 0x00, 0x00, 0x00, 0x00, 0x00,
  0x00, 0x00, 0x00, 0x00, 0x00, 0x00, 0x00, 0x00, 0x00, 0x00, 0x00, 0x00, 0x00, 0x00, 0x00, 0x00,
  0x00, 0x00, 0x00, 0x00, 0x00, 0x00, 0x00, 0x00, 0x00, 0x00, 0x00, 0x00, 0x00, 0x00, 0x00, 0x00,
  0x00, 0x00, 0x00, 0x00, 0x00, 0x00, 0x00, 0x00, 0x00, 0x00, 0x00, 0x00, 0x00, 0x00, 0x00, 0x00,
  0x00, 0x00, 0x00, 0x00, 0x00, 0x00, 0x00, 0x00, 0x00, 0x00, 0x00, 0x00, 0x00, 0x00, 0x00, 0x00,
  0x00, 0x00, 0x00, 0x00, 0x00, 0x00, 0x00, 0x00, 0x00, 0x00, 0x00, 0x00, 0x00, 0x00, 0x00, 0x00,
  0x00, 0x00, 0x00, 0x00, 0x00, 0x00, 0x48, 0xfd, 0x3e, 0x01, 0xcc, 0x00, 0x00, 0x00, 0x00, 0x00,
  0x01, 0x00, 0x00, 0x00, 0x00, 0x00, 0x00, 0x00, 0x00, 0x00, 0x00, 0x00, 0x00, 0x00, 0x00, 0x00,
  0x44, 0x41, 0x54, 0x41, 0xdc, 0x00, 0x00, 0x00, 0x10, 0x09, 0xf0, 0x06, 0x92, 0x00, 0x00, 0x00,
  0x01, 0x00, 0x00, 0x00, 0xe8, 0x1d, 0xfb, 0x02, 0x00, 0x00, 0x00, 0x00, 0x04, 0x00, 0x00, 0x00,
  0x33, 0x33, 0x33, 0x3f, 0xc0, 0x2a, 0x9f, 0xf3, 0x00, 0x00, 0x00, 0x00, 0x00, 0x00, 0x00, 0x00,
  0x00, 0x00, 0x00, 0x00, 0x00, 0x00, 0x00, 0x00, 0x00, 0x00, 0x00, 0x00, 0x00, 0x00, 0x00, 0x00,
  0x02, 0x00, 0x00, 0x00, 0x00, 0x00, 0x00, 0xc1, 0x00, 0x00, 0xa3, 0x43, 0x00, 0x80, 0x94, 0xc4,
  0x00, 0x00, 0x68, 0x43, 0x00, 0x00, 0x00, 0xc1, 0x00, 0x00, 0xa3, 0x43, 0xaa, 0xaf, 0x76, 0xc4,
  0xff, 0xff, 0x67, 0x43, 0x00, 0x00, 0x00, 0x00, 0x00, 0x00, 0x00, 0x00, 0x00, 0x00, 0x00, 0x00,
  0x00, 0x00, 0x00, 0x00, 0x00, 0x00, 0x00, 0x00, 0x00, 0x00, 0x00, 0x00, 0x00, 0x00, 0x00, 0x00,
  0x00, 0x00, 0x00, 0x00, 0x00, 0x00, 0x00, 0x00, 0x00, 0x00, 0x00, 0x00, 0x00, 0x00, 0x00, 0x00,
  0x00, 0x00, 0x00, 0x00, 0x00, 0x00, 0x80, 0x43, 0x00, 0x00, 0x28, 0x42, 0x00, 0x00, 0xc8, 0x44,
  0x00, 0x00, 0xe1, 0x43, 0x00, 0x00, 0x00, 0x3f, 0xe1, 0x7a, 0xb4, 0x3f, 0x00, 0x00, 0x01, 0x00,
  0x01, 0x00, 0x01, 0x00, 0xbc, 0x00, 0xae, 0x02, 0x00, 0x00, 0x00, 0x00, 0x00, 0x00, 0x00, 0x00,
  0x00, 0x00, 0x00, 0x00, 0x00, 0x00, 0x00, 0x00, 0x00, 0x00, 0x00, 0x00, 0x03, 0x00, 0x01, 0x00,
  0x00, 0x00, 0x03, 0x00, 0x00, 0x00, 0x00, 0x00, 0x01, 0x00, 0x00, 0x00, 0x00, 0x00, 0x00, 0x00,
  0x96, 0x01, 0x00, 0x00, 0x00, 0x00, 0x00, 0x00, 0x00, 0x00, 0x00, 0x00, 0x00, 0x00, 0x00, 0x00,
  0x44, 0x41, 0x54, 0x41, 0x1c, 0x03, 0x00, 0x00, 0xe8, 0x1d, 0xfb, 0x02, 0x8d, 0x00, 0x00, 0x00,
  0x01, 0x00, 0x00, 0x00, 0x00, 0x44, 0xf0, 0x06, 0x10, 0x09, 0xf0, 0x06, 0x01, 0x00, 0x00, 0x00,
  0x33, 0x33, 0x33, 0x3f, 0xc0, 0x2a, 0x9f, 0xf3, 0x00, 0x00, 0x00, 0x00, 0x00, 0x00, 0x00, 0x00,
  0x00, 0x00, 0x00, 0x00, 0x00, 0x00, 0x00, 0x00, 0xbc, 0x4a, 0x8c, 0x3e, 0xa6, 0xc2, 0x48, 0xbf,
  0x21, 0x84, 0x0e, 0x3f, 0x00, 0x00, 0x00, 0x00, 0x29, 0x78, 0x75, 0x3f, 0x87, 0x69, 0x36, 0x3e,
  0xc8, 0x50, 0x62, 0xbe, 0x00, 0x00, 0x00, 0x00, 0xef, 0xdc, 0x97, 0x3d, 0x1f, 0x28, 0x18, 0x3f,
  0x5e, 0xff, 0x4c, 0x3f, 0x00, 0x00, 0x00, 0x00, 0xaf, 0x95, 0x61, 0x3f, 0xe6, 0xbb, 0x8e, 0xbd,
  0x7a, 0xa6, 0xb6, 0xc1, 0x00, 0x00, 0x80, 0x3f, 0xba, 0x4a, 0x8c, 0x3e, 0x23, 0x78, 0x75, 0x3f,
  0xfe, 0xdc, 0x97, 0x3d, 0x00, 0x00, 0x00, 0x00, 0xa0, 0xc2, 0x48, 0xbf, 0x83, 0x69, 0x36, 0x3e,
  0x1e, 0x28, 0x18, 0x3f, 0x00, 0x00, 0x00, 0x00, 0x20, 0x84, 0x0e, 0x3f, 0xbe, 0x50, 0x62, 0xbe,
  0x5e, 0xff, 0x4c, 0x3f, 0x00, 0x00, 0x00, 0x00, 0x5c, 0xa0, 0x46, 0x41, 0xa2, 0x1c, 0xbc, 0xc0,
  0xe0, 0x11, 0x92, 0x41, 0x00, 0x00, 0x80, 0x3f, 0xc5, 0x34, 0x5b, 0x3f, 0xe4, 0x94, 0x5b, 0xbf,
  0xba, 0x92, 0x0e, 0xbf, 0x21, 0x84, 0x0e, 0xbf, 0xdf, 0xc5, 0x3f, 0x40, 0x6a, 0x83, 0x47, 0x3e,
  0xf6, 0x67, 0x62, 0x3e, 0xc8, 0x50, 0x62, 0x3e, 0x34, 0x49, 0x6d, 0x3e, 0xe1, 0x6b, 0x26, 0x3f,
  0x5d, 0x14, 0x4d, 0xbf, 0x5e, 0xff, 0x4c, 0xbf, 0xf0, 0x3c, 0x30, 0x40, 0x82, 0x1d, 0x9c, 0xbd,
  0x80, 0x1f, 0xb5, 0x41, 0x7a, 0xa6, 0xb6, 0x41, 0xfc, 0x92, 0xb3, 0x3d, 0xad, 0x19, 0x9d, 0x3e,
  0x4b, 0x63, 0xc2, 0x3c, 0x00, 0x00, 0xa5, 0x32, 0xd6, 0x8d, 0x37, 0xbf, 0xc0, 0xc7, 0x26, 0x3e,
  0xb0, 0x1c, 0x0b, 0x3f, 0x00, 0x80, 0x18, 0xb5, 0xa7, 0x3a, 0x78, 0xc2, 0xb8, 0x16, 0xeb, 0x41,
  0x31, 0x8c, 0xb6, 0xc2, 0x1b, 0xf7, 0x9f, 0xc0, 0x05, 0x1a, 0x76, 0x42, 0x2c, 0x6a, 0xe9, 0xc1,
  0xe6, 0x04, 0xb5, 0x42, 0x7e, 0x07, 0xa0, 0x40, 0xff, 0xff, 0x47, 0x40, 0x00, 0x00, 0x00, 0x00,
  0x00, 0x00, 0x00, 0x00, 0x00, 0x00, 0x00, 0x00, 0x00, 0x00, 0x00, 0x00, 0xff, 0xff, 0x8b, 0x3f,
  0x00, 0x00, 0x00, 0x00, 0x00, 0x00, 0x00, 0x00, 0x00, 0x00, 0x00, 0x00, 0x00, 0x00, 0x00, 0x00,
  0x1c, 0x0d, 0x80, 0xbf, 0x00, 0x00, 0x80, 0xbf, 0x00, 0x00, 0x00, 0x80, 0x00, 0x00, 0x00, 0x80,
  0x4a, 0xd7, 0x4c, 0xbe, 0x00, 0x00, 0x00, 0x80, 0xbc, 0x4a, 0x8c, 0x3e, 0xa6, 0xc2, 0x48, 0xbf,
  0x21, 0x84, 0x0e, 0x3f, 0x00, 0x00, 0x00, 0x00, 0x29, 0x78, 0x75, 0x3f, 0x87, 0x69, 0x36, 0x3e,
  0xc8, 0x50, 0x62, 0xbe, 0x00, 0x00, 0x00, 0x00, 0xef, 0xdc, 0x97, 0x3d, 0x1f, 0x28, 0x18, 0x3f,
  0x5e, 0xff, 0x4c, 0x3f, 0x00, 0x00, 0x00, 0x00, 0xaf, 0x95, 0x61, 0x3f, 0xe6, 0xbb, 0x8e, 0xbd,
  0x7a, 0xa6, 0xb6, 0xc1, 0x00, 0x00, 0x80, 0x3f, 0xda, 0x1f, 0x40, 0x3f, 0x24, 0x11, 0x8b, 0xbe,
  0xb6, 0x9a, 0x24, 0xbe, 0x9c, 0xa5, 0x14, 0xbf, 0xdd, 0x4f, 0xbb, 0x41, 0x00, 0x00, 0x00, 0x00,
  0x00, 0x00, 0x00, 0x00, 0x01, 0x00, 0x00, 0x00, 0x28, 0x45, 0x01, 0x03, 0x00, 0x00, 0x00, 0x00,
  0x00, 0x00, 0x00, 0x00, 0x00, 0x00, 0x00, 0x00, 0x00, 0x00, 0x00, 0x00, 0x00, 0x00, 0x00, 0x00,
  0x00, 0x00, 0x00, 0x00, 0x00, 0x00, 0x00, 0x00, 0x00, 0x00, 0x00, 0x00, 0x00, 0x00, 0x00, 0x00,
  0x00, 0x00, 0x00, 0x00, 0x00, 0x00, 0x00, 0x00, 0x00, 0x00, 0x00, 0x00, 0x00, 0x00, 0x00, 0x00,
  0x00, 0x00, 0x00, 0x00, 0x03, 0x00, 0x00, 0x00, 0x01, 0x00, 0x00, 0x00, 0x01, 0x00, 0x00, 0x00,
  0x01, 0x00, 0x03, 0x00, 0x0a, 0x00, 0x00, 0x00, 0x00, 0x00, 0x0c, 0x42, 0x00, 0x00, 0x80, 0x3f,
  0x00, 0x00, 0x00, 0x00, 0x00, 0x00, 0x00, 0x00, 0xcd, 0xcc, 0xcc, 0x3d, 0x00, 0x00, 0xfa, 0x43,
  0x00, 0x00, 0x00, 0x00, 0x00, 0x00, 0x00, 0x00, 0x68, 0xd9, 0x1e, 0x3f, 0x6a, 0x28, 0x34, 0x3f,
  0x74, 0x27, 0xfb, 0x3e, 0x00, 0x00, 0x00, 0x00, 0x00, 0x00, 0x00, 0x00, 0x00, 0x00, 0x00, 0x00,
  0x64, 0x00, 0x00, 0x00, 0x07, 0x00, 0xaf, 0x00, 0x00, 0x00, 0x00, 0x00, 0x01, 0x00, 0x00, 0x00,
  0x00, 0x00, 0x00, 0x00, 0x00, 0x00, 0x00, 0x00, 0x00, 0x00, 0x00, 0x00, 0x00, 0x00, 0x00, 0x00,
  0x00, 0x00, 0x00, 0x00, 0x00, 0x00, 0x00, 0x00, 0x00, 0x00, 0x00, 0x00, 0x00, 0x00, 0x00, 0x00,
  0x00, 0x00, 0x00, 0x00, 0x00, 0x00, 0x00, 0x00, 0x00, 0x00, 0x00, 0x00, 0x00, 0x00, 0x00, 0x00,
  0x00, 0x00, 0x00, 0x00, 0x00, 0x00, 0x00, 0x00, 0x00, 0x00, 0x00, 0x00, 0x00, 0x00, 0x00, 0x00,
  0x00, 0x00, 0x00, 0x00, 0x00, 0x00, 0x00, 0x00, 0x00, 0x00, 0x00, 0x00, 0x00, 0x00, 0x00, 0x00,
  0x00, 0x00, 0x00, 0x00, 0x00, 0x00, 0x00, 0x00, 0x00, 0x00, 0x00, 0x00, 0x00, 0x00, 0x00, 0x00,
  0x00, 0x00, 0x00, 0x00, 0x00, 0x00, 0x00, 0x00, 0x00, 0x00, 0x00, 0x00, 0x00, 0x00, 0x00, 0x00,
  0x00, 0x00, 0x00, 0x00, 0x00, 0x00, 0x00, 0x00, 0x00, 0x00, 0x00, 0x00, 0x00, 0x00, 0x00, 0x00,
  0x00, 0x00, 0x00, 0x00, 0x00, 0x00, 0x00, 0x00, 0x00, 0x00, 0x00, 0x00, 0x00, 0x00, 0x00, 0x00,
  0x00, 0x00, 0x00, 0x00, 0x00, 0x00, 0x00, 0x18, 0x00, 0x00, 0x0a, 0x00, 0x00, 0x00, 0x00, 0x00,
  0x00, 0x00, 0x00, 0x00, 0x00, 0x00, 0x00, 0x00, 0x00, 0x00, 0x00, 0x00, 0x00, 0x00, 0x00, 0x00,
  0x00, 0x00, 0x00, 0x00, 0x00, 0x00, 0x00, 0x00, 0x00, 0x00, 0x00, 0x00, 0x00, 0x00, 0x00, 0x00,
  0x44, 0x41, 0x54, 0x41, 0x58, 0x01, 0x00, 0x00, 0x00, 0x44, 0xf0, 0x06, 0x91, 0x00, 0x00, 0x00,
  0x01, 0x00, 0x00, 0x00, 0x00, 0xf5, 0xfa, 0x02, 0xe8, 0x1d, 0xfb, 0x02, 0x02, 0x00, 0x00, 0x00,
  0x33, 0x33, 0x33, 0x3f, 0xc0, 0x2a, 0x9f, 0xf3, 0x00, 0x00, 0x00, 0x00, 0x00, 0x00, 0x00, 0x00,
  0x00, 0x00, 0x00, 0x00, 0x00, 0x00, 0x00, 0x00, 0x00, 0x00, 0x00, 0x00, 0x00, 0x00, 0x00, 0x00,
  0x00, 0x00, 0x00, 0x00, 0x00, 0x00, 0x7a, 0x43, 0x00, 0x00, 0x20, 0xc1, 0x00, 0x00, 0x20, 0x41,
  0x00, 0x00, 0x00, 0x00, 0x00, 0x00, 0x7a, 0x43, 0x00, 0x00, 0x20, 0xc1, 0x00, 0x00, 0x20, 0x41,
  0x00, 0x00, 0x00, 0x00, 0x00, 0x00, 0x00, 0x00, 0x00, 0x00, 0x00, 0x00, 0x00, 0x00, 0x00, 0x00,
  0x00, 0x00, 0x00, 0x00, 0x00, 0x00, 0x00, 0x00, 0x00, 0x00, 0x00, 0x00, 0x00, 0x00, 0x00, 0x00,
  0x00, 0x00, 0x00, 0x00, 0x00, 0x00, 0x00, 0x00, 0x00, 0x00, 0x00, 0x00, 0x00, 0x00, 0x00, 0x00,
  0x0a, 0xd7, 0x23, 0x3c, 0x0a, 0xd7, 0x23, 0x3c, 0x00, 0x60, 0x6a, 0x46, 0x00, 0x00, 0x7a, 0x44,
  0x00, 0x00, 0x00, 0x00, 0x00, 0x00, 0x00, 0x00, 0x09, 0x00, 0x00, 0x00, 0x00, 0x00, 0x00, 0x00,
  0x00, 0x00, 0x00, 0x00, 0x00, 0x00, 0x00, 0x00, 0x00, 0x00, 0x00, 0x00, 0x00, 0x00, 0x00, 0x00,
  0x00, 0x00, 0x00, 0x00, 0x00, 0x00, 0x00, 0x00, 0x00, 0x00, 0x00, 0x00, 0x00, 0x00, 0x00, 0x00,
  0x00, 0x00, 0x00, 0x00, 0x00, 0x00, 0x00, 0x00, 0x00, 0x00, 0x00, 0x00, 0x00, 0x00, 0x00, 0x00,
  0x00, 0x00, 0x00, 0x00, 0x00, 0x00, 0x00, 0x00, 0x00, 0x00, 0x00, 0x00, 0x00, 0x00, 0x00, 0x00,
  0x00, 0x00, 0x00, 0x00, 0x00, 0x00, 0x00, 0x00, 0x00, 0x00, 0x00, 0x00, 0x00, 0x00, 0x00, 0x00,
  0x00, 0x00, 0x00, 0x00, 0x00, 0x00, 0x00, 0x00, 0x00, 0x00, 0x00, 0x00, 0x00, 0x00, 0x00, 0x00,
  0x00, 0x00, 0x00, 0x00, 0x00, 0x00, 0x00, 0x00, 0x00, 0x00, 0x00, 0x00, 0x00, 0x00, 0x00, 0x00,
  0x00, 0x00, 0x00, 0x00, 0x00, 0x00, 0x00, 0x00, 0x00, 0x00, 0x00, 0x00, 0x00, 0x00, 0x00, 0x00,
  0x00, 0x00, 0x00, 0x00, 0x00, 0x00, 0x00, 0x00, 0x00, 0x00, 0x00, 0x00, 0x00, 0x00, 0x00, 0x00,
  0x00, 0x00, 0x00, 0x00, 0x00, 0x00, 0x4f, 0x42, 0x00, 0x00, 0x00, 0x00, 0x00, 0x00, 0x00, 0x00,
  0x00, 0x00, 0x00, 0x00, 0x00, 0x00, 0x00, 0x00, 0x00, 0x00, 0x00, 0x00, 0x00, 0x00, 0x00, 0x00,
  0x00, 0x00, 0x00, 0x00, 0x00, 0x00, 0x00, 0x00, 0x00, 0x00, 0x00, 0x00, 0x44, 0x41, 0x54, 0x41,
  0xc8, 0x01, 0x00, 0x00, 0x00, 0xf5, 0xfa, 0x02, 0x94, 0x00, 0x00, 0x00, 0x01, 0x00, 0x00, 0x00,
  0x00, 0x00, 0x00, 0x00, 0x00, 0x44, 0xf0, 0x06, 0x05, 0x00, 0x00, 0x00, 0x33, 0x33, 0x33, 0x3f,
  0xc0, 0x2a, 0x9f, 0xf3, 0x00, 0x00, 0x00, 0x00, 0x00, 0x00, 0x00, 0x00, 0x00, 0x00, 0x00, 0x00,
  0x00, 0x00, 0x00, 0x00, 0x00, 0x00, 0x00, 0x00, 0x3b, 0x00, 0x00, 0x00, 0x53, 0x41, 0x56, 0x45,
  0x20, 0x46, 0x49, 0x4c, 0x45, 0x00, 0x00, 0x00, 0x00, 0x00, 0x00, 0x00, 0x00, 0x00, 0x00, 0x00,
  0x00, 0x00, 0x00, 0x00, 0x2f, 0x75, 0x73, 0x72, 0x2f, 0x68, 0x6f, 0x6d, 0x65, 0x2f, 0x69, 0x6e,
  0x74, 0x72, 0x72, 0x2f, 0x62, 0x6c, 0x65, 0x6e, 0x64, 0x65, 0x72, 0x2f, 0x62, 0x6c, 0x65, 0x6e,
  0x64, 0x2f, 0x00, 0x00, 0x00, 0x00, 0x00, 0x00, 0x00, 0x00, 0x00, 0x00, 0x00, 0x00, 0x00, 0x00,
  0x00, 0x00, 0x00, 0x00, 0x00, 0x00, 0x00, 0x00, 0x00, 0x00, 0x00, 0x00, 0x00, 0x00, 0x00, 0x00,
  0x00, 0x00, 0x00, 0x00, 0x00, 0x00, 0x00, 0x00, 0x00, 0x00, 0x00, 0x00, 0x00, 0x00, 0x00, 0x00,
  0x00, 0x00, 0x00, 0x00, 0x00, 0x00, 0x00, 0x00, 0x00, 0x00, 0x00, 0x00, 0x00, 0x00, 0x00, 0x00,
  0x00, 0x00, 0x00, 0x00, 0x00, 0x00, 0x00, 0x00, 0x00, 0x00, 0x00, 0x00, 0x00, 0x00, 0x00, 0x00,
  0x00, 0x00, 0x00, 0x00, 0x00, 0x00, 0x00, 0x00, 0x00, 0x00, 0x00, 0x00, 0x00, 0x00, 0x00, 0x00,
  0x00, 0x00, 0x00, 0x00, 0x00, 0x00, 0x00, 0x00, 0x00, 0x00, 0x00, 0x00, 0x00, 0x00, 0x00, 0x00,
  0x00, 0x00, 0x00, 0x00, 0x00, 0x00, 0x00, 0x00, 0x00, 0x00, 0x00, 0x00, 0x00, 0x00, 0x00, 0x00,
  0x00, 0x00, 0x00, 0x00, 0x00, 0x00, 0x00, 0x00, 0x00, 0x00, 0x00, 0x00, 0x00, 0x00, 0x00, 0x00,
  0x00, 0x00, 0x00, 0x00, 0x00, 0x00, 0x00, 0x00, 0x00, 0x00, 0x00, 0x00, 0x00, 0x00, 0x00, 0x00,
  0x00, 0x00, 0x00, 0x00, 0x00, 0x00, 0x00, 0x00, 0x00, 0x00, 0x00, 0x00, 0x00, 0x00, 0x00, 0x00,
  0x00, 0x00, 0x00, 0x00, 0x00, 0x00, 0x00, 0x00, 0x00, 0x00, 0x00, 0x00, 0x00, 0x00, 0x00, 0x00,
  0x00, 0x00, 0x00, 0x00, 0x00, 0x00, 0x00, 0x00, 0x00, 0x00, 0x00, 0x00, 0x00, 0x00, 0x00, 0x00,
  0x00, 0x00, 0x00, 0x00, 0x75, 0x6e, 0x74, 0x69, 0x74, 0x6c, 0x65, 0x64, 0x2e, 0x62, 0x6c, 0x65,
  0x6e, 0x64, 0x00, 0x00, 0x00, 0x00, 0x00, 0x00, 0x00, 0x00, 0x00, 0x00, 0x00, 0x00, 0x00, 0x00,
  0x00, 0x00, 0x00, 0x00, 0x00, 0x00, 0x00, 0x00, 0x00, 0x00, 0x00, 0x00, 0x00, 0x00, 0x00, 0x00,
  0x00, 0x00, 0x00, 0x00, 0x00, 0x00, 0x00, 0x00, 0x00, 0x00, 0x00, 0x00, 0x00, 0x00, 0x00, 0x00,
  0x00, 0x00, 0x00, 0x00, 0x00, 0x00, 0x00, 0x00, 0x00, 0x00, 0x00, 0x00, 0x00, 0x00, 0x00, 0x00,
  0x00, 0x00, 0x00, 0x00, 0x08, 0x00, 0x18, 0x00, 0x01, 0x00, 0x00, 0x00, 0xcb, 0x00, 0x01, 0x00,
  0x00, 0x00, 0x00, 0x00, 0x00, 0x00, 0x00, 0x00, 0x00, 0x00, 0x00, 0x00, 0x00, 0x00, 0x00, 0x00,
  0x00, 0x00, 0x00, 0x00, 0x00, 0x00, 0x00, 0x00, 0xff, 0xff, 0x00, 0x00, 0x00, 0x00, 0x00, 0x00,
  0x00, 0x00, 0x00, 0x00, 0x00, 0x00, 0x00, 0x00, 0x00, 0x00, 0x00, 0x00, 0x00, 0x00, 0x00, 0x00,
  0x00, 0x00, 0x00, 0x00, 0x00, 0x00, 0x00, 0x00, 0x44, 0x41, 0x54, 0x41, 0xcc, 0x00, 0x00, 0x00,
  0x40, 0x6e, 0xfa, 0x02, 0xa8, 0x00, 0x00, 0x00, 0x01, 0x00, 0x00, 0x00, 0x40, 0x6f, 0xfa, 0x02,
  0x40, 0x6d, 0xfa, 0x02, 0xe8, 0xa2, 0xef, 0x06, 0x98, 0xa4, 0xef, 0x06, 0xe0, 0xa4, 0xef, 0x06,
  0x08, 0xa4, 0xef, 0x06, 0x00, 0x00, 0x00, 0x00, 0x55, 0xf0, 0x2e, 0x3d, 0x00, 0x00, 0x00, 0x00,
  0x00, 0x00, 0x00, 0x00, 0x00, 0x00, 0x00, 0x00, 0x00, 0x00, 0x00, 0x00, 0xed, 0x77, 0xce, 0x3d,
  0x00, 0x00, 0x00, 0x00, 0x00, 0x00, 0x00, 0x00, 0x00, 0x00, 0x00, 0x80, 0x00, 0x00, 0x00, 0x80,
  0x6f, 0x12, 0x03, 0xbb, 0x00, 0x00, 0x00, 0x80, 0x00, 0x00, 0x00, 0x00, 0x00, 0x00, 0x00, 0x00,
  0x00, 0x00, 0x00, 0x00, 0x00, 0x00, 0x80, 0x3f, 0x00, 0x00, 0x00, 0x00, 0x2b, 0x03, 0x00, 0x00,
  0x3d, 0x00, 0x00, 0x00, 0xaf, 0x01, 0x00, 0x00, 0x00, 0x00, 0x00, 0x00, 0x2b, 0x03, 0x00, 0x00,
  0x3d, 0x00, 0x00, 0x00, 0x57, 0x00, 0x00, 0x00, 0x00, 0x00, 0x00, 0x00, 0x2b, 0x03, 0x00, 0x00,
  0x58, 0x00, 0x00, 0x00, 0xaf, 0x01, 0x00, 0x00, 0x00, 0x00, 0x00, 0x00, 0x01, 0x00, 0x01, 0x01,
  0x2c, 0x03, 0x58, 0x01, 0x01, 0x00, 0x01, 0x00, 0xfb, 0x02, 0x00, 0x00, 0x07, 0x00, 0x00, 0x00,
  0x00, 0x00, 0x00, 0x00, 0x00, 0x00, 0x00, 0x00, 0x00, 0x00, 0x00, 0x00, 0x00, 0x00, 0x00, 0x00,
  0x50, 0x21, 0xfb, 0x02, 0xf8, 0xf6, 0xfa, 0x02, 0x00, 0x00, 0x00, 0x00, 0x00, 0x00, 0x00, 0x00,
  0x00, 0x00, 0x00, 0x00, 0x00, 0x00, 0x00, 0x00, 0x44, 0x41, 0x54, 0x41, 0x1c, 0x03, 0x00, 0x00,
  0x50, 0x21, 0xfb, 0x02, 0x8d, 0x00, 0x00, 0x00, 0x01, 0x00, 0x00, 0x00, 0x28, 0x0a, 0xf0, 0x06,
  0x00, 0x00, 0x00, 0x00, 0x01, 0x00, 0x00, 0x00, 0x33, 0x33, 0x33, 0x3f, 0xe0, 0xea, 0x80, 0xfd,
  0x00, 0x00, 0x00, 0x00, 0x00, 0x00, 0x00, 0x00, 0x00, 0x00, 0x00, 0x00, 0x00, 0x00, 0x00, 0x00,
  0x00, 0x00, 0x80, 0x3f, 0x00, 0x00, 0x00, 0x00, 0x00, 0x00, 0x00, 0x00, 0x00, 0x00, 0x00, 0x00,
  0x00, 0x00, 0x00, 0x00, 0x00, 0x00, 0x80, 0x3f, 0x00, 0x00, 0x00, 0x00, 0x00, 0x00, 0x00, 0x00,
  0x00, 0x00, 0x00, 0x00, 0x00, 0x00, 0x00, 0x00, 0x00, 0x00, 0x80, 0x3f, 0x00, 0x00, 0x00, 0x00,
  0x68, 0xd9, 0x1e, 0x3f, 0x6a, 0x28, 0x34, 0x3f, 0x74, 0x27, 0xfb, 0x3e, 0x00, 0x00, 0x80, 0x3f,
  0x00, 0x00, 0x80, 0x3f, 0x00, 0x00, 0x00, 0x00, 0x00, 0x00, 0x00, 0x00, 0x00, 0x00, 0x00, 0x00,
  0x00, 0x00, 0x00, 0x00, 0x00, 0x00, 0x80, 0x3f, 0x00, 0x00, 0x00, 0x00, 0x00, 0x00, 0x00, 0x00,
  0x00, 0x00, 0x00, 0x00, 0x00, 0x00, 0x00, 0x00, 0x00, 0x00, 0x80, 0x3f, 0x00, 0x00, 0x00, 0x00,
  0x68, 0xd9, 0x1e, 0xbf, 0x6a, 0x28, 0x34, 0xbf, 0x74, 0x27, 0xfb, 0xbe, 0x00, 0x00, 0x80, 0x3f,
  0x55, 0xf0, 0x2e, 0x3d, 0x00, 0x00, 0x00, 0x00, 0x00, 0x00, 0x00, 0x00, 0x00, 0x00, 0x00, 0x00,
  0x00, 0x00, 0x00, 0x00, 0xed, 0x77, 0xce, 0x3d, 0x00, 0x00, 0x00, 0x00, 0x00, 0x00, 0x00, 0x00,
  0x00, 0x00, 0x00, 0x00, 0x00, 0x00, 0x00, 0x00, 0x6f, 0x12, 0x03, 0xbb, 0x00, 0x00, 0x00, 0x00,
  0xca, 0x19, 0xd9, 0x3c, 0xeb, 0x4c, 0x91, 0x3d, 0x46, 0x97, 0x80, 0xba, 0x00, 0x00, 0x80, 0x3f,
  0xac, 0x4f, 0xbb, 0x41, 0x00, 0x00, 0x00, 0x00, 0x00, 0x00, 0x00, 0x00, 0x00, 0x00, 0x00, 0x00,
  0x00, 0x00, 0x00, 0x00, 0x01, 0xb5, 0x1e, 0x41, 0x00, 0x00, 0x00, 0x00, 0x00, 0x00, 0x00, 0x00,
  0x00, 0x00, 0x00, 0x80, 0x00, 0x00, 0x00, 0x80, 0xff, 0xff, 0xf9, 0xc3, 0x00, 0x00, 0x00, 0x00,
  0x67, 0xd9, 0x1e, 0xbf, 0x6a, 0x28, 0x34, 0xbf, 0x74, 0x27, 0xfb, 0xbe, 0x00, 0x00, 0x80, 0x3f,
  0x55, 0xf0, 0x2e, 0x3d, 0x00, 0x00, 0x00, 0x00, 0x00, 0x00, 0x00, 0x00, 0x00, 0x00, 0x00, 0x00,
  0x00, 0x00, 0x00, 0x00, 0xed, 0x77, 0xce, 0x3d, 0x00, 0x00, 0x00, 0x00, 0x00, 0x00, 0x00, 0x00,
  0x00, 0x00, 0x00, 0x80, 0x00, 0x00, 0x00, 0x80, 0x6f, 0x12, 0x03, 0xbb, 0x00, 0x00, 0x00, 0x80,
  0x00, 0x00, 0x00, 0x00, 0x00, 0x00, 0x00, 0x00, 0x00, 0x00, 0x00, 0x00, 0x00, 0x00, 0x80, 0x3f,
  0x00, 0x00, 0x80, 0x3f, 0x00, 0x00, 0x00, 0x00, 0x00, 0x00, 0x00, 0x00, 0x00, 0x00, 0x00, 0x00,
  0x00, 0x00, 0x00, 0x00, 0x00, 0x00, 0x80, 0x3f, 0x00, 0x00, 0x00, 0x00, 0x00, 0x00, 0x00, 0x00,
  0x00, 0x00, 0x00, 0x00, 0x00, 0x00, 0x00, 0x00, 0x00, 0x00, 0x80, 0x3f, 0x00, 0x00, 0x00, 0x00,
  0x68, 0xd9, 0x1e, 0x3f, 0x6a, 0x28, 0x34, 0x3f, 0x74, 0x27, 0xfb, 0x3e, 0x00, 0x00, 0x80, 0x3f,
  0x00, 0x00, 0x80, 0x3f, 0x00, 0x00, 0x00, 0x00, 0x00, 0x00, 0x00, 0x00, 0x00, 0x00, 0x00, 0x00,
  0xac, 0x4f, 0xbb, 0x41, 0x00, 0x00, 0x00, 0x00, 0x00, 0x00, 0x00, 0x00, 0x00, 0x00, 0x07, 0x00,
  0x28, 0x45, 0x01, 0x03, 0x00, 0x00, 0x00, 0x00, 0x00, 0x00, 0x00, 0x00, 0x00, 0x00, 0x00, 0x00,
  0x00, 0x00, 0x00, 0x00, 0x00, 0x00, 0x00, 0x00, 0x00, 0x00, 0x00, 0x00, 0x00, 0x00, 0x00, 0x00,
  0x00, 0x00, 0x00, 0x00, 0x00, 0x00, 0x00, 0x00, 0x00, 0x00, 0x00, 0x00, 0x00, 0x00, 0x00, 0x00,
  0x00, 0x00, 0x00, 0x00, 0x00, 0x00, 0x00, 0x00, 0x00, 0x00, 0x00, 0x00, 0x02, 0x00, 0x00, 0x00,
  0x01, 0x00, 0x00, 0x00, 0x01, 0x00, 0x00, 0x00, 0x01, 0x00, 0x03, 0x00, 0x0a, 0x00, 0x00, 0x00,
  0x00, 0x00, 0x0c, 0x42, 0x00, 0x00, 0x80, 0x3f, 0x00, 0x00, 0x80, 0x3f, 0x00, 0x00, 0x00, 0x00,
  0xcd, 0xcc, 0xcc, 0x3d, 0x00, 0x00, 0xfa, 0x43, 0x00, 0x00, 0x00, 0x00, 0x00, 0x00, 0x00, 0x00,
  0x68, 0xd9, 0x1e, 0x3f, 0x6a, 0x28, 0x34, 0x3f, 0x74, 0x27, 0xfb, 0x3e, 0x00, 0x00, 0x00, 0x00,
  0x00, 0x00, 0x00, 0x00, 0x00, 0x00, 0x00, 0x00, 0x64, 0x00, 0x01, 0x00, 0x07, 0x00, 0xaf, 0x00,
  0x00, 0x00, 0x00, 0x00, 0x01, 0x00, 0x00, 0x00, 0x03, 0x00, 0x00, 0x00, 0x45, 0x68, 0x8a, 0x40,
  0x00, 0x00, 0x00, 0x00, 0x00, 0x00, 0x00, 0x00, 0x00, 0x00, 0x00, 0x00, 0x00, 0x00, 0x00, 0x00,
  0x45, 0x68, 0x8a, 0x40, 0x00, 0x00, 0x00, 0x00, 0x00, 0x00, 0x00, 0x00, 0x00, 0x00, 0x00, 0x00,
  0x00, 0x00, 0x00, 0x00, 0x45, 0x68, 0x8a, 0x40, 0x00, 0x00, 0x00, 0x00, 0x00, 0x00, 0x00, 0x00,
  0x00, 0x00, 0x00, 0x00, 0x00, 0x00, 0x00, 0x00, 0x00, 0x00, 0x80, 0x3f, 0x00, 0x00, 0x00, 0x00,
  0x00, 0x00, 0x00, 0x00, 0x00, 0x00, 0x00, 0x00, 0x00, 0x00, 0x00, 0x00, 0x00, 0x00, 0x00, 0x00,
  0x00, 0x00, 0x00, 0x00, 0x00, 0x00, 0x00, 0x00, 0x00, 0x00, 0x00, 0x00, 0x00, 0x00, 0x00, 0x00,
  0x00, 0x00, 0x00, 0x00, 0x00, 0x00, 0x00, 0x00, 0x00, 0x00, 0x00, 0x00, 0x00, 0x00, 0x00, 0x00,
  0x00, 0x00, 0x00, 0x00, 0x00, 0x00, 0x00, 0x00, 0x00, 0x00, 0x00, 0x00, 0x00, 0x00, 0x00, 0x00,
  0x00, 0x00, 0x00, 0x00, 0x00, 0x00, 0x00, 0x00, 0x00, 0x00, 0x00, 0x00, 0x00, 0x00, 0x08, 0x18,
  0x00, 0x00, 0x0a, 0x00, 0x00, 0x00, 0x00, 0x00, 0x00, 0x00, 0x00, 0x00, 0x00, 0x00, 0x00, 0x00,
  0x00, 0x00, 0x00, 0x00, 0x00, 0x00, 0x00, 0x00, 0x00, 0x00, 0x00, 0x00, 0x00, 0x00, 0x00, 0x00,
  0x00, 0x00, 0x00, 0x00, 0x00, 0x00, 0x00, 0x00, 0x44, 0x41, 0x54, 0x41, 0xdc, 0x00, 0x00, 0x00,
  0x28, 0x0a, 0xf0, 0x06, 0x92, 0x00, 0x00, 0x00, 0x01, 0x00, 0x00, 0x00, 0x88, 0x45, 0xf0, 0x06,
  0x50, 0x21, 0xfb, 0x02, 0x04, 0x00, 0x00, 0x00, 0x33, 0x33, 0x33, 0x3f, 0xe0, 0xea, 0x80, 0xfd,
  0x00, 0x00, 0x00, 0x00, 0x00, 0x00, 0x00, 0x00, 0x00, 0x00, 0x00, 0x00, 0x00, 0x00, 0x00, 0x00,
  0x00, 0x00, 0x00, 0x00, 0x00, 0x00, 0x00, 0x00, 0x00, 0x00, 0x00, 0x00, 0x00, 0x00, 0x00, 0x00,
  0x00, 0xe0, 0x9f, 0x44, 0x00, 0x00, 0x00, 0x00, 0x00, 0x00, 0x64, 0x43, 0xac, 0x3e, 0x39, 0x43,
  0x2c, 0xb8, 0x88, 0x44, 0xa9, 0x65, 0x1c, 0xc3, 0x10, 0x93, 0xad, 0x43, 0x00, 0x00, 0x00, 0x00,
  0x00, 0x00, 0x00, 0x00, 0x00, 0x00, 0x00, 0x00, 0x00, 0x00, 0x00, 0x00, 0x00, 0x00, 0x00, 0x00,
  0x00, 0x00, 0x00, 0x00, 0x00, 0x00, 0x00, 0x00, 0x00, 0x00, 0x00, 0x00, 0x00, 0x00, 0x00, 0x00,
  0x00, 0x00, 0x00, 0x00, 0x00, 0x00, 0x00, 0x00, 0x00, 0x00, 0x00, 0x00, 0x00, 0x00, 0x80, 0x43,
  0x00, 0x00, 0x28, 0x42, 0x00, 0x00, 0xc8, 0x44, 0x00, 0x00, 0xe1, 0x43, 0x00, 0x00, 0x00, 0x3f,
  0xe1, 0x7a, 0xb4, 0x3f, 0x00, 0x00, 0x01, 0x00, 0x01, 0x00, 0x01, 0x00, 0x00, 0x00, 0x00, 0x00,
  0x00, 0x00, 0x00, 0x00, 0x00, 0x00, 0x00, 0x00, 0x00, 0x00, 0x00, 0x00, 0x00, 0x00, 0x00, 0x00,
  0x00, 0x00, 0x00, 0x00, 0x00, 0x00, 0x00, 0x00, 0x00, 0x00, 0x00, 0x00, 0x00, 0x00, 0x00, 0x00,
  0x00, 0x00, 0x00, 0x00, 0x00, 0x00, 0x00, 0x00, 0x96, 0x01, 0x01, 0x00, 0x00, 0x00, 0x00, 0x00,
  0x00, 0x00, 0x00, 0x00, 0x00, 0x00, 0x00, 0x00, 0x44, 0x41, 0x54, 0x41, 0x58, 0x01, 0x00, 0x00,
  0x88, 0x45, 0xf0, 0x06, 0x91, 0x00, 0x00, 0x00, 0x01, 0x00, 0x00, 0x00, 0xf8, 0xf6, 0xfa, 0x02,
  0x28, 0x0a, 0xf0, 0x06, 0x02, 0x00, 0x00, 0x00, 0x33, 0x33, 0x33, 0x3f, 0xe0, 0xea, 0x80, 0xfd,
  0x00, 0x00, 0x00, 0x00, 0x00, 0x00, 0x00, 0x00, 0x00, 0x00, 0x00, 0x00, 0x00, 0x00, 0x00, 0x00,
  0x00, 0x00, 0x00, 0x00, 0x00, 0x00, 0x00, 0x00, 0x00, 0x00, 0x00, 0x00, 0x00, 0x00, 0x7a, 0x43,
  0x00, 0x00, 0x20, 0xc1, 0x00, 0x00, 0x20, 0x41, 0x00, 0x00, 0x00, 0x00, 0x00, 0x00, 0x7a, 0x43,
  0x00, 0x00, 0x20, 0xc1, 0x00, 0x00, 0x20, 0x41, 0x00, 0x00, 0x00, 0x00, 0x00, 0x00, 0x00, 0x00,
  0x00, 0x00, 0x00, 0x00, 0x00, 0x00, 0x00, 0x00, 0x00, 0x00, 0x00, 0x00, 0x00, 0x00, 0x00, 0x00,
  0x00, 0x00, 0x00, 0x00, 0x00, 0x00, 0x00, 0x00, 0x00, 0x00, 0x00, 0x00, 0x00, 0x00, 0x00, 0x00,
  0x00, 0x00, 0x00, 0x00, 0x00, 0x00, 0x00, 0x00, 0x0a, 0xd7, 0x23, 0x3c, 0x0a, 0xd7, 0x23, 0x3c,
  0x00, 0x60, 0x6a, 0x46, 0x00, 0x00, 0x7a, 0x44, 0x00, 0x00, 0x00, 0x00, 0x00, 0x00, 0x00, 0x00,
  0x09, 0x00, 0x00, 0x00, 0x00, 0x00, 0x00, 0x00, 0x00, 0x00, 0x00, 0x00, 0x00, 0x00, 0x00, 0x00,
  0x00, 0x00, 0x00, 0x00, 0x00, 0x00, 0x00, 0x00, 0x00, 0x00, 0x00, 0x00, 0x00, 0x00, 0x00, 0x00,
  0x00, 0x00, 0x00, 0x00, 0x00, 0x00, 0x00, 0x00, 0x00, 0x00, 0x00, 0x00, 0x00, 0x00, 0x00, 0x00,
  0x00, 0x00, 0x00, 0x00, 0x00, 0x00, 0x00, 0x00, 0x00, 0x00, 0x00, 0x00, 0x00, 0x00, 0x00, 0x00,
  0x00, 0x00, 0x00, 0x00, 0x00, 0x00, 0x00, 0x00, 0x00, 0x00, 0x00, 0x00, 0x00, 0x00, 0x00, 0x00,
  0x00, 0x00, 0x00, 0x00, 0x00, 0x00, 0x00, 0x00, 0x00, 0x00, 0x00, 0x00, 0x00, 0x00, 0x00, 0x00,
  0x00, 0x00, 0x00, 0x00, 0x00, 0x00, 0x00, 0x00, 0x00, 0x00, 0x00, 0x00, 0x00, 0x00, 0x00, 0x00,
  0x00, 0x00, 0x00, 0x00, 0x00, 0x00, 0x00, 0x00, 0x00, 0x00, 0x00, 0x00, 0x00, 0x00, 0x00, 0x00,
  0x00, 0x00, 0x00, 0x00, 0x00, 0x00, 0x00, 0x00, 0x00, 0x00, 0x00, 0x00, 0x00, 0x00, 0x00, 0x00,
  0x00, 0x00, 0x00, 0x00, 0x00, 0x00, 0x00, 0x00, 0x00, 0x00, 0x00, 0x00, 0x00, 0x00, 0x4f, 0x42,
  0x00, 0x00, 0x00, 0x00, 0x00, 0x00, 0x00, 0x00, 0x00, 0x00, 0x00, 0x00, 0x00, 0x00, 0x00, 0x00,
  0x00, 0x00, 0x00, 0x00, 0x00, 0x00, 0x00, 0x00, 0x00, 0x00, 0x00, 0x00, 0x00, 0x00, 0x00, 0x00,
  0x00, 0x00, 0x00, 0x00, 0x44, 0x41, 0x54, 0x41, 0xc8, 0x01, 0x00, 0x00, 0xf8, 0xf6, 0xfa, 0x02,
  0x94, 0x00, 0x00, 0x00, 0x01, 0x00, 0x00, 0x00, 0x00, 0x00, 0x00, 0x00, 0x88, 0x45, 0xf0, 0x06,
  0x05, 0x00, 0x00, 0x00, 0x33, 0x33, 0x33, 0x3f, 0xe0, 0xea, 0x80, 0xfd, 0x00, 0x00, 0x00, 0x00,
  0x00, 0x00, 0x00, 0x00, 0x00, 0x00, 0x00, 0x00, 0x00, 0x00, 0x00, 0x00, 0x00, 0x00, 0x00, 0x00,
  0x20, 0x00, 0x00, 0x00, 0x53, 0x41, 0x56, 0x45, 0x20, 0x46, 0x49, 0x4c, 0x45, 0x00, 0x00, 0x00,
  0x00, 0x00, 0x00, 0x00, 0x00, 0x00, 0x00, 0x00, 0x00, 0x00, 0x00, 0x00, 0x2f, 0x55, 0x73, 0x65,
  0x72, 0x73, 0x2f, 0x74, 0x6f, 0x6e, 0x2f, 0x44, 0x65, 0x73, 0x6b, 0x74, 0x6f, 0x70, 0x2f, 0x00,
  0x64, 0x65, 0x72, 0x2f, 0x62, 0x6c, 0x65, 0x6e, 0x64, 0x2f, 0x00, 0x00, 0x00, 0x00, 0x00, 0x00,
  0x00, 0x00, 0x00, 0x00, 0x00, 0x00, 0x00, 0x00, 0x00, 0x00, 0x00, 0x00, 0x00, 0x00, 0x00, 0x00,
  0x00, 0x00, 0x00, 0x00, 0x00, 0x00, 0x00, 0x00, 0x00, 0x00, 0x00, 0x00, 0x00, 0x00, 0x00, 0x00,
  0x00, 0x00, 0x00, 0x00, 0x00, 0x00, 0x00, 0x00, 0x00, 0x00, 0x00, 0x00, 0x00, 0x00, 0x00, 0x00,
  0x00, 0x00, 0x00, 0x00, 0x00, 0x00, 0x00, 0x00, 0x00, 0x00, 0x00, 0x00, 0x00, 0x00, 0x00, 0x00,
  0x00, 0x00, 0x00, 0x00, 0x00, 0x00, 0x00, 0x00, 0x00, 0x00, 0x00, 0x00, 0x00, 0x00, 0x00, 0x00,
  0x00, 0x00, 0x00, 0x00, 0x00, 0x00, 0x00, 0x00, 0x00, 0x00, 0x00, 0x00, 0x00, 0x00, 0x00, 0x00,
  0x00, 0x00, 0x00, 0x00, 0x00, 0x00, 0x00, 0x00, 0x00, 0x00, 0x00, 0x00, 0x00, 0x00, 0x00, 0x00,
  0x00, 0x00, 0x00, 0x00, 0x00, 0x00, 0x00, 0x00, 0x00, 0x00, 0x00, 0x00, 0x00, 0x00, 0x00, 0x00,
  0x00, 0x00, 0x00, 0x00, 0x00, 0x00, 0x00, 0x00, 0x00, 0x00, 0x00, 0x00, 0x00, 0x00, 0x00, 0x00,
  0x00, 0x00, 0x00, 0x00, 0x00, 0x00, 0x00, 0x00, 0x00, 0x00, 0x00, 0x00, 0x00, 0x00, 0x00, 0x00,
  0x00, 0x00, 0x00, 0x00, 0x00, 0x00, 0x00, 0x00, 0x00, 0x00, 0x00, 0x00, 0x00, 0x00, 0x00, 0x00,
  0x00, 0x00, 0x00, 0x00, 0x00, 0x00, 0x00, 0x00, 0x00, 0x00, 0x00, 0x00, 0x00, 0x00, 0x00, 0x00,
  0x00, 0x00, 0x00, 0x00, 0x00, 0x00, 0x00, 0x00, 0x00, 0x00, 0x00, 0x00, 0x75, 0x6e, 0x74, 0x69,
  0x74, 0x6c, 0x65, 0x64, 0x2e, 0x62, 0x6c, 0x65, 0x6e, 0x64, 0x00, 0x00, 0x00, 0x00, 0x00, 0x00,
  0x00, 0x00, 0x00, 0x00, 0x00, 0x00, 0x00, 0x00, 0x00, 0x00, 0x00, 0x00, 0x00, 0x00, 0x00, 0x00,
  0x00, 0x00, 0x00, 0x00, 0x00, 0x00, 0x00, 0x00, 0x00, 0x00, 0x00, 0x00, 0x00, 0x00, 0x00, 0x00,
  0x00, 0x00, 0x00, 0x00, 0x00, 0x00, 0x00, 0x00, 0x00, 0x00, 0x00, 0x00, 0x00, 0x00, 0x00, 0x00,
  0x00, 0x00, 0x00, 0x00, 0x00, 0x00, 0x00, 0x00, 0x00, 0x00, 0x00, 0x00, 0x08, 0x00, 0x00, 0x00,
  0x01, 0x00, 0x00, 0x00, 0xcb, 0x00, 0x01, 0x00, 0x00, 0x00, 0x00, 0x00, 0x00, 0x00, 0x00, 0x00,
  0x00, 0x00, 0x00, 0x00, 0x00, 0x00, 0x00, 0x00, 0x00, 0x00, 0x00, 0x00, 0x00, 0x00, 0x00, 0x00,
  0xff, 0xff, 0x00, 0x00, 0x00, 0x00, 0x00, 0x00, 0x00, 0x00, 0x00, 0x00, 0x00, 0x00, 0x00, 0x00,
  0x00, 0x00, 0x00, 0x00, 0x00, 0x00, 0x00, 0x00, 0x00, 0x00, 0x00, 0x00, 0x00, 0x00, 0x00, 0x00,
  0x44, 0x41, 0x54, 0x41, 0xcc, 0x00, 0x00, 0x00, 0x40, 0x6f, 0xfa, 0x02, 0xa8, 0x00, 0x00, 0x00,
  0x01, 0x00, 0x00, 0x00, 0x40, 0x70, 0xfa, 0x02, 0x40, 0x6e, 0xfa, 0x02, 0x28, 0xa5, 0xef, 0x06,
  0x70, 0xa5, 0xef, 0x06, 0x50, 0xa4, 0xef, 0x06, 0xe0, 0xa4, 0xef, 0x06, 0x00, 0x00, 0x00, 0x00,
  0xad, 0x65, 0xb6, 0x3f, 0x00, 0x00, 0x00, 0x00, 0x00, 0x00, 0x00, 0x00, 0x00, 0x00, 0x00, 0x00,
  0x00, 0x00, 0x00, 0x00, 0x42, 0x24, 0xd1, 0x3f, 0x00, 0x00, 0x00, 0x00, 0x00, 0x00, 0x00, 0x00,
  0x00, 0x00, 0x00, 0x00, 0x00, 0x00, 0x00, 0x00, 0x9a, 0x41, 0x80, 0xbf, 0x00, 0x00, 0x80, 0xbf,
  0x00, 0x00, 0x00, 0x80, 0x00, 0x00, 0x00, 0x80, 0x48, 0x01, 0x4d, 0xbe, 0x00, 0x00, 0x00, 0x80,
  0xa5, 0x01, 0x00, 0x00, 0x2b, 0x03, 0x00, 0x00, 0xb1, 0x01, 0x00, 0x00, 0x05, 0x03, 0x00, 0x00,
  0xa5, 0x01, 0x00, 0x00, 0x2b, 0x03, 0x00, 0x00, 0xb1, 0x01, 0x00, 0x00, 0xb1, 0x01, 0x00, 0x00,
  0xa5, 0x01, 0x00, 0x00, 0x2b, 0x03, 0x00, 0x00, 0xb1, 0x01, 0x00, 0x00, 0x05, 0x03, 0x00, 0x00,
  0x00, 0x00, 0x00, 0x00, 0x00, 0x00, 0x01, 0x01, 0x87, 0x01, 0x55, 0x01, 0x03, 0x00, 0x01, 0x00,
  0x53, 0x02, 0x00, 0x00, 0x07, 0x00, 0x00, 0x00, 0x00, 0x00, 0x00, 0x00, 0x00, 0x00, 0x00, 0x00,
  0x00, 0x00, 0x00, 0x00, 0x00, 0x00, 0x00, 0x00, 0xb8, 0x24, 0xfb, 0x02, 0x28, 0x67, 0xf0, 0x06,
  0x00, 0x00, 0x00, 0x00, 0x00, 0x00, 0x00, 0x00, 0x00, 0x00, 0x00, 0x00, 0x00, 0x00, 0x00, 0x00,
  0x44, 0x41, 0x54, 0x41, 0x1c, 0x03, 0x00, 0x00, 0xb8, 0x24, 0xfb, 0x02, 0x8d, 0x00, 0x00, 0x00,
  0x01, 0x00, 0x00, 0x00, 0x40, 0x0b, 0xf0, 0x06, 0x00, 0x00, 0x00, 0x00, 0x01, 0x00, 0x00, 0x00,
  0x33, 0x33, 0x33, 0x3f, 0xe0, 0x8a, 0x81, 0x0f, 0x00, 0x00, 0x00, 0x00, 0x00, 0x00, 0x00, 0x00,
  0x00, 0x00, 0x00, 0x00, 0x00, 0x00, 0x00, 0x00, 0xdd, 0x95, 0x2f, 0x3f, 0x55, 0x7e, 0xa2, 0xbe,
  0x08, 0xa5, 0x27, 0x3f, 0x00, 0x00, 0x00, 0x00, 0x33, 0x46, 0x3a, 0x3f, 0xe1, 0xfb, 0x9f, 0x3e,
  0x95, 0x54, 0x1c, 0xbf, 0x00, 0x00, 0x00, 0x00, 0xbf, 0x38, 0x31, 0xbc, 0x36, 0x35, 0x65, 0x3f,
  0x32, 0xf7, 0xe3, 0x3e, 0x00, 0x00, 0x00, 0x00, 0x5a, 0x26, 0xad, 0xbe, 0xfe, 0xdd, 0xc0, 0xbe,
  0x98, 0x09, 0x34, 0xc1, 0x00, 0x00, 0x80, 0x3f, 0xdf, 0x95, 0x2f, 0x3f, 0x37, 0x46, 0x3a, 0x3f,
  0xc0, 0x38, 0x31, 0xbc, 0x00, 0x00, 0x00, 0x00, 0x57, 0x7e, 0xa2, 0xbe, 0xe4, 0xfb, 0x9f, 0x3e,
  0x38, 0x35, 0x65, 0x3f, 0x00, 0x00, 0x00, 0x00, 0x07, 0xa5, 0x27, 0x3f, 0x96, 0x54, 0x1c, 0xbf,
  0x32, 0xf7, 0xe3, 0x3e, 0x00, 0x00, 0x00, 0x00, 0x6e, 0x65, 0xef, 0x40, 0x97, 0x3e, 0xd0, 0xc0,
  0x4d, 0xff, 0xaa, 0x40, 0x00, 0x00, 0x80, 0x3f, 0x90, 0x34, 0x7a, 0x3f, 0x27, 0xc0, 0x04, 0xbf,
  0xf4, 0xfa, 0x27, 0xbf, 0x08, 0xa5, 0x27, 0xbf, 0xe4, 0xb7, 0x84, 0x3f, 0x4b, 0xb3, 0x02, 0x3f,
  0xb4, 0xa4, 0x1c, 0x3f, 0x95, 0x54, 0x1c, 0x3f, 0x76, 0x89, 0x7c, 0xbc, 0xe8, 0x40, 0xbb, 0x3f,
  0x08, 0x6c, 0xe4, 0xbe, 0x32, 0xf7, 0xe3, 0xbe, 0x12, 0xbc, 0xf6, 0xbe, 0x8d, 0x90, 0x1d, 0xbf,
  0xd8, 0x31, 0x31, 0x41, 0x98, 0x09, 0x34, 0x41, 0x74, 0x70, 0xf6, 0x3e, 0x8e, 0xb8, 0x02, 0x3f,
  0x40, 0xbf, 0xf8, 0xbb, 0x00, 0x00, 0x90, 0xb3, 0x40, 0xe6, 0x46, 0xbe, 0xe2, 0xd3, 0x43, 0x3e,
  0xfe, 0x47, 0x0c, 0x3f, 0x00, 0x00, 0x00, 0x34, 0xd3, 0x78, 0x15, 0xc2, 0x90, 0x05, 0x02, 0x42,
  0x07, 0x88, 0xd5, 0xc1, 0xc1, 0xd6, 0x9f, 0xc0, 0xdb, 0x26, 0x13, 0x42, 0xc4, 0xad, 0xff, 0xc1,
  0x9b, 0x65, 0xd2, 0x41, 0xad, 0x28, 0xa0, 0x40, 0xad, 0x65, 0xb6, 0x3f, 0x00, 0x00, 0x00, 0x00,
  0x00, 0x00, 0x00, 0x00, 0x00, 0x00, 0x00, 0x00, 0x00, 0x00, 0x00, 0x00, 0x42, 0x24, 0xd1, 0x3f,
  0x00, 0x00, 0x00, 0x00, 0x00, 0x00, 0x00, 0x00, 0x00, 0x00, 0x00, 0x00, 0x00, 0x00, 0x00, 0x00,
  0x9a, 0x41, 0x80, 0xbf, 0x00, 0x00, 0x80, 0xbf, 0x00, 0x00, 0x00, 0x80, 0x00, 0x00, 0x00, 0x80,
  0x48, 0x01, 0x4d, 0xbe, 0x00, 0x00, 0x00, 0x80, 0xdd, 0x95, 0x2f, 0x3f, 0x55, 0x7e, 0xa2, 0xbe,
  0x08, 0xa5, 0x27, 0x3f, 0x00, 0x00, 0x00, 0x00, 0x33, 0x46, 0x3a, 0x3f, 0xe1, 0xfb, 0x9f, 0x3e,
  0x95, 0x54, 0x1c, 0xbf, 0x00, 0x00, 0x00, 0x00, 0xbf, 0x38, 0x31, 0xbc, 0x36, 0x35, 0x65, 0x3f,
  0x32, 0xf7, 0xe3, 0x3e, 0x00, 0x00, 0x00, 0x00, 0x5a, 0x26, 0xad, 0xbe, 0xfe, 0xdd, 0xc0, 0xbe,
  0x98, 0x09, 0x34, 0xc1, 0x00, 0x00, 0x80, 0x3f, 0xf1, 0x16, 0x48, 0x3f, 0x4e, 0xa2, 0xf6, 0xbe,
  0x2c, 0x08, 0x5a, 0xbe, 0x03, 0x23, 0xab, 0xbe, 0xdd, 0x4f, 0xbb, 0x41, 0x00, 0x00, 0x00, 0x00,
  0x00, 0x00, 0x00, 0x00, 0x02, 0x00, 0x00, 0x00, 0x28, 0x45, 0x01, 0x03, 0x00, 0x00, 0x00, 0x00,
  0x00, 0x00, 0x00, 0x00, 0x00, 0x00, 0x00, 0x00, 0x00, 0x00, 0x00, 0x00, 0x00, 0x00, 0x00, 0x00,
  0x00, 0x00, 0x00, 0x00, 0x00, 0x00, 0x00, 0x00, 0x00, 0x00, 0x00, 0x00, 0x00, 0x00, 0x00, 0x00,
  0x00, 0x00, 0x00, 0x00, 0x00, 0x00, 0x00, 0x00, 0x00, 0x00, 0x00, 0x00, 0x00, 0x00, 0x00, 0x00,
  0x00, 0x00, 0x00, 0x00, 0x03, 0x00, 0x00, 0x00, 0x01, 0x00, 0x00, 0x00, 0x01, 0x00, 0x00, 0x00,
  0x01, 0x00, 0x03, 0x00, 0x0a, 0x00, 0x00, 0x00, 0x00, 0x00, 0x0c, 0x42, 0x00, 0x00, 0x80, 0x3f,
  0x00, 0x00, 0x80, 0x3f, 0x00, 0x00, 0x00, 0x00, 0xcd, 0xcc, 0xcc, 0x3d, 0x00, 0x00, 0xfa, 0x43,
  0x00, 0x00, 0x00, 0x00, 0x00, 0x00, 0x00, 0x00, 0x68, 0xd9, 0x1e, 0x3f, 0x6a, 0x28, 0x34, 0x3f,
  0x74, 0x27, 0xfb, 0x3e, 0x00, 0x00, 0x00, 0x00, 0x00, 0x00, 0x00, 0x00, 0x00, 0x00, 0x00, 0x00,
  0x64, 0x00, 0x00, 0x00, 0x07, 0x00, 0xaf, 0x00, 0x00, 0x00, 0x00, 0x00, 0x01, 0x00, 0x00, 0x00,
  0x03, 0x00, 0x00, 0x00, 0xdd, 0xe0, 0x41, 0x40, 0x00, 0x00, 0x00, 0x00, 0x00, 0x00, 0x00, 0x00,
  0x00, 0x00, 0x00, 0x00, 0x00, 0x00, 0x00, 0x00, 0xdd, 0xe0, 0x41, 0x40, 0x00, 0x00, 0x00, 0x00,
  0x00, 0x00, 0x00, 0x00, 0x00, 0x00, 0x00, 0x00, 0x00, 0x00, 0x00, 0x00, 0xdd, 0xe0, 0x41, 0x40,
  0x00, 0x00, 0x00, 0x00, 0x00, 0x00, 0x00, 0x00, 0x00, 0x00, 0x00, 0x00, 0x00, 0x00, 0x00, 0x00,
  0x00, 0x00, 0x80, 0x3f, 0x00, 0x00, 0x00, 0x00, 0x00, 0x00, 0x00, 0x00, 0x00, 0x00, 0x00, 0x00,
  0x00, 0x00, 0x00, 0x00, 0x00, 0x00, 0x00, 0x00, 0x00, 0x00, 0x00, 0x00, 0x00, 0x00, 0x00, 0x00,
  0x00, 0x00, 0x00, 0x00, 0x00, 0x00, 0x00, 0x00, 0x00, 0x00, 0x00, 0x00, 0x00, 0x00, 0x00, 0x00,
  0x00, 0x00, 0x00, 0x00, 0x00, 0x00, 0x00, 0x00, 0x00, 0x00, 0x00, 0x00, 0x00, 0x00, 0x00, 0x00,
  0x00, 0x00, 0x00, 0x00, 0x00, 0x00, 0x00, 0x00, 0x00, 0x00, 0x00, 0x00, 0x00, 0x00, 0x00, 0x00,
  0x00, 0x00, 0x00, 0x00, 0x00, 0x00, 0x08, 0x18, 0x00, 0x00, 0x0a, 0x00, 0x00, 0x00, 0x00, 0x00,
  0x00, 0x00, 0x00, 0x00, 0x00, 0x00, 0x00, 0x00, 0x00, 0x00, 0x00, 0x00, 0x00, 0x00, 0x00, 0x00,
  0x00, 0x00, 0x00, 0x00, 0x00, 0x00, 0x00, 0x00, 0x00, 0x00, 0x00, 0x00, 0x00, 0x00, 0x00, 0x00,
  0x44, 0x41, 0x54, 0x41, 0xdc, 0x00, 0x00, 0x00, 0x40, 0x0b, 0xf0, 0x06, 0x92, 0x00, 0x00, 0x00,
  0x01, 0x00, 0x00, 0x00, 0x28, 0x47, 0xf0, 0x06, 0xb8, 0x24, 0xfb, 0x02, 0x04, 0x00, 0x00, 0x00,
  0x33, 0x33, 0x33, 0x3f, 0xe0, 0x8a, 0x81, 0x0f, 0x00, 0x00, 0x00, 0x00, 0x00, 0x00, 0x00, 0x00,
  0x00, 0x00, 0x00, 0x00, 0x00, 0x00, 0x00, 0x00, 0x00, 0x00, 0x00, 0x00, 0x00, 0x00, 0x00, 0x00,
  0x00, 0x00, 0x00, 0x00, 0x00, 0x00, 0x00, 0x00, 0x00, 0xe0, 0x9f, 0x44, 0x00, 0x00, 0x00, 0x00,
  0x00, 0x00, 0x64, 0x43, 0xac, 0x3e, 0x39, 0x43, 0x2c, 0xb8, 0x88, 0x44, 0xa9, 0x65, 0x1c, 0xc3,
  0x10, 0x93, 0xad, 0x43, 0x00, 0x00, 0x00, 0x00, 0x00, 0x00, 0x00, 0x00, 0x00, 0x00, 0x00, 0x00,
  0x00, 0x00, 0x00, 0x00, 0x00, 0x00, 0x00, 0x00, 0x00, 0x00, 0x00, 0x00, 0x00, 0x00, 0x00, 0x00,
  0x00, 0x00, 0x00, 0x00, 0x00, 0x00, 0x00, 0x00, 0x00, 0x00, 0x00, 0x00, 0x00, 0x00, 0x00, 0x00,
  0x00, 0x00, 0x00, 0x00, 0x00, 0x00, 0x80, 0x43, 0x00, 0x00, 0x28, 0x42, 0x00, 0x00, 0xc8, 0x44,
  0x00, 0x00, 0xe1, 0x43, 0x00, 0x00, 0x00, 0x3f, 0xe1, 0x7a, 0xb4, 0x3f, 0x00, 0x00, 0x01, 0x00,
  0x01, 0x00, 0x01, 0x00, 0x00, 0x00, 0x00, 0x00, 0x00, 0x00, 0x00, 0x00, 0x00, 0x00, 0x00, 0x00,
  0x00, 0x00, 0x00, 0x00, 0x00, 0x00, 0x00, 0x00, 0x00, 0x00, 0x00, 0x00, 0x00, 0x00, 0x00, 0x00,
  0x00, 0x00, 0x00, 0x00, 0x00, 0x00, 0x00, 0x00, 0x00, 0x00, 0x00, 0x00, 0x00, 0x00, 0x00, 0x00,
  0x96, 0x01, 0x01, 0x00, 0x00, 0x00, 0x00, 0x00, 0x00, 0x00, 0x00, 0x00, 0x00, 0x00, 0x00, 0x00,
  0x44, 0x41, 0x54, 0x41, 0x58, 0x01, 0x00, 0x00, 0x28, 0x47, 0xf0, 0x06, 0x91, 0x00, 0x00, 0x00,
  0x01, 0x00, 0x00, 0x00, 0x28, 0x67, 0xf0, 0x06, 0x40, 0x0b, 0xf0, 0x06, 0x02, 0x00, 0x00, 0x00,
  0x33, 0x33, 0x33, 0x3f, 0xe0, 0x8a, 0x81, 0x0f, 0x00, 0x00, 0x00, 0x00, 0x00, 0x00, 0x00, 0x00,
  0x00, 0x00, 0x00, 0x00, 0x00, 0x00, 0x00, 0x00, 0x00, 0x00, 0x00, 0x00, 0x00, 0x00, 0x00, 0x00,
  0x00, 0x00, 0x00, 0x00, 0x00, 0x00, 0x7a, 0x43, 0x00, 0x00, 0x20, 0xc1, 0x00, 0x00, 0x20, 0x41,
  0x00, 0x00, 0x00, 0x00, 0x00, 0x00, 0x7a, 0x43, 0x00, 0x00, 0x20, 0xc1, 0x00, 0x00, 0x20, 0x41,
  0x00, 0x00, 0x00, 0x00, 0x00, 0x00, 0x00, 0x00, 0x00, 0x00, 0x00, 0x00, 0x00, 0x00, 0x00, 0x00,
  0x00, 0x00, 0x00, 0x00, 0x00, 0x00, 0x00, 0x00, 0x00, 0x00, 0x00, 0x00, 0x00, 0x00, 0x00, 0x00,
  0x00, 0x00, 0x00, 0x00, 0x00, 0x00, 0x00, 0x00, 0x00, 0x00, 0x00, 0x00, 0x00, 0x00, 0x00, 0x00,
  0x0a, 0xd7, 0x23, 0x3c, 0x0a, 0xd7, 0x23, 0x3c, 0x00, 0x60, 0x6a, 0x46, 0x00, 0x00, 0x7a, 0x44,
  0x00, 0x00, 0x00, 0x00, 0x00, 0x00, 0x00, 0x00, 0x09, 0x00, 0x00, 0x00, 0x00, 0x00, 0x00, 0x00,
  0x00, 0x00, 0x00, 0x00, 0x00, 0x00, 0x00, 0x00, 0x00, 0x00, 0x00, 0x00, 0x00, 0x00, 0x00, 0x00,
  0x00, 0x00, 0x00, 0x00, 0x00, 0x00, 0x00, 0x00, 0x00, 0x00, 0x00, 0x00, 0x00, 0x00, 0x00, 0x00,
  0x00, 0x00, 0x00, 0x00, 0x00, 0x00, 0x00, 0x00, 0x00, 0x00, 0x00, 0x00, 0x00, 0x00, 0x00, 0x00,
  0x00, 0x00, 0x00, 0x00, 0x00, 0x00, 0x00, 0x00, 0x00, 0x00, 0x00, 0x00, 0x00, 0x00, 0x00, 0x00,
  0x00, 0x00, 0x00, 0x00, 0x00, 0x00, 0x00, 0x00, 0x00, 0x00, 0x00, 0x00, 0x00, 0x00, 0x00, 0x00,
  0x00, 0x00, 0x00, 0x00, 0x00, 0x00, 0x00, 0x00, 0x00, 0x00, 0x00, 0x00, 0x00, 0x00, 0x00, 0x00,
  0x00, 0x00, 0x00, 0x00, 0x00, 0x00, 0x00, 0x00, 0x00, 0x00, 0x00, 0x00, 0x00, 0x00, 0x00, 0x00,
  0x00, 0x00, 0x00, 0x00, 0x00, 0x00, 0x00, 0x00, 0x00, 0x00, 0x00, 0x00, 0x00, 0x00, 0x00, 0x00,
  0x00, 0x00, 0x00, 0x00, 0x00, 0x00, 0x00, 0x00, 0x00, 0x00, 0x00, 0x00, 0x00, 0x00, 0x00, 0x00,
  0x00, 0x00, 0x00, 0x00, 0x00, 0x00, 0x4f, 0x42, 0x00, 0x00, 0x00, 0x00, 0x00, 0x00, 0x00, 0x00,
  0x00, 0x00, 0x00, 0x00, 0x00, 0x00, 0x00, 0x00, 0x00, 0x00, 0x00, 0x00, 0x00, 0x00, 0x00, 0x00,
  0x00, 0x00, 0x00, 0x00, 0x00, 0x00, 0x00, 0x00, 0x00, 0x00, 0x00, 0x00, 0x44, 0x41, 0x54, 0x41,
  0xc8, 0x01, 0x00, 0x00, 0x28, 0x67, 0xf0, 0x06, 0x94, 0x00, 0x00, 0x00, 0x01, 0x00, 0x00, 0x00,
  0x00, 0x00, 0x00, 0x00, 0x28, 0x47, 0xf0, 0x06, 0x05, 0x00, 0x00, 0x00, 0x33, 0x33, 0x33, 0x3f,
  0xe0, 0x8a, 0x81, 0x0f, 0x00, 0x00, 0x00, 0x00, 0x00, 0x00, 0x00, 0x00, 0x00, 0x00, 0x00, 0x00,
  0x00, 0x00, 0x00, 0x00, 0x00, 0x00, 0x00, 0x00, 0x20, 0x00, 0x00, 0x00, 0x53, 0x41, 0x56, 0x45,
  0x20, 0x46, 0x49, 0x4c, 0x45, 0x00, 0x00, 0x00, 0x00, 0x00, 0x00, 0x00, 0x00, 0x00, 0x00, 0x00,
  0x00, 0x00, 0x00, 0x00, 0x2f, 0x55, 0x73, 0x65, 0x72, 0x73, 0x2f, 0x74, 0x6f, 0x6e, 0x2f, 0x44,
  0x65, 0x73, 0x6b, 0x74, 0x6f, 0x70, 0x2f, 0x00, 0x64, 0x65, 0x72, 0x2f, 0x62, 0x6c, 0x65, 0x6e,
  0x64, 0x2f, 0x00, 0x00, 0x00, 0x00, 0x00, 0x00, 0x00, 0x00, 0x00, 0x00, 0x00, 0x00, 0x00, 0x00,
  0x00, 0x00, 0x00, 0x00, 0x00, 0x00, 0x00, 0x00, 0x00, 0x00, 0x00, 0x00, 0x00, 0x00, 0x00, 0x00,
  0x00, 0x00, 0x00, 0x00, 0x00, 0x00, 0x00, 0x00, 0x00, 0x00, 0x00, 0x00, 0x00, 0x00, 0x00, 0x00,
  0x00, 0x00, 0x00, 0x00, 0x00, 0x00, 0x00, 0x00, 0x00, 0x00, 0x00, 0x00, 0x00, 0x00, 0x00, 0x00,
  0x00, 0x00, 0x00, 0x00, 0x00, 0x00, 0x00, 0x00, 0x00, 0x00, 0x00, 0x00, 0x00, 0x00, 0x00, 0x00,
  0x00, 0x00, 0x00, 0x00, 0x00, 0x00, 0x00, 0x00, 0x00, 0x00, 0x00, 0x00, 0x00, 0x00, 0x00, 0x00,
  0x00, 0x00, 0x00, 0x00, 0x00, 0x00, 0x00, 0x00, 0x00, 0x00, 0x00, 0x00, 0x00, 0x00, 0x00, 0x00,
  0x00, 0x00, 0x00, 0x00, 0x00, 0x00, 0x00, 0x00, 0x00, 0x00, 0x00, 0x00, 0x00, 0x00, 0x00, 0x00,
  0x00, 0x00, 0x00, 0x00, 0x00, 0x00, 0x00, 0x00, 0x00, 0x00, 0x00, 0x00, 0x00, 0x00, 0x00, 0x00,
  0x00, 0x00, 0x00, 0x00, 0x00, 0x00, 0x00, 0x00, 0x00, 0x00, 0x00, 0x00, 0x00, 0x00, 0x00, 0x00,
  0x00, 0x00, 0x00, 0x00, 0x00, 0x00, 0x00, 0x00, 0x00, 0x00, 0x00, 0x00, 0x00, 0x00, 0x00, 0x00,
  0x00, 0x00, 0x00, 0x00, 0x00, 0x00, 0x00, 0x00, 0x00, 0x00, 0x00, 0x00, 0x00, 0x00, 0x00, 0x00,
  0x00, 0x00, 0x00, 0x00, 0x00, 0x00, 0x00, 0x00, 0x00, 0x00, 0x00, 0x00, 0x00, 0x00, 0x00, 0x00,
  0x00, 0x00, 0x00, 0x00, 0x75, 0x6e, 0x74, 0x69, 0x74, 0x6c, 0x65, 0x64, 0x2e, 0x62, 0x6c, 0x65,
  0x6e, 0x64, 0x00, 0x00, 0x00, 0x00, 0x00, 0x00, 0x00, 0x00, 0x00, 0x00, 0x00, 0x00, 0x00, 0x00,
  0x00, 0x00, 0x00, 0x00, 0x00, 0x00, 0x00, 0x00, 0x00, 0x00, 0x00, 0x00, 0x00, 0x00, 0x00, 0x00,
  0x00, 0x00, 0x00, 0x00, 0x00, 0x00, 0x00, 0x00, 0x00, 0x00, 0x00, 0x00, 0x00, 0x00, 0x00, 0x00,
  0x00, 0x00, 0x00, 0x00, 0x00, 0x00, 0x00, 0x00, 0x00, 0x00, 0x00, 0x00, 0x00, 0x00, 0x00, 0x00,
  0x00, 0x00, 0x00, 0x00, 0x08, 0x00, 0x00, 0x00, 0x01, 0x00, 0x00, 0x00, 0xcb, 0x00, 0x01, 0x00,
  0x00, 0x00, 0x00, 0x00, 0x00, 0x00, 0x00, 0x00, 0x00, 0x00, 0x00, 0x00, 0x00, 0x00, 0x00, 0x00,
  0x00, 0x00, 0x00, 0x00, 0x00, 0x00, 0x00, 0x00, 0xff, 0xff, 0x00, 0x00, 0x00, 0x00, 0x00, 0x00,
  0x00, 0x00, 0x00, 0x00, 0x00, 0x00, 0x00, 0x00, 0x00, 0x00, 0x00, 0x00, 0x00, 0x00, 0x00, 0x00,
  0x00, 0x00, 0x00, 0x00, 0x00, 0x00, 0x00, 0x00, 0x44, 0x41, 0x54, 0x41, 0xcc, 0x00, 0x00, 0x00,
  0x40, 0x70, 0xfa, 0x02, 0xa8, 0x00, 0x00, 0x00, 0x01, 0x00, 0x00, 0x00, 0x00, 0x00, 0x00, 0x00,
  0x40, 0x6f, 0xfa, 0x02, 0x98, 0xa4, 0xef, 0x06, 0x78, 0xa3, 0xef, 0x06, 0x70, 0xa5, 0xef, 0x06,
  0x28, 0xa5, 0xef, 0x06, 0x00, 0x00, 0x00, 0x00, 0x98, 0x26, 0x97, 0x3d, 0x00, 0x00, 0x00, 0x00,
  0x00, 0x00, 0x00, 0x00, 0x00, 0x00, 0x00, 0x00, 0x00, 0x00, 0x00, 0x00, 0x07, 0x2b, 0xba, 0x3d,
  0x00, 0x00, 0x00, 0x00, 0x00, 0x00, 0x00, 0x00, 0x00, 0x00, 0x00, 0x80, 0x00, 0x00, 0x00, 0x80,
  0x6f, 0x12, 0x03, 0xbb, 0x00, 0x00, 0x00, 0x80, 0x00, 0x00, 0x00, 0x00, 0x00, 0x00, 0x00, 0x00,
  0x00, 0x00, 0x00, 0x00, 0x00, 0x00, 0x80, 0x3f, 0x00, 0x00, 0x00, 0x00, 0xa3, 0x01, 0x00, 0x00,
  0xb1, 0x01, 0x00, 0x00, 0x05, 0x03, 0x00, 0x00, 0x00, 0x00, 0x00, 0x00, 0xa3, 0x01, 0x00, 0x00,
  0xb1, 0x01, 0x00, 0x00, 0xb1, 0x01, 0x00, 0x00, 0x00, 0x00, 0x00, 0x00, 0xa3, 0x01, 0x00, 0x00,
  0xb1, 0x01, 0x00, 0x00, 0x05, 0x03, 0x00, 0x00, 0x00, 0x00, 0x00, 0x00, 0x00, 0x00, 0x01, 0x01,
  0xa4, 0x01, 0x55, 0x01, 0x03, 0x00, 0x01, 0x00, 0x53, 0x02, 0x00, 0x00, 0x07, 0x00, 0x00, 0x00,
  0x00, 0x00, 0x00, 0x00, 0x00, 0x00, 0x00, 0x00, 0x00, 0x00, 0x00, 0x00, 0x00, 0x00, 0x00, 0x00,
  0x20, 0x28, 0xfb, 0x02, 0x20, 0x69, 0xf0, 0x06, 0x00, 0x00, 0x00, 0x00, 0x00, 0x00, 0x00, 0x00,
  0x00, 0x00, 0x00, 0x00, 0x00, 0x00, 0x00, 0x00, 0x44, 0x41, 0x54, 0x41, 0x1c, 0x03, 0x00, 0x00,
  0x20, 0x28, 0xfb, 0x02, 0x8d, 0x00, 0x00, 0x00, 0x01, 0x00, 0x00, 0x00, 0x58, 0x0c, 0xf0, 0x06,
  0x00, 0x00, 0x00, 0x00, 0x01, 0x00, 0x00, 0x00, 0x33, 0x33, 0x33, 0x3f, 0xe0, 0x2a, 0x82, 0x01,
  0x00, 0x00, 0x00, 0x00, 0x00, 0x00, 0x00, 0x00, 0x00, 0x00, 0x00, 0x00, 0x00, 0x00, 0x00, 0x00,
  0x00, 0x00, 0x80, 0x3f, 0x00, 0x00, 0x00, 0x00, 0x00, 0x00, 0x00, 0x80, 0x00, 0x00, 0x00, 0x00,
  0x00, 0x00, 0x00, 0x80, 0xae, 0x02, 0x13, 0x33, 0xff, 0xff, 0x7f, 0xbf, 0x00, 0x00, 0x00, 0x00,
  0x00, 0x00, 0x00, 0x00, 0xff, 0xff, 0x7f, 0x3f, 0xae, 0x02, 0x13, 0x33, 0x00, 0x00, 0x00, 0x00,
  0x3a, 0xf8, 0x1e, 0xc0, 0x2d, 0xa1, 0x76, 0xc0, 0x6b, 0x28, 0x34, 0xbf, 0x00, 0x00, 0x80, 0x3f,
  0x00, 0x00, 0x80, 0x3f, 0x00, 0x00, 0x00, 0x00, 0x00, 0x00, 0x00, 0x00, 0x00, 0x00, 0x00, 0x00,
  0x00, 0x00, 0x00, 0x00, 0x00, 0x00, 0x00, 0x33, 0x01, 0x00, 0x80, 0x3f, 0x00, 0x00, 0x00, 0x00,
  0x00, 0x00, 0x00, 0x00, 0x01, 0x00, 0x80, 0xbf, 0xb0, 0x02, 0x13, 0x33, 0x00, 0x00, 0x00, 0x00,
  0x3b, 0xf8, 0x1e, 0x40, 0x6b, 0x28, 0x34, 0xbf, 0x30, 0xa1, 0x76, 0x40, 0x00, 0x00, 0x80, 0x3f,
  0x98, 0x26, 0x97, 0x3d, 0x00, 0x00, 0x00, 0x00, 0x00, 0x00, 0x00, 0x00, 0x00, 0x00, 0x00, 0x00,
  0x00, 0x00, 0x00, 0x00, 0x50, 0xd1, 0x55, 0x31, 0x6e, 0x12, 0x03, 0x3b, 0x00, 0x00, 0x00, 0x00,
  0x00, 0x00, 0x00, 0x00, 0x06, 0x2b, 0xba, 0x3d, 0xea, 0x89, 0x96, 0xae, 0x00, 0x00, 0x00, 0x00,
  0xc3, 0xb8, 0x3b, 0xbe, 0x8f, 0x5a, 0xb3, 0xbe, 0x4f, 0x7b, 0xb8, 0x3a, 0x00, 0x00, 0x80, 0x3f,
  0x4a, 0xca, 0x58, 0x41, 0x00, 0x00, 0x00, 0x00, 0x00, 0x00, 0x00, 0x00, 0x00, 0x00, 0x00, 0x00,
  0x00, 0x00, 0x00, 0x35, 0x00, 0x00, 0x80, 0x34, 0x55, 0x03, 0x30, 0x41, 0x00, 0x00, 0x00, 0x00,
  0x00, 0x00, 0x80, 0xab, 0x01, 0x00, 0xfa, 0x43, 0xa0, 0x90, 0x8f, 0xb7, 0x00, 0x00, 0x00, 0x00,
  0x3b, 0xf8, 0x1e, 0x40, 0x6a, 0x28, 0x34, 0xbf, 0x30, 0xa1, 0x76, 0x40, 0x00, 0x00, 0x80, 0x3f,
  0x98, 0x26, 0x97, 0x3d, 0x00, 0x00, 0x00, 0x00, 0x00, 0x00, 0x00, 0x00, 0x00, 0x00, 0x00, 0x00,
  0x00, 0x00, 0x00, 0x00, 0x07, 0x2b, 0xba, 0x3d, 0x00, 0x00, 0x00, 0x00, 0x00, 0x00, 0x00, 0x00,
  0x00, 0x00, 0x00, 0x80, 0x00, 0x00, 0x00, 0x80, 0x6f, 0x12, 0x03, 0xbb, 0x00, 0x00, 0x00, 0x80,
  0x00, 0x00, 0x00, 0x00, 0x00, 0x00, 0x00, 0x00, 0x00, 0x00, 0x00, 0x00, 0x00, 0x00, 0x80, 0x3f,
  0x00, 0x00, 0x80, 0x3f, 0x00, 0x00, 0x00, 0x00, 0x00, 0x00, 0x00, 0x80, 0x00, 0x00, 0x00, 0x00,
  0x00, 0x00, 0x00, 0x80, 0xae, 0x02, 0x13, 0x33, 0xff, 0xff, 0x7f, 0xbf, 0x00, 0x00, 0x00, 0x00,
  0x00, 0x00, 0x00, 0x00, 0xff, 0xff, 0x7f, 0x3f, 0xae, 0x02, 0x13, 0x33, 0x00, 0x00, 0x00, 0x00,
  0x3a, 0xf8, 0x1e, 0xc0, 0x2d, 0xa1, 0x76, 0xc0, 0x6b, 0x28, 0x34, 0xbf, 0x00, 0x00, 0x80, 0x3f,
  0xf3, 0x04, 0x35, 0x3f, 0xf3, 0x04, 0x35, 0xbf, 0x00, 0x00, 0x00, 0x00, 0x00, 0x00, 0x00, 0x00,
  0x49, 0xca, 0x58, 0x41, 0x00, 0x00, 0x00, 0x00, 0x00, 0x00, 0x00, 0x00, 0x00, 0x00, 0x01, 0x00,
  0x28, 0x45, 0x01, 0x03, 0x00, 0x00, 0x00, 0x00, 0x00, 0x00, 0x00, 0x00, 0x00, 0x00, 0x00, 0x00,
  0x00, 0x00, 0x00, 0x00, 0x00, 0x00, 0x00, 0x00, 0x00, 0x00, 0x00, 0x00, 0x00, 0x00, 0x00, 0x00,
  0x00, 0x00, 0x00, 0x00, 0x00, 0x00, 0x00, 0x00, 0x00, 0x00, 0x00, 0x00, 0x00, 0x00, 0x00, 0x00,
  0x00, 0x00, 0x00, 0x00, 0x00, 0x00, 0x00, 0x00, 0x00, 0x00, 0x00, 0x00, 0x02, 0x00, 0x00, 0x00,
  0x01, 0x00, 0x00, 0x00, 0x01, 0x00, 0x00, 0x00, 0x01, 0x00, 0x03, 0x00, 0x0a, 0x00, 0x00, 0x00,
  0x00, 0x00, 0x0c, 0x42, 0x00, 0x00, 0x80, 0x3f, 0x00, 0x00, 0x80, 0x3f, 0x00, 0x00, 0x00, 0x00,
  0xcd, 0xcc, 0xcc, 0x3d, 0x00, 0x00, 0xfa, 0x43, 0x00, 0x00, 0x00, 0x00, 0x00, 0x00, 0x00, 0x00,
  0x3a, 0xf8, 0x1e, 0xc0, 0x6a, 0x28, 0x34, 0x3f, 0x2e, 0xa1, 0x76, 0xc0, 0x00, 0x00, 0x00, 0x00,
  0x00, 0x00, 0x00, 0x00, 0x00, 0x00, 0x00, 0x00, 0x64, 0x00, 0x02, 0x00, 0x07, 0x00, 0xaf, 0x00,
  0x00, 0x00, 0x00, 0x00, 0x01, 0x00, 0x00, 0x00, 0x03, 0x00, 0x00, 0x00, 0xa2, 0xd9, 0x9a, 0x40,
  0x00, 0x00, 0x00, 0x00, 0x00, 0x00, 0x00, 0x00, 0x00, 0x00, 0x00, 0x00, 0x00, 0x00, 0x00, 0x00,
  0xa2, 0xd9, 0x9a, 0x40, 0x00, 0x00, 0x00, 0x00, 0x00, 0x00, 0x00, 0x00, 0x00, 0x00, 0x00, 0x00,
  0x00, 0x00, 0x00, 0x00, 0xa2, 0xd9, 0x9a, 0x40, 0x00, 0x00, 0x00, 0x00, 0x00, 0x00, 0x00, 0x00,
  0x00, 0x00, 0x00, 0x00, 0x00, 0x00, 0x00, 0x00, 0x00, 0x00, 0x80, 0x3f, 0x00, 0x00, 0x00, 0x00,
  0x00, 0x00, 0x00, 0x00, 0x00, 0x00, 0x00, 0x00, 0x00, 0x00, 0x00, 0x00, 0x00, 0x00, 0x00, 0x00,
  0x00, 0x00, 0x00, 0x00, 0x00, 0x00, 0x00, 0x00, 0x00, 0x00, 0x00, 0x00, 0x00, 0x00, 0x00, 0x00,
  0x00, 0x00, 0x00, 0x00, 0x00, 0x00, 0x00, 0x00, 0x00, 0x00, 0x00, 0x00, 0x00, 0x00, 0x00, 0x00,
  0x00, 0x00, 0x00, 0x00, 0x00, 0x00, 0x00, 0x00, 0x00, 0x00, 0x00, 0x00, 0x00, 0x00, 0x00, 0x00,
  0x00, 0x00, 0x00, 0x00, 0x00, 0x00, 0x00, 0x00, 0x00, 0x00, 0x00, 0x00, 0x00, 0x00, 0x08, 0x18,
  0x00, 0x00, 0x0a, 0x00, 0x00, 0x00, 0x00, 0x00, 0x00, 0x00, 0x00, 0x00, 0x00, 0x00, 0x00, 0x00,
  0x00, 0x00, 0x00, 0x00, 0x00, 0x00, 0x00, 0x00, 0x00, 0x00, 0x00, 0x00, 0x00, 0x00, 0x00, 0x00,
  0x00, 0x00, 0x00, 0x00, 0x00, 0x00, 0x00, 0x00, 0x44, 0x41, 0x54, 0x41, 0xdc, 0x00, 0x00, 0x00,
  0x58, 0x0c, 0xf0, 0x06, 0x92, 0x00, 0x00, 0x00, 0x01, 0x00, 0x00, 0x00, 0xb0, 0x48, 0xf0, 0x06,
  0x20, 0x28, 0xfb, 0x02, 0x04, 0x00, 0x00, 0x00, 0x33, 0x33, 0x33, 0x3f, 0xe0, 0x2a, 0x82, 0x01,
  0x00, 0x00, 0x00, 0x00, 0x00, 0x00, 0x00, 0x00, 0x00, 0x00, 0x00, 0x00, 0x00, 0x00, 0x00, 0x00,
  0x00, 0x00, 0x00, 0x00, 0x00, 0x00, 0x00, 0x00, 0x00, 0x00, 0x00, 0x00, 0x00, 0x00, 0x00, 0x00,
  0x00, 0xe0, 0x9f, 0x44, 0x00, 0x00, 0x00, 0x00, 0x00, 0x00, 0x64, 0x43, 0xac, 0x3e, 0x39, 0x43,
  0x2c, 0xb8, 0x88, 0x44, 0xa9, 0x65, 0x1c, 0xc3, 0x10, 0x93, 0xad, 0x43, 0x00, 0x00, 0x00, 0x00,
  0x00, 0x00, 0x00, 0x00, 0x00, 0x00, 0x00, 0x00, 0x00, 0x00, 0x00, 0x00, 0x00, 0x00, 0x00, 0x00,
  0x00, 0x00, 0x00, 0x00, 0x00, 0x00, 0x00, 0x00, 0x00, 0x00, 0x00, 0x00, 0x00, 0x00, 0x00, 0x00,
  0x00, 0x00, 0x00, 0x00, 0x00, 0x00, 0x00, 0x00, 0x00, 0x00, 0x00, 0x00, 0x00, 0x00, 0x80, 0x43,
  0x00, 0x00, 0x28, 0x42, 0x00, 0x00, 0xc8, 0x44, 0x00, 0x00, 0xe1, 0x43, 0x00, 0x00, 0x00, 0x3f,
  0xe1, 0x7a, 0xb4, 0x3f, 0x00, 0x00, 0x01, 0x00, 0x01, 0x00, 0x01, 0x00, 0x00, 0x00, 0x00, 0x00,
  0x00, 0x00, 0x00, 0x00, 0x00, 0x00, 0x00, 0x00, 0x00, 0x00, 0x00, 0x00, 0x00, 0x00, 0x00, 0x00,
  0x00, 0x00, 0x00, 0x00, 0x00, 0x00, 0x00, 0x00, 0x00, 0x00, 0x00, 0x00, 0x00, 0x00, 0x00, 0x00,
  0x00, 0x00, 0x00, 0x00, 0x00, 0x00, 0x00, 0x00, 0x96, 0x01, 0x01, 0x00, 0x00, 0x00, 0x00, 0x00,
  0x00, 0x00, 0x00, 0x00, 0x00, 0x00, 0x00, 0x00, 0x44, 0x41, 0x54, 0x41, 0x58, 0x01, 0x00, 0x00,
  0xb0, 0x48, 0xf0, 0x06, 0x91, 0x00, 0x00, 0x00, 0x01, 0x00, 0x00, 0x00, 0x20, 0x69, 0xf0, 0x06,
  0x58, 0x0c, 0xf0, 0x06, 0x02, 0x00, 0x00, 0x00, 0x33, 0x33, 0x33, 0x3f, 0xe0, 0x2a, 0x82, 0x01,
  0x00, 0x00, 0x00, 0x00, 0x00, 0x00, 0x00, 0x00, 0x00, 0x00, 0x00, 0x00, 0x00, 0x00, 0x00, 0x00,
  0x00, 0x00, 0x00, 0x00, 0x00, 0x00, 0x00, 0x00, 0x00, 0x00, 0x00, 0x00, 0x00, 0x00, 0x7a, 0x43,
  0x00, 0x00, 0x20, 0xc1, 0x00, 0x00, 0x20, 0x41, 0x00, 0x00, 0x00, 0x00, 0x00, 0x00, 0x7a, 0x43,
  0x00, 0x00, 0x20, 0xc1, 0x00, 0x00, 0x20, 0x41, 0x00, 0x00, 0x00, 0x00, 0x00, 0x00, 0x00, 0x00,
  0x00, 0x00, 0x00, 0x00, 0x00, 0x00, 0x00, 0x00, 0x00, 0x00, 0x00, 0x00, 0x00, 0x00, 0x00, 0x00,
  0x00, 0x00, 0x00, 0x00, 0x00, 0x00, 0x00, 0x00, 0x00, 0x00, 0x00, 0x00, 0x00, 0x00, 0x00, 0x00,
  0x00, 0x00, 0x00, 0x00, 0x00, 0x00, 0x00, 0x00, 0x0a, 0xd7, 0x23, 0x3c, 0x0a, 0xd7, 0x23, 0x3c,
  0x00, 0x60, 0x6a, 0x46, 0x00, 0x00, 0x7a, 0x44, 0x00, 0x00, 0x00, 0x00, 0x00, 0x00, 0x00, 0x00,
  0x09, 0x00, 0x00, 0x00, 0x00, 0x00, 0x00, 0x00, 0x00, 0x00, 0x00, 0x00, 0x00, 0x00, 0x00, 0x00,
  0x00, 0x00, 0x00, 0x00, 0x00, 0x00, 0x00, 0x00, 0x00, 0x00, 0x00, 0x00, 0x00, 0x00, 0x00, 0x00,
  0x00, 0x00, 0x00, 0x00, 0x00, 0x00, 0x00, 0x00, 0x00, 0x00, 0x00, 0x00, 0x00, 0x00, 0x00, 0x00,
  0x00, 0x00, 0x00, 0x00, 0x00, 0x00, 0x00, 0x00, 0x00, 0x00, 0x00, 0x00, 0x00, 0x00, 0x00, 0x00,
  0x00, 0x00, 0x00, 0x00, 0x00, 0x00, 0x00, 0x00, 0x00, 0x00, 0x00, 0x00, 0x00, 0x00, 0x00, 0x00,
  0x00, 0x00, 0x00, 0x00, 0x00, 0x00, 0x00, 0x00, 0x00, 0x00, 0x00, 0x00, 0x00, 0x00, 0x00, 0x00,
  0x00, 0x00, 0x00, 0x00, 0x00, 0x00, 0x00, 0x00, 0x00, 0x00, 0x00, 0x00, 0x00, 0x00, 0x00, 0x00,
  0x00, 0x00, 0x00, 0x00, 0x00, 0x00, 0x00, 0x00, 0x00, 0x00, 0x00, 0x00, 0x00, 0x00, 0x00, 0x00,
  0x00, 0x00, 0x00, 0x00, 0x00, 0x00, 0x00, 0x00, 0x00, 0x00, 0x00, 0x00, 0x00, 0x00, 0x00, 0x00,
  0x00, 0x00, 0x00, 0x00, 0x00, 0x00, 0x00, 0x00, 0x00, 0x00, 0x00, 0x00, 0x00, 0x00, 0x4f, 0x42,
  0x00, 0x00, 0x00, 0x00, 0x00, 0x00, 0x00, 0x00, 0x00, 0x00, 0x00, 0x00, 0x00, 0x00, 0x00, 0x00,
  0x00, 0x00, 0x00, 0x00, 0x00, 0x00, 0x00, 0x00, 0x00, 0x00, 0x00, 0x00, 0x00, 0x00, 0x00, 0x00,
  0x00, 0x00, 0x00, 0x00, 0x44, 0x41, 0x54, 0x41, 0xc8, 0x01, 0x00, 0x00, 0x20, 0x69, 0xf0, 0x06,
  0x94, 0x00, 0x00, 0x00, 0x01, 0x00, 0x00, 0x00, 0x00, 0x00, 0x00, 0x00, 0xb0, 0x48, 0xf0, 0x06,
  0x05, 0x00, 0x00, 0x00, 0x33, 0x33, 0x33, 0x3f, 0xe0, 0x2a, 0x82, 0x01, 0x00, 0x00, 0x00, 0x00,
  0x00, 0x00, 0x00, 0x00, 0x00, 0x00, 0x00, 0x00, 0x00, 0x00, 0x00, 0x00, 0x00, 0x00, 0x00, 0x00,
  0x20, 0x00, 0x00, 0x00, 0x53, 0x41, 0x56, 0x45, 0x20, 0x46, 0x49, 0x4c, 0x45, 0x00, 0x00, 0x00,
  0x00, 0x00, 0x00, 0x00, 0x00, 0x00, 0x00, 0x00, 0x00, 0x00, 0x00, 0x00, 0x2f, 0x55, 0x73, 0x65,
  0x72, 0x73, 0x2f, 0x74, 0x6f, 0x6e, 0x2f, 0x44, 0x65, 0x73, 0x6b, 0x74, 0x6f, 0x70, 0x2f, 0x00,
  0x64, 0x65, 0x72, 0x2f, 0x62, 0x6c, 0x65, 0x6e, 0x64, 0x2f, 0x00, 0x00, 0x00, 0x00, 0x00, 0x00,
  0x00, 0x00, 0x00, 0x00, 0x00, 0x00, 0x00, 0x00, 0x00, 0x00, 0x00, 0x00, 0x00, 0x00, 0x00, 0x00,
  0x00, 0x00, 0x00, 0x00, 0x00, 0x00, 0x00, 0x00, 0x00, 0x00, 0x00, 0x00, 0x00, 0x00, 0x00, 0x00,
  0x00, 0x00, 0x00, 0x00, 0x00, 0x00, 0x00, 0x00, 0x00, 0x00, 0x00, 0x00, 0x00, 0x00, 0x00, 0x00,
  0x00, 0x00, 0x00, 0x00, 0x00, 0x00, 0x00, 0x00, 0x00, 0x00, 0x00, 0x00, 0x00, 0x00, 0x00, 0x00,
  0x00, 0x00, 0x00, 0x00, 0x00, 0x00, 0x00, 0x00, 0x00, 0x00, 0x00, 0x00, 0x00, 0x00, 0x00, 0x00,
  0x00, 0x00, 0x00, 0x00, 0x00, 0x00, 0x00, 0x00, 0x00, 0x00, 0x00, 0x00, 0x00, 0x00, 0x00, 0x00,
  0x00, 0x00, 0x00, 0x00, 0x00, 0x00, 0x00, 0x00, 0x00, 0x00, 0x00, 0x00, 0x00, 0x00, 0x00, 0x00,
  0x00, 0x00, 0x00, 0x00, 0x00, 0x00, 0x00, 0x00, 0x00, 0x00, 0x00, 0x00, 0x00, 0x00, 0x00, 0x00,
  0x00, 0x00, 0x00, 0x00, 0x00, 0x00, 0x00, 0x00, 0x00, 0x00, 0x00, 0x00, 0x00, 0x00, 0x00, 0x00,
  0x00, 0x00, 0x00, 0x00, 0x00, 0x00, 0x00, 0x00, 0x00, 0x00, 0x00, 0x00, 0x00, 0x00, 0x00, 0x00,
  0x00, 0x00, 0x00, 0x00, 0x00, 0x00, 0x00, 0x00, 0x00, 0x00, 0x00, 0x00, 0x00, 0x00, 0x00, 0x00,
  0x00, 0x00, 0x00, 0x00, 0x00, 0x00, 0x00, 0x00, 0x00, 0x00, 0x00, 0x00, 0x00, 0x00, 0x00, 0x00,
  0x00, 0x00, 0x00, 0x00, 0x00, 0x00, 0x00, 0x00, 0x00, 0x00, 0x00, 0x00, 0x75, 0x6e, 0x74, 0x69,
  0x74, 0x6c, 0x65, 0x64, 0x2e, 0x62, 0x6c, 0x65, 0x6e, 0x64, 0x00, 0x00, 0x00, 0x00, 0x00, 0x00,
  0x00, 0x00, 0x00, 0x00, 0x00, 0x00, 0x00, 0x00, 0x00, 0x00, 0x00, 0x00, 0x00, 0x00, 0x00, 0x00,
  0x00, 0x00, 0x00, 0x00, 0x00, 0x00, 0x00, 0x00, 0x00, 0x00, 0x00, 0x00, 0x00, 0x00, 0x00, 0x00,
  0x00, 0x00, 0x00, 0x00, 0x00, 0x00, 0x00, 0x00, 0x00, 0x00, 0x00, 0x00, 0x00, 0x00, 0x00, 0x00,
  0x00, 0x00, 0x00, 0x00, 0x00, 0x00, 0x00, 0x00, 0x00, 0x00, 0x00, 0x00, 0x08, 0x00, 0x00, 0x00,
  0x01, 0x00, 0x00, 0x00, 0xcb, 0x00, 0x01, 0x00, 0x00, 0x00, 0x00, 0x00, 0x00, 0x00, 0x00, 0x00,
  0x00, 0x00, 0x00, 0x00, 0x00, 0x00, 0x00, 0x00, 0x00, 0x00, 0x00, 0x00, 0x00, 0x00, 0x00, 0x00,
  0xff, 0xff, 0x00, 0x00, 0x00, 0x00, 0x00, 0x00, 0x00, 0x00, 0x00, 0x00, 0x00, 0x00, 0x00, 0x00,
  0x00, 0x00, 0x00, 0x00, 0x00, 0x00, 0x00, 0x00, 0x00, 0x00, 0x00, 0x00, 0x00, 0x00, 0x00, 0x00,
  0x53, 0x52, 0x00, 0x00, 0x78, 0x00, 0x00, 0x00, 0x08, 0x13, 0xf0, 0x06, 0xa4, 0x00, 0x00, 0x00,
  0x01, 0x00, 0x00, 0x00, 0xb0, 0x13, 0xf0, 0x06, 0x60, 0x12, 0xf0, 0x06, 0x00, 0x00, 0x00, 0x00,
  0x00, 0x00, 0x00, 0x00, 0x53, 0x52, 0x34, 0x2d, 0x53, 0x65, 0x71, 0x75, 0x65, 0x6e, 0x63, 0x65,
  0x00, 0x00, 0x00, 0x00, 0x00, 0x00, 0x00, 0x00, 0x00, 0x00, 0x00, 0x00, 0x01, 0x00, 0x00, 0x00,
  0x00, 0x00, 0x00, 0x00, 0x00, 0x00, 0x00, 0x00, 0xe0, 0x36, 0xf0, 0x06, 0x88, 0x3a, 0xf0, 0x06,
  0xd0, 0x3a, 0xf0, 0x06, 0x70, 0x40, 0xf0, 0x06, 0x40, 0x71, 0xfa, 0x02, 0x40, 0x76, 0xfa, 0x02,
  0x38, 0xc2, 0xf0, 0x06, 0x00, 0x00, 0xe7, 0x03, 0x8f, 0x01, 0xae, 0x04, 0xe8, 0x03, 0x20, 0x03,
  0x01, 0x00, 0x04, 0x00, 0x00, 0x00, 0x00, 0x00, 0x01, 0x00, 0x00, 0x00, 0x00, 0x00, 0x06, 0x00,
  0x00, 0x00, 0x00, 0x00, 0x00, 0x00, 0x00, 0x00, 0x00, 0x00, 0x00, 0x00, 0x44, 0x41, 0x54, 0x41,
  0x14, 0x00, 0x00, 0x00, 0xe0, 0x36, 0xf0, 0x06, 0xa5, 0x00, 0x00, 0x00, 0x01, 0x00, 0x00, 0x00,
  0x28, 0x37, 0xf0, 0x06, 0x00, 0x00, 0x00, 0x00, 0x00, 0x00, 0x00, 0x00, 0x00, 0x00, 0x00, 0x00,
  0x00, 0x00, 0x00, 0x00, 0x44, 0x41, 0x54, 0x41, 0x14, 0x00, 0x00, 0x00, 0x28, 0x37, 0xf0, 0x06,
  0xa5, 0x00, 0x00, 0x00, 0x01, 0x00, 0x00, 0x00, 0x70, 0x37, 0xf0, 0x06, 0xe0, 0x36, 0xf0, 0x06,
  0x00, 0x00, 0x00, 0x00, 0x00, 0x00, 0x20, 0x03, 0x00, 0x00, 0x00, 0x00, 0x44, 0x41, 0x54, 0x41,
  0x14, 0x00, 0x00, 0x00, 0x70, 0x37, 0xf0, 0x06, 0xa5, 0x00, 0x00, 0x00, 0x01, 0x00, 0x00, 0x00,
  0xb8, 0x37, 0xf0, 0x06, 0x28, 0x37, 0xf0, 0x06, 0x00, 0x00, 0x00, 0x00, 0xe8, 0x03, 0x20, 0x03,
  0x00, 0x00, 0x00, 0x00, 0x44, 0x41, 0x54, 0x41, 0x14, 0x00, 0x00, 0x00, 0xb8, 0x37, 0xf0, 0x06,
  0xa5, 0x00, 0x00, 0x00, 0x01, 0x00, 0x00, 0x00, 0x00, 0x38, 0xf0, 0x06, 0x70, 0x37, 0xf0, 0x06,
  0x00, 0x00, 0x00, 0x00, 0xe8, 0x03, 0x00, 0x00, 0x00, 0x00, 0x00, 0x00, 0x44, 0x41, 0x54, 0x41,
  0x14, 0x00, 0x00, 0x00, 0x00, 0x38, 0xf0, 0x06, 0xa5, 0x00, 0x00, 0x00, 0x01, 0x00, 0x00, 0x00,
  0x48, 0x38, 0xf0, 0x06, 0xb8, 0x37, 0xf0, 0x06, 0x00, 0x00, 0x00, 0x00, 0x00, 0x00, 0xc8, 0x00,
  0x00, 0x00, 0x00, 0x00, 0x44, 0x41, 0x54, 0x41, 0x14, 0x00, 0x00, 0x00, 0x48, 0x38, 0xf0, 0x06,
  0xa5, 0x00, 0x00, 0x00, 0x01, 0x00, 0x00, 0x00, 0x90, 0x38, 0xf0, 0x06, 0x00, 0x38, 0xf0, 0x06,
  0x00, 0x00, 0x00, 0x00, 0xe8, 0x03, 0xc8, 0x00, 0x00, 0x00, 0x00, 0x00, 0x44, 0x41, 0x54, 0x41,
  0x14, 0x00, 0x00, 0x00, 0x90, 0x38, 0xf0, 0x06, 0xa5, 0x00, 0x00, 0x00, 0x01, 0x00, 0x00, 0x00,
  0xd8, 0x38, 0xf0, 0x06, 0x48, 0x38, 0xf0, 0x06, 0x00, 0x00, 0x00, 0x00, 0x00, 0x00, 0x06, 0x03,
  0x01, 0x00, 0x00, 0x00, 0x44, 0x41, 0x54, 0x41, 0x14, 0x00, 0x00, 0x00, 0xd8, 0x38, 0xf0, 0x06,
  0xa5, 0x00, 0x00, 0x00, 0x01, 0x00, 0x00, 0x00, 0x20, 0x39, 0xf0, 0x06, 0x90, 0x38, 0xf0, 0x06,
  0x00, 0x00, 0x00, 0x00, 0xe8, 0x03, 0x06, 0x03, 0x01, 0x00, 0x00, 0x00, 0x44, 0x41, 0x54, 0x41,
  0x14, 0x00, 0x00, 0x00, 0x20, 0x39, 0xf0, 0x06, 0xa5, 0x00, 0x00, 0x00, 0x01, 0x00, 0x00, 0x00,
  0x68, 0x39, 0xf0, 0x06, 0xd8, 0x38, 0xf0, 0x06, 0x00, 0x00, 0x00, 0x00, 0x00, 0x00, 0xf4, 0x01,
  0x00, 0x00, 0x00, 0x00, 0x44, 0x41, 0x54, 0x41, 0x14, 0x00, 0x00, 0x00, 0x68, 0x39, 0xf0, 0x06,
  0xa5, 0x00, 0x00, 0x00, 0x01, 0x00, 0x00, 0x00, 0xb0, 0x39, 0xf0, 0x06, 0x20, 0x39, 0xf0, 0x06,
  0x00, 0x00, 0x00, 0x00, 0xe8, 0x03, 0xf4, 0x01, 0x00, 0x00, 0x00, 0x00, 0x44, 0x41, 0x54, 0x41,
  0x14, 0x00, 0x00, 0x00, 0xb0, 0x39, 0xf0, 0x06, 0xa5, 0x00, 0x00, 0x00, 0x01, 0x00, 0x00, 0x00,
  0xf8, 0x39, 0xf0, 0x06, 0x68, 0x39, 0xf0, 0x06, 0x00, 0x00, 0x00, 0x00, 0x54, 0x02, 0xf4, 0x01,
  0x00, 0x00, 0x00, 0x00, 0x44, 0x41, 0x54, 0x41, 0x14, 0x00, 0x00, 0x00, 0xf8, 0x39, 0xf0, 0x06,
  0xa5, 0x00, 0x00, 0x00, 0x01, 0x00, 0x00, 0x00, 0x40, 0x3a, 0xf0, 0x06, 0xb0, 0x39, 0xf0, 0x06,
  0x00, 0x00, 0x00, 0x00, 0x54, 0x02, 0x06, 0x03, 0x01, 0x00, 0x00, 0x00, 0x44, 0x41, 0x54, 0x41,
  0x14, 0x00, 0x00, 0x00, 0x40, 0x3a, 0xf0, 0x06, 0xa5, 0x00, 0x00, 0x00, 0x01, 0x00, 0x00, 0x00,
  0x88, 0x3a, 0xf0, 0x06, 0xf8, 0x39, 0xf0, 0x06, 0x00, 0x00, 0x00, 0x00, 0x00, 0x00, 0x04, 0x01,
  0x00, 0x00, 0x00, 0x00, 0x44, 0x41, 0x54, 0x41, 0x14, 0x00, 0x00, 0x00, 0x88, 0x3a, 0xf0, 0x06,
  0xa5, 0x00, 0x00, 0x00, 0x01, 0x00, 0x00, 0x00, 0x00, 0x00, 0x00, 0x00, 0x40, 0x3a, 0xf0, 0x06,
  0x00, 0x00, 0x00, 0x00, 0xe8, 0x03, 0x04, 0x01, 0x00, 0x00, 0x00, 0x00, 0x44, 0x41, 0x54, 0x41,
  0x18, 0x00, 0x00, 0x00, 0xd0, 0x3a, 0xf0, 0x06, 0xa6, 0x00, 0x00, 0x00, 0x01, 0x00, 0x00, 0x00,
  0x18, 0x3b, 0xf0, 0x06, 0x00, 0x00, 0x00, 0x00, 0x28, 0x37, 0xf0, 0x06, 0x70, 0x37, 0xf0, 0x06,
  0x01, 0x00, 0x00, 0x00, 0x00, 0x00, 0x00, 0x00, 0x44, 0x41, 0x54, 0x41, 0x18, 0x00, 0x00, 0x00,
  0x18, 0x3b, 0xf0, 0x06, 0xa6, 0x00, 0x00, 0x00, 0x01, 0x00, 0x00, 0x00, 0x60, 0x3b, 0xf0, 0x06,
  0xd0, 0x3a, 0xf0, 0x06, 0xe0, 0x36, 0xf0, 0x06, 0xb8, 0x37, 0xf0, 0x06, 0x01, 0x00, 0x00, 0x00,
  0x00, 0x00, 0x00, 0x00, 0x44, 0x41, 0x54, 0x41, 0x18, 0x00, 0x00, 0x00, 0x60, 0x3b, 0xf0, 0x06,
  0xa6, 0x00, 0x00, 0x00, 0x01, 0x00, 0x00, 0x00, 0xa8, 0x3b, 0xf0, 0x06, 0x18, 0x3b, 0xf0, 0x06,
  0xe0, 0x36, 0xf0, 0x06, 0x00, 0x38, 0xf0, 0x06, 0x01, 0x00, 0x00, 0x00, 0x00, 0x00, 0x00, 0x00,
  0x44, 0x41, 0x54, 0x41, 0x18, 0x00, 0x00, 0x00, 0xa8, 0x3b, 0xf0, 0x06, 0xa6, 0x00, 0x00, 0x00,
  0x01, 0x00, 0x00, 0x00, 0xf0, 0x3b, 0xf0, 0x06, 0x60, 0x3b, 0xf0, 0x06, 0xb8, 0x37, 0xf0, 0x06,
  0x48, 0x38, 0xf0, 0x06, 0x01, 0x00, 0x00, 0x00, 0x00, 0x00, 0x00, 0x00, 0x44, 0x41, 0x54, 0x41,
  0x18, 0x00, 0x00, 0x00, 0xf0, 0x3b, 0xf0, 0x06, 0xa6, 0x00, 0x00, 0x00, 0x01, 0x00, 0x00, 0x00,
  0x38, 0x3c, 0xf0, 0x06, 0xa8, 0x3b, 0xf0, 0x06, 0x00, 0x38, 0xf0, 0x06, 0x48, 0x38, 0xf0, 0x06,
  0x00, 0x00, 0x00, 0x00, 0x00, 0x00, 0x00, 0x00, 0x44, 0x41, 0x54, 0x41, 0x18, 0x00, 0x00, 0x00,
  0x38, 0x3c, 0xf0, 0x06, 0xa6, 0x00, 0x00, 0x00, 0x01, 0x00, 0x00, 0x00, 0x80, 0x3c, 0xf0, 0x06,
  0xf0, 0x3b, 0xf0, 0x06, 0x28, 0x37, 0xf0, 0x06, 0x90, 0x38, 0xf0, 0x06, 0x01, 0x00, 0x00, 0x00,
  0x00, 0x00, 0x00, 0x00, 0x44, 0x41, 0x54, 0x41, 0x18, 0x00, 0x00, 0x00, 0x80, 0x3c, 0xf0, 0x06,
  0xa6, 0x00, 0x00, 0x00, 0x01, 0x00, 0x00, 0x00, 0xc8, 0x3c, 0xf0, 0x06, 0x38, 0x3c, 0xf0, 0x06,
  0x70, 0x37, 0xf0, 0x06, 0xd8, 0x38, 0xf0, 0x06, 0x01, 0x00, 0x00, 0x00, 0x00, 0x00, 0x00, 0x00,
  0x44, 0x41, 0x54, 0x41, 0x18, 0x00, 0x00, 0x00, 0xc8, 0x3c, 0xf0, 0x06, 0xa6, 0x00, 0x00, 0x00,
  0x01, 0x00, 0x00, 0x00, 0x10, 0x3d, 0xf0, 0x06, 0x80, 0x3c, 0xf0, 0x06, 0x90, 0x38, 0xf0, 0x06,
  0xd8, 0x38, 0xf0, 0x06, 0x00, 0x00, 0x00, 0x00, 0x00, 0x00, 0x00, 0x00, 0x44, 0x41, 0x54, 0x41,
  0x18, 0x00, 0x00, 0x00, 0x10, 0x3d, 0xf0, 0x06, 0xa6, 0x00, 0x00, 0x00, 0x01, 0x00, 0x00, 0x00,
  0x58, 0x3d, 0xf0, 0x06, 0xc8, 0x3c, 0xf0, 0x06, 0x90, 0x38, 0xf0, 0x06, 0x20, 0x39, 0xf0, 0x06,
  0x01, 0x00, 0x00, 0x00, 0x00, 0x00, 0x00, 0x00, 0x44, 0x41, 0x54, 0x41, 0x18, 0x00, 0x00, 0x00,
  0x58, 0x3d, 0xf0, 0x06, 0xa6, 0x00, 0x00, 0x00, 0x01, 0x00, 0x00, 0x00, 0xa0, 0x3d, 0xf0, 0x06,
  0x10, 0x3d, 0xf0, 0x06, 0xd8, 0x38, 0xf0, 0x06, 0x68, 0x39, 0xf0, 0x06, 0x01, 0x00, 0x00, 0x00,
  0x00, 0x00, 0x00, 0x00, 0x44, 0x41, 0x54, 0x41, 0x18, 0x00, 0x00, 0x00, 0xa0, 0x3d, 0xf0, 0x06,
  0xa6, 0x00, 0x00, 0x00, 0x01, 0x00, 0x00, 0x00, 0xe8, 0x3d, 0xf0, 0x06, 0x58, 0x3d, 0xf0, 0x06,
  0x20, 0x39, 0xf0, 0x06, 0x68, 0x39, 0xf0, 0x06, 0x00, 0x00, 0x00, 0x00, 0x00, 0x00, 0x00, 0x00,
  0x44, 0x41, 0x54, 0x41, 0x18, 0x00, 0x00, 0x00, 0xe8, 0x3d, 0xf0, 0x06, 0xa6, 0x00, 0x00, 0x00,
  0x01, 0x00, 0x00, 0x00, 0x30, 0x3e, 0xf0, 0x06, 0xa0, 0x3d, 0xf0, 0x06, 0x20, 0x39, 0xf0, 0x06,
  0xb0, 0x39, 0xf0, 0x06, 0x00, 0x00, 0x00, 0x00, 0x00, 0x00, 0x00, 0x00, 0x44, 0x41, 0x54, 0x41,
  0x18, 0x00, 0x00, 0x00, 0x30, 0x3e, 0xf0, 0x06, 0xa6, 0x00, 0x00, 0x00, 0x01, 0x00, 0x00, 0x00,
  0x78, 0x3e, 0xf0, 0x06, 0xe8, 0x3d, 0xf0, 0x06, 0x68, 0x39, 0xf0, 0x06, 0xb0, 0x39, 0xf0, 0x06,
  0x00, 0x00, 0x00, 0x00, 0x00, 0x00, 0x00, 0x00, 0x44, 0x41, 0x54, 0x41, 0x18, 0x00, 0x00, 0x00,
  0x78, 0x3e, 0xf0, 0x06, 0xa6, 0x00, 0x00, 0x00, 0x01, 0x00, 0x00, 0x00, 0xc0, 0x3e, 0xf0, 0x06,
  0x30, 0x3e, 0xf0, 0x06, 0x90, 0x38, 0xf0, 0x06, 0xf8, 0x39, 0xf0, 0x06, 0x00, 0x00, 0x00, 0x00,
  0x00, 0x00, 0x00, 0x00, 0x44, 0x41, 0x54, 0x41, 0x18, 0x00, 0x00, 0x00, 0xc0, 0x3e, 0xf0, 0x06,
  0xa6, 0x00, 0x00, 0x00, 0x01, 0x00, 0x00, 0x00, 0x08, 0x3f, 0xf0, 0x06, 0x78, 0x3e, 0xf0, 0x06,
  0xd8, 0x38, 0xf0, 0x06, 0xf8, 0x39, 0xf0, 0x06, 0x00, 0x00, 0x00, 0x00, 0x00, 0x00, 0x00, 0x00,
  0x44, 0x41, 0x54, 0x41, 0x18, 0x00, 0x00, 0x00, 0x08, 0x3f, 0xf0, 0x06, 0xa6, 0x00, 0x00, 0x00,
  0x01, 0x00, 0x00, 0x00, 0x50, 0x3f, 0xf0, 0x06, 0xc0, 0x3e, 0xf0, 0x06, 0xb0, 0x39, 0xf0, 0x06,
  0xf8, 0x39, 0xf0, 0x06, 0x00, 0x00, 0x00, 0x00, 0x00, 0x00, 0x00, 0x00, 0x44, 0x41, 0x54, 0x41,
  0x18, 0x00, 0x00, 0x00, 0x50, 0x3f, 0xf0, 0x06, 0xa6, 0x00, 0x00, 0x00, 0x01, 0x00, 0x00, 0x00,
  0x98, 0x3f, 0xf0, 0x06, 0x08, 0x3f, 0xf0, 0x06, 0x00, 0x38, 0xf0, 0x06, 0x40, 0x3a, 0xf0, 0x06,
  0x00, 0x00, 0x00, 0x00, 0x00, 0x00, 0x00, 0x00, 0x44, 0x41, 0x54, 0x41, 0x18, 0x00, 0x00, 0x00,
  0x98, 0x3f, 0xf0, 0x06, 0xa6, 0x00, 0x00, 0x00, 0x01, 0x00, 0x00, 0x00, 0xe0, 0x3f, 0xf0, 0x06,
  0x50, 0x3f, 0xf0, 0x06, 0x20, 0x39, 0xf0, 0x06, 0x40, 0x3a, 0xf0, 0x06, 0x00, 0x00, 0x00, 0x00,
  0x00, 0x00, 0x00, 0x00, 0x44, 0x41, 0x54, 0x41, 0x18, 0x00, 0x00, 0x00, 0xe0, 0x3f, 0xf0, 0x06,
  0xa6, 0x00, 0x00, 0x00, 0x01, 0x00, 0x00, 0x00, 0x28, 0x40, 0xf0, 0x06, 0x98, 0x3f, 0xf0, 0x06,
  0x68, 0x39, 0xf0, 0x06, 0x88, 0x3a, 0xf0, 0x06, 0x00, 0x00, 0x00, 0x00, 0x00, 0x00, 0x00, 0x00,
  0x44, 0x41, 0x54, 0x41, 0x18, 0x00, 0x00, 0x00, 0x28, 0x40, 0xf0, 0x06, 0xa6, 0x00, 0x00, 0x00,
  0x01, 0x00, 0x00, 0x00, 0x70, 0x40, 0xf0, 0x06, 0xe0, 0x3f, 0xf0, 0x06, 0x48, 0x38, 0xf0, 0x06,
  0x88, 0x3a, 0xf0, 0x06, 0x00, 0x00, 0x00, 0x00, 0x00, 0x00, 0x00, 0x00, 0x44, 0x41, 0x54, 0x41,
  0x18, 0x00, 0x00, 0x00, 0x70, 0x40, 0xf0, 0x06, 0xa6, 0x00, 0x00, 0x00, 0x01, 0x00, 0x00, 0x00,
  0x00, 0x00, 0x00, 0x00, 0x28, 0x40, 0xf0, 0x06, 0x40, 0x3a, 0xf0, 0x06, 0x88, 0x3a, 0xf0, 0x06,
  0x00, 0x00, 0x00, 0x00, 0x00, 0x00, 0x00, 0x00, 0x44, 0x41, 0x54, 0x41, 0xcc, 0x00, 0x00, 0x00,
  0x40, 0x71, 0xfa, 0x02, 0xa8, 0x00, 0x00, 0x00, 0x01, 0x00, 0x00, 0x00, 0x40, 0x72, 0xfa, 0x02,
  0x00, 0x00, 0x00, 0x00, 0xe0, 0x36, 0xf0, 0x06, 0x00, 0x38, 0xf0, 0x06, 0x48, 0x38, 0xf0, 0x06,
  0xb8, 0x37, 0xf0, 0x06, 0x00, 0x00, 0x00, 0x00, 0x00, 0x00, 0x00, 0x00, 0x00, 0x00, 0x00, 0x00,
  0x00, 0x00, 0x00, 0x00, 0x00, 0x00, 0x00, 0x00, 0x00, 0x00, 0x00, 0x00, 0x00, 0x00, 0x00, 0x00,
  0x00, 0x00, 0x00, 0x00, 0x00, 0x00, 0x00, 0x00, 0x00, 0x00, 0x00, 0x00, 0x00, 0x00, 0x00, 0x00,
  0x00, 0x00, 0x00, 0x00, 0x00, 0x00, 0x00, 0x00, 0x00, 0x00, 0x00, 0x00, 0x00, 0x00, 0x00, 0x00,
  0x00, 0x00, 0x00, 0x00, 0x00, 0x00, 0x00, 0x00, 0x00, 0x00, 0x00, 0x00, 0xe8, 0x03, 0x00, 0x00,
  0x00, 0x00, 0x00, 0x00, 0xc7, 0x00, 0x00, 0x00, 0x00, 0x00, 0x00, 0x00, 0xe8, 0x03, 0x00, 0x00,
  0xad, 0x00, 0x00, 0x00, 0xc7, 0x00, 0x00, 0x00, 0x00, 0x00, 0x00, 0x00, 0xe8, 0x03, 0x00, 0x00,
  0x00, 0x00, 0x00, 0x00, 0xac, 0x00, 0x00, 0x00, 0x00, 0x00, 0x00, 0x00, 0x02, 0x00, 0x04, 0x04,
  0xe9, 0x03, 0xad, 0x00, 0x01, 0x00, 0x01, 0x01, 0x8b, 0x01, 0x00, 0x00, 0x07, 0x00, 0x00, 0x00,
  0x00, 0x00, 0x00, 0x00, 0x00, 0x00, 0x00, 0x00, 0x00, 0x00, 0x00, 0x00, 0x00, 0x00, 0x00, 0x00,
  0x58, 0x89, 0xf0, 0x06, 0x18, 0x6b, 0xf0, 0x06, 0x00, 0x00, 0x00, 0x00, 0x00, 0x00, 0x00, 0x00,
  0x70, 0x0d, 0xf0, 0x06, 0x40, 0x88, 0xf0, 0x06, 0x44, 0x41, 0x54, 0x41, 0xe4, 0x00, 0x00, 0x00,
  0x70, 0x0d, 0xf0, 0x06, 0xa7, 0x00, 0x00, 0x00, 0x01, 0x00, 0x00, 0x00, 0x88, 0x0e, 0xf0, 0x06,
  0x00, 0x00, 0x00, 0x00, 0x4f, 0x75, 0x74, 0x70, 0x75, 0x74, 0x00, 0x00, 0x00, 0x00, 0x00, 0x00,
  0x00, 0x00, 0x00, 0x00, 0x00, 0x00, 0x00, 0x00, 0x00, 0x00, 0x00, 0x00, 0x00, 0x00, 0x00, 0x00,
  0x00, 0x00, 0x00, 0x00, 0x00, 0x00, 0x00, 0x00, 0x00, 0x00, 0x00, 0x00, 0x00, 0x00, 0x00, 0x00,
  0x00, 0x00, 0x00, 0x00, 0x00, 0x00, 0x00, 0x00, 0x00, 0x00, 0x00, 0x00, 0x00, 0x00, 0x00, 0x00,
  0x00, 0x00, 0x00, 0x00, 0x52, 0x65, 0x6e, 0x64, 0x65, 0x72, 0x00, 0x00, 0x00, 0x00, 0x00, 0x00,
  0x00, 0x00, 0x00, 0x00, 0x00, 0x00, 0x00, 0x00, 0x00, 0x00, 0x00, 0x00, 0x00, 0x00, 0x00, 0x00,
  0x00, 0x00, 0x00, 0x00, 0x00, 0x00, 0x00, 0x00, 0x00, 0x00, 0x00, 0x00, 0x00, 0x00, 0x00, 0x00,
  0x00, 0x00, 0x00, 0x00, 0x00, 0x00, 0x00, 0x00, 0x00, 0x00, 0x00, 0x00, 0x00, 0x00, 0x00, 0x00,
  0x00, 0x00, 0x00, 0x00, 0x00, 0x00, 0x00, 0x00, 0x00, 0x00, 0x00, 0x00, 0x00, 0x00, 0x00, 0x00,
  0x00, 0x00, 0x00, 0x00, 0x00, 0x00, 0x00, 0x00, 0x00, 0x00, 0x00, 0x00, 0x00, 0x00, 0x00, 0x00,
  0x00, 0x00, 0x00, 0x00, 0x00, 0x00, 0x00, 0x00, 0x00, 0x00, 0x00, 0x00, 0x00, 0x00, 0x00, 0x00,
  0x00, 0x00, 0x00, 0x00, 0x00, 0x00, 0x00, 0x00, 0x00, 0x00, 0x00, 0x00, 0x00, 0x00, 0x00, 0x00,
  0x00, 0x00, 0x00, 0x00, 0x00, 0x00, 0x00, 0x00, 0x3e, 0x01, 0xcc, 0x00, 0x00, 0x00, 0x00, 0x00,
  0x01, 0x00, 0x00, 0x00, 0x00, 0x00, 0x00, 0x00, 0x00, 0x00, 0x00, 0x00, 0x00, 0x00, 0x00, 0x00,
  0x44, 0x41, 0x54, 0x41, 0xe4, 0x00, 0x00, 0x00, 0x88, 0x0e, 0xf0, 0x06, 0xa7, 0x00, 0x00, 0x00,
  0x01, 0x00, 0x00, 0x00, 0x28, 0x87, 0xf0, 0x06, 0x70, 0x0d, 0xf0, 0x06, 0x52, 0x65, 0x6e, 0x64,
  0x65, 0x72, 0x00, 0x00, 0x00, 0x00, 0x00, 0x00, 0x00, 0x00, 0x00, 0x00, 0x00, 0x00, 0x00, 0x00,
  0x00, 0x00, 0x00, 0x00, 0x00, 0x00, 0x00, 0x00, 0x00, 0x00, 0x00, 0x00, 0x00, 0x00, 0x00, 0x00,
  0x00, 0x00, 0x00, 0x00, 0x00, 0x00, 0x00, 0x00, 0x00, 0x00, 0x00, 0x00, 0x00, 0x00, 0x00, 0x00,
  0x00, 0x00, 0x00, 0x00, 0x00, 0x00, 0x00, 0x00, 0x00, 0x00, 0x00, 0x00, 0x52, 0x65, 0x6e, 0x64,
  0x65, 0x72, 0x00, 0x00, 0x00, 0x00, 0x00, 0x00, 0x00, 0x00, 0x00, 0x00, 0x00, 0x00, 0x00, 0x00,
  0x00, 0x00, 0x00, 0x00, 0x00, 0x00, 0x00, 0x00, 0x00, 0x00, 0x00, 0x00, 0x00, 0x00, 0x00, 0x00,
  0x00, 0x00, 0x00, 0x00, 0x00, 0x00, 0x00, 0x00, 0x00, 0x00, 0x00, 0x00, 0x00, 0x00, 0x00, 0x00,
  0x00, 0x00, 0x00, 0x00, 0x00, 0x00, 0x00, 0x00, 0x00, 0x00, 0x00, 0x00, 0x00, 0x00, 0x00, 0x00,
  0x00, 0x00, 0x00, 0x00, 0x00, 0x00, 0x00, 0x00, 0x00, 0x00, 0x00, 0x00, 0x00, 0x00, 0x00, 0x00,
  0x00, 0x00, 0x00, 0x00, 0x00, 0x00, 0x00, 0x00, 0x00, 0x00, 0x00, 0x00, 0x00, 0x00, 0x00, 0x00,
  0x00, 0x00, 0x00, 0x00, 0x00, 0x00, 0x00, 0x00, 0x00, 0x00, 0x00, 0x00, 0x00, 0x00, 0x00, 0x00,
  0x00, 0x00, 0x00, 0x00, 0x00, 0x00, 0x00, 0x00, 0x00, 0x00, 0x00, 0x00, 0x46, 0x01, 0x00, 0x00,
  0x3e, 0x01, 0xcc, 0x00, 0x00, 0x00, 0x00, 0x00, 0x01, 0x00, 0x00, 0x00, 0x00, 0x00, 0x00, 0x00,
  0x00, 0x00, 0x00, 0x00, 0x00, 0x00, 0x00, 0x00, 0x44, 0x41, 0x54, 0x41, 0xe4, 0x00, 0x00, 0x00,
  0x28, 0x87, 0xf0, 0x06, 0xa7, 0x00, 0x00, 0x00, 0x01, 0x00, 0x00, 0x00, 0x40, 0x88, 0xf0, 0x06,
  0x88, 0x0e, 0xf0, 0x06, 0x41, 0x6e, 0x69, 0x6d, 0x00, 0x00, 0x00, 0x00, 0x00, 0x00, 0x00, 0x00,
  0x00, 0x00, 0x00, 0x00, 0x00, 0x00, 0x00, 0x00, 0x00, 0x00, 0x00, 0x00, 0x00, 0x00, 0x00, 0x00,
  0x00, 0x00, 0x00, 0x00, 0x00, 0x00, 0x00, 0x00, 0x00, 0x00, 0x00, 0x00, 0x00, 0x00, 0x00, 0x00,
  0x00, 0x00, 0x00, 0x00, 0x00, 0x00, 0x00, 0x00, 0x00, 0x00, 0x00, 0x00, 0x00, 0x00, 0x00, 0x00,
  0x00, 0x00, 0x00, 0x00, 0x52, 0x65, 0x6e, 0x64, 0x65, 0x72, 0x00, 0x00, 0x00, 0x00, 0x00, 0x00,
  0x00, 0x00, 0x00, 0x00, 0x00, 0x00, 0x00, 0x00, 0x00, 0x00, 0x00, 0x00, 0x00, 0x00, 0x00, 0x00,
  0x00, 0x00, 0x00, 0x00, 0x00, 0x00, 0x00, 0x00, 0x00, 0x00, 0x00, 0x00, 0x00, 0x00, 0x00, 0x00,
  0x00, 0x00, 0x00, 0x00, 0x00, 0x00, 0x00, 0x00, 0x00, 0x00, 0x00, 0x00, 0x00, 0x00, 0x00, 0x00,
  0x00, 0x00, 0x00, 0x00, 0x00, 0x00, 0x00, 0x00, 0x00, 0x00, 0x00, 0x00, 0x00, 0x00, 0x00, 0x00,
  0x00, 0x00, 0x00, 0x00, 0x00, 0x00, 0x00, 0x00, 0x00, 0x00, 0x00, 0x00, 0x00, 0x00, 0x00, 0x00,
  0x00, 0x00, 0x00, 0x00, 0x00, 0x00, 0x00, 0x00, 0x00, 0x00, 0x00, 0x00, 0x00, 0x00, 0x00, 0x00,
  0x00, 0x00, 0x00, 0x00, 0x00, 0x00, 0x00, 0x00, 0x00, 0x00, 0x00, 0x00, 0x00, 0x00, 0x00, 0x00,
  0x00, 0x00, 0x00, 0x00, 0x8c, 0x02, 0x00, 0x00, 0x3e, 0x01, 0xcc, 0x00, 0x00, 0x00, 0x00, 0x00,
  0x01, 0x00, 0x00, 0x00, 0x00, 0x00, 0x00, 0x00, 0x00, 0x00, 0x00, 0x00, 0x00, 0x00, 0x00, 0x00,
  0x44, 0x41, 0x54, 0x41, 0xe4, 0x00, 0x00, 0x00, 0x40, 0x88, 0xf0, 0x06, 0xa7, 0x00, 0x00, 0x00,
  0x01, 0x00, 0x00, 0x00, 0x00, 0x00, 0x00, 0x00, 0x28, 0x87, 0xf0, 0x06, 0x46, 0x6f, 0x72, 0x6d,
  0x61, 0x74, 0x00, 0x00, 0x00, 0x00, 0x00, 0x00, 0x00, 0x00, 0x00, 0x00, 0x00, 0x00, 0x00, 0x00,
  0x00, 0x00, 0x00, 0x00, 0x00, 0x00, 0x00, 0x00, 0x00, 0x00, 0x00, 0x00, 0x00, 0x00, 0x00, 0x00,
  0x00, 0x00, 0x00, 0x00, 0x00, 0x00, 0x00, 0x00, 0x00, 0x00, 0x00, 0x00, 0x00, 0x00, 0x00, 0x00,
  0x00, 0x00, 0x00, 0x00, 0x00, 0x00, 0x00, 0x00, 0x00, 0x00, 0x00, 0x00, 0x52, 0x65, 0x6e, 0x64,
  0x65, 0x72, 0x00, 0x00, 0x00, 0x00, 0x00, 0x00, 0x00, 0x00, 0x00, 0x00, 0x00, 0x00, 0x00, 0x00,
  0x00, 0x00, 0x00, 0x00, 0x00, 0x00, 0x00, 0x00, 0x00, 0x00, 0x00, 0x00, 0x00, 0x00, 0x00, 0x00,
  0x00, 0x00, 0x00, 0x00, 0x00, 0x00, 0x00, 0x00, 0x00, 0x00, 0x00, 0x00, 0x00, 0x00, 0x00, 0x00,
  0x00, 0x00, 0x00, 0x00, 0x00, 0x00, 0x00, 0x00, 0x00, 0x00, 0x00, 0x00, 0x00, 0x00, 0x00, 0x00,
  0x00, 0x00, 0x00, 0x00, 0x00, 0x00, 0x00, 0x00, 0x00, 0x00, 0x00, 0x00, 0x00, 0x00, 0x00, 0x00,
  0x00, 0x00, 0x00, 0x00, 0x00, 0x00, 0x00, 0x00, 0x00, 0x00, 0x00, 0x00, 0x00, 0x00, 0x00, 0x00,
  0x00, 0x00, 0x00, 0x00, 0x00, 0x00, 0x00, 0x00, 0x00, 0x00, 0x00, 0x00, 0x00, 0x00, 0x00, 0x00,
  0x00, 0x00, 0x00, 0x00, 0x00, 0x00, 0x00, 0x00, 0x00, 0x00, 0x00, 0x00, 0xd2, 0x03, 0x00, 0x00,
  0x3e, 0x01, 0xcc, 0x00, 0x00, 0x00, 0x00, 0x00, 0x01, 0x00, 0x00, 0x00, 0x00, 0x00, 0x00, 0x00,
  0x00, 0x00, 0x00, 0x00, 0x00, 0x00, 0x00, 0x00, 0x44, 0x41, 0x54, 0x41, 0xdc, 0x00, 0x00, 0x00,
  0x58, 0x89, 0xf0, 0x06, 0x92, 0x00, 0x00, 0x00, 0x01, 0x00, 0x00, 0x00, 0x18, 0x6b, 0xf0, 0x06,
  0x00, 0x00, 0x00, 0x00, 0x04, 0x00, 0x00, 0x00, 0x33, 0x33, 0x33, 0x3f, 0xe0, 0xca, 0x83, 0xff,
  0x00, 0x00, 0x00, 0x00, 0x00, 0x00, 0x00, 0x00, 0x00, 0x00, 0x00, 0x00, 0x00, 0x00, 0x00, 0x00,
  0x00, 0x00, 0x00, 0x00, 0x00, 0x00, 0x00, 0x00, 0x01, 0x00, 0x00, 0x00, 0x00, 0x00, 0x00, 0xc1,
  0x00, 0x00, 0xa3, 0x44, 0x00, 0x00, 0x00, 0xc1, 0x00, 0x00, 0x68, 0x43, 0x00, 0x00, 0x00, 0xc1,
  0x76, 0x95, 0xac, 0x44, 0x00, 0x00, 0x00, 0xc1, 0x00, 0x00, 0x68, 0x43, 0x00, 0x00, 0x00, 0x00,
  0x00, 0x00, 0x00, 0x00, 0x00, 0x00, 0x00, 0x00, 0x00, 0x00, 0x00, 0x00, 0x00, 0x00, 0x00, 0x00,
  0x00, 0x00, 0x00, 0x00, 0x00, 0x00, 0x00, 0x00, 0x00, 0x00, 0x00, 0x00, 0x00, 0x00, 0x00, 0x00,
  0x00, 0x00, 0x00, 0x00, 0x00, 0x00, 0x00, 0x00, 0x00, 0x00, 0x00, 0x00, 0x00, 0x00, 0x80, 0x43,
  0x00, 0x00, 0x28, 0x42, 0x00, 0x00, 0xc8, 0x44, 0x00, 0x00, 0xe1, 0x43, 0x00, 0x00, 0x00, 0x3f,
  0xe1, 0x7a, 0xb4, 0x3f, 0x00, 0x00, 0x01, 0x00, 0x01, 0x00, 0x01, 0x00, 0xe9, 0x03, 0xad, 0x00,
  0x00, 0x00, 0x00, 0x00, 0x00, 0x00, 0x00, 0x00, 0x00, 0x00, 0x00, 0x00, 0x00, 0x00, 0x00, 0x00,
  0x00, 0x00, 0x00, 0x00, 0x00, 0x00, 0xff, 0xff, 0x00, 0x00, 0x00, 0x00, 0x00, 0x00, 0x00, 0x00,
  0x00, 0x00, 0x00, 0x00, 0x00, 0x00, 0x00, 0x00, 0x96, 0x01, 0x00, 0x00, 0x00, 0x00, 0x00, 0x00,
  0x00, 0x00, 0x00, 0x00, 0x00, 0x00, 0x00, 0x00, 0x44, 0x41, 0x54, 0x41, 0xc8, 0x01, 0x00, 0x00,
  0x18, 0x6b, 0xf0, 0x06, 0x94, 0x00, 0x00, 0x00, 0x01, 0x00, 0x00, 0x00, 0x00, 0x00, 0x00, 0x00,
  0x58, 0x89, 0xf0, 0x06, 0x05, 0x00, 0x00, 0x00, 0x33, 0x33, 0x33, 0x3f, 0xe0, 0xca, 0x83, 0xff,
  0x00, 0x00, 0x00, 0x00, 0x00, 0x00, 0x00, 0x00, 0x00, 0x00, 0x00, 0x00, 0x00, 0x00, 0x00, 0x00,
  0x00, 0x00, 0x00, 0x00, 0x14, 0x00, 0x00, 0x00, 0x00, 0x00, 0x00, 0x00, 0x00, 0x00, 0x00, 0x00,
  0x00, 0x00, 0x00, 0x00, 0x00, 0x00, 0x00, 0x00, 0x00, 0x00, 0x00, 0x00, 0x00, 0x00, 0x00, 0x00,
  0x2f, 0x00, 0x00, 0x00, 0x00, 0x00, 0x00, 0x00, 0x00, 0x00, 0x00, 0x00, 0x00, 0x00, 0x00, 0x00,
  0x00, 0x00, 0x00, 0x00, 0x00, 0x00, 0x00, 0x00, 0x00, 0x00, 0x00, 0x00, 0x00, 0x00, 0x00, 0x00,
  0x00, 0x00, 0x00, 0x00, 0x00, 0x00, 0x00, 0x00, 0x00, 0x00, 0x00, 0x00, 0x00, 0x00, 0x00, 0x00,
  0x00, 0x00, 0x00, 0x00, 0x00, 0x00, 0x00, 0x00, 0x00, 0x00, 0x00, 0x00, 0x00, 0x00, 0x00, 0x00,
  0x00, 0x00, 0x00, 0x00, 0x00, 0x00, 0x00, 0x00, 0x00, 0x00, 0x00, 0x00, 0x00, 0x00, 0x00, 0x00,
  0x00, 0x00, 0x00, 0x00, 0x00, 0x00, 0x00, 0x00, 0x00, 0x00, 0x00, 0x00, 0x00, 0x00, 0x00, 0x00,
  0x00, 0x00, 0x00, 0x00, 0x00, 0x00, 0x00, 0x00, 0x00, 0x00, 0x00, 0x00, 0x00, 0x00, 0x00, 0x00,
  0x00, 0x00, 0x00, 0x00, 0x00, 0x00, 0x00, 0x00, 0x00, 0x00, 0x00, 0x00, 0x00, 0x00, 0x00, 0x00,
  0x00, 0x00, 0x00, 0x00, 0x00, 0x00, 0x00, 0x00, 0x00, 0x00, 0x00, 0x00, 0x00, 0x00, 0x00, 0x00,
  0x00, 0x00, 0x00, 0x00, 0x00, 0x00, 0x00, 0x00, 0x00, 0x00, 0x00, 0x00, 0x00, 0x00, 0x00, 0x00,
  0x00, 0x00, 0x00, 0x00, 0x00, 0x00, 0x00, 0x00, 0x00, 0x00, 0x00, 0x00, 0x00, 0x00, 0x00, 0x00,
  0x00, 0x00, 0x00, 0x00, 0x00, 0x00, 0x00, 0x00, 0x00, 0x00, 0x00, 0x00, 0x00, 0x00, 0x00, 0x00,
  0x00, 0x00, 0x00, 0x00, 0x00, 0x00, 0x00, 0x00, 0x00, 0x00, 0x00, 0x00, 0x00, 0x00, 0x00, 0x00,
  0x00, 0x00, 0x00, 0x00, 0x00, 0x00, 0x00, 0x00, 0x00, 0x00, 0x00, 0x00, 0x00, 0x00, 0x00, 0x00,
  0x00, 0x00, 0x00, 0x00, 0x00, 0x00, 0x00, 0x00, 0x00, 0x00, 0x00, 0x00, 0x00, 0x00, 0x00, 0x00,
  0x00, 0x00, 0x00, 0x00, 0x00, 0x00, 0x00, 0x00, 0x00, 0x00, 0x00, 0x00, 0x00, 0x00, 0x00, 0x00,
  0x00, 0x00, 0x00, 0x00, 0x00, 0x00, 0x00, 0x00, 0x00, 0x00, 0x00, 0x00, 0x00, 0x00, 0x00, 0x00,
  0x00, 0x00, 0x00, 0x00, 0x00, 0x00, 0x00, 0x00, 0x00, 0x00, 0x00, 0x00, 0x00, 0x00, 0x00, 0x00,
  0x00, 0x00, 0x00, 0x00, 0x00, 0x00, 0x00, 0x00, 0x00, 0x00, 0x00, 0x00, 0x00, 0x00, 0x00, 0x00,
  0x00, 0x00, 0x00, 0x00, 0x00, 0x00, 0x00, 0x00, 0x00, 0x00, 0x00, 0x00, 0x00, 0x00, 0x00, 0x00,
  0x08, 0x00, 0x00, 0x00, 0x00, 0x00, 0x00, 0x00, 0x39, 0x00, 0x02, 0x00, 0x00, 0x00, 0x00, 0x00,
  0x00, 0x00, 0x00, 0x00, 0x00, 0x00, 0x00, 0x00, 0x00, 0x00, 0x00, 0x00, 0x00, 0x00, 0x00, 0x00,
  0x00, 0x00, 0x00, 0x00, 0xff, 0xff, 0x00, 0x00, 0x00, 0x00, 0x00, 0x00, 0x00, 0x00, 0x00, 0x00,
  0x00, 0x00, 0x00, 0x00, 0x00, 0x00, 0x00, 0x00, 0x00, 0x00, 0x00, 0x00, 0x00, 0x00, 0x00, 0x00,
  0x00, 0x00, 0x00, 0x00, 0x44, 0x41, 0x54, 0x41, 0xcc, 0x00, 0x00, 0x00, 0x40, 0x72, 0xfa, 0x02,
  0xa8, 0x00, 0x00, 0x00, 0x01, 0x00, 0x00, 0x00, 0x40, 0x73, 0xfa, 0x02, 0x40, 0x71, 0xfa, 0x02,
  0x90, 0x38, 0xf0, 0x06, 0x28, 0x37, 0xf0, 0x06, 0x70, 0x37, 0xf0, 0x06, 0xd8, 0x38, 0xf0, 0x06,
  0x00, 0x00, 0x00, 0x00, 0x00, 0x00, 0x00, 0x00, 0x00, 0x00, 0x00, 0x00, 0x00, 0x00, 0x00, 0x00,
  0x00, 0x00, 0x00, 0x00, 0x00, 0x00, 0x00, 0x00, 0x00, 0x00, 0x00, 0x00, 0x00, 0x00, 0x00, 0x00,
  0x00, 0x00, 0x00, 0x00, 0x00, 0x00, 0x00, 0x00, 0x00, 0x00, 0x00, 0x00, 0x00, 0x00, 0x00, 0x00,
  0x00, 0x00, 0x00, 0x00, 0x00, 0x00, 0x00, 0x00, 0x00, 0x00, 0x00, 0x00, 0x00, 0x00, 0x00, 0x00,
  0x00, 0x00, 0x00, 0x00, 0x00, 0x00, 0x00, 0x00, 0xe8, 0x03, 0x00, 0x00, 0x07, 0x03, 0x00, 0x00,
  0x20, 0x03, 0x00, 0x00, 0x00, 0x00, 0x00, 0x00, 0xe8, 0x03, 0x00, 0x00, 0x07, 0x03, 0x00, 0x00,
  0x21, 0x03, 0x00, 0x00, 0x00, 0x00, 0x00, 0x00, 0xe8, 0x03, 0x00, 0x00, 0x20, 0x03, 0x00, 0x00,
  0x20, 0x03, 0x00, 0x00, 0x00, 0x00, 0x00, 0x00, 0x01, 0x00, 0x07, 0x07, 0xe9, 0x03, 0x01, 0x00,
  0x01, 0x00, 0x01, 0x01, 0xc4, 0x02, 0x00, 0x00, 0x07, 0x00, 0x00, 0x00, 0x00, 0x00, 0x00, 0x00,
  0x00, 0x00, 0x00, 0x00, 0x00, 0x00, 0x00, 0x00, 0x00, 0x00, 0x00, 0x00, 0x00, 0x00, 0x00, 0x00,
  0x00, 0x00, 0x00, 0x00, 0x00, 0x00, 0x00, 0x00, 0x00, 0x00, 0x00, 0x00, 0x00, 0x00, 0x00, 0x00,
  0x00, 0x00, 0x00, 0x00, 0x44, 0x41, 0x54, 0x41, 0xcc, 0x00, 0x00, 0x00, 0x40, 0x73, 0xfa, 0x02,
  0xa8, 0x00, 0x00, 0x00, 0x01, 0x00, 0x00, 0x00, 0x40, 0x74, 0xfa, 0x02, 0x40, 0x72, 0xfa, 0x02,
  0x00, 0x38, 0xf0, 0x06, 0x40, 0x3a, 0xf0, 0x06, 0x88, 0x3a, 0xf0, 0x06, 0x48, 0x38, 0xf0, 0x06,
  0x00, 0x00, 0x00, 0x00, 0xe4, 0x38, 0x8e, 0x3d, 0x00, 0x00, 0x00, 0x00, 0x00, 0x00, 0x00, 0x00,
  0x00, 0x00, 0x00, 0x00, 0x00, 0x00, 0x00, 0x00, 0xb9, 0xce, 0x69, 0x3e, 0x00, 0x00, 0x00, 0x00,
  0x00, 0x00, 0x00, 0x00, 0x00, 0x00, 0x00, 0x00, 0x00, 0x00, 0x00, 0x00, 0x6f, 0x12, 0x03, 0xbb,
  0x00, 0x00, 0x00, 0x00, 0x00, 0x00, 0x00, 0x80, 0x00, 0x00, 0x00, 0x80, 0x00, 0x00, 0x00, 0x80,
  0x00, 0x00, 0x80, 0x3f, 0x00, 0x00, 0x00, 0x00, 0xe8, 0x03, 0x00, 0x00, 0xc9, 0x00, 0x00, 0x00,
  0x03, 0x01, 0x00, 0x00, 0x00, 0x00, 0x00, 0x00, 0xe8, 0x03, 0x00, 0x00, 0xc9, 0x00, 0x00, 0x00,
  0xe3, 0x00, 0x00, 0x00, 0x00, 0x00, 0x00, 0x00, 0xe8, 0x03, 0x00, 0x00, 0xe4, 0x00, 0x00, 0x00,
  0x03, 0x01, 0x00, 0x00, 0x00, 0x00, 0x00, 0x00, 0x01, 0x00, 0x0f, 0x0f, 0xe9, 0x03, 0x20, 0x00,
  0x01, 0x00, 0x01, 0x01, 0xc0, 0x02, 0x00, 0x00, 0x07, 0x00, 0x00, 0x00, 0x00, 0x00, 0x00, 0x00,
  0x00, 0x00, 0x00, 0x00, 0x00, 0x00, 0x00, 0x00, 0x00, 0x00, 0x00, 0x00, 0x10, 0xab, 0xf0, 0x06,
  0x10, 0x6d, 0xf0, 0x06, 0x00, 0x00, 0x00, 0x00, 0x00, 0x00, 0x00, 0x00, 0x00, 0x00, 0x00, 0x00,
  0x00, 0x00, 0x00, 0x00, 0x44, 0x41, 0x54, 0x41, 0xa4, 0x00, 0x00, 0x00, 0x10, 0xab, 0xf0, 0x06,
  0x9b, 0x00, 0x00, 0x00, 0x01, 0x00, 0x00, 0x00, 0xe8, 0xab, 0xf0, 0x06, 0x00, 0x00, 0x00, 0x00,
  0x0f, 0x00, 0x00, 0x00, 0x33, 0x33, 0x33, 0x3f, 0xe0, 0xca, 0x84, 0xf7, 0x00, 0x00, 0x80, 0xc0,
  0x00, 0x00, 0x7e, 0x43, 0x00, 0x00, 0x00, 0x00, 0x00, 0x00, 0x00, 0x42, 0x00, 0x00, 0x80, 0xc0,
  0x00, 0x00, 0x7e, 0x43, 0x00, 0x00, 0x00, 0x00, 0x00, 0x00, 0x00, 0x42, 0x00, 0x00, 0x00, 0x00,
  0x00, 0x00, 0x00, 0x00, 0x00, 0x00, 0x00, 0x00, 0x00, 0x00, 0x00, 0x00, 0x00, 0x00, 0x00, 0x00,
  0x00, 0x00, 0x00, 0x00, 0x00, 0x00, 0x00, 0x00, 0x00, 0x00, 0x00, 0x00, 0x00, 0x00, 0x00, 0x00,
  0xe9, 0x03, 0x00, 0x00, 0x00, 0x00, 0x00, 0x00, 0x20, 0x00, 0x00, 0x00, 0x00, 0x00, 0x80, 0x3f,
  0x00, 0x00, 0x00, 0x42, 0x00, 0x00, 0xfa, 0x46, 0x00, 0x00, 0x00, 0x42, 0xcd, 0xcc, 0xcc, 0x3d,
  0x00, 0x00, 0x20, 0x41, 0x00, 0x00, 0x00, 0x00, 0x00, 0x00, 0x00, 0x00, 0x00, 0x00, 0x00, 0x00,
  0x00, 0x00, 0x00, 0x00, 0x00, 0x00, 0x00, 0x00, 0x00, 0x00, 0x00, 0x00, 0x00, 0x00, 0x00, 0x00,
  0x00, 0x00, 0x00, 0x00, 0x01, 0x00, 0x00, 0x00, 0x06, 0x00, 0x00, 0x00, 0x44, 0x41, 0x54, 0x41,
  0xc8, 0x00, 0x00, 0x00, 0xe8, 0xab, 0xf0, 0x06, 0x93, 0x00, 0x00, 0x00, 0x01, 0x00, 0x00, 0x00,
  0x88, 0x2b, 0xfb, 0x02, 0x10, 0xab, 0xf0, 0x06, 0x08, 0x00, 0x00, 0x00, 0x33, 0x33, 0x33, 0x3f,
  0xe0, 0xca, 0x84, 0xf7, 0x00, 0x00, 0x00, 0x00, 0x00, 0x00, 0x00, 0x00, 0x00, 0x00, 0x00, 0x00,
  0x00, 0x00, 0x00, 0x00, 0x00, 0x00, 0x00, 0x00, 0x00, 0x00, 0x7a, 0x43, 0x00, 0x00, 0x00, 0x00,
  0x00, 0x00, 0x00, 0x41, 0x00, 0x00, 0x00, 0x00, 0x00, 0x00, 0x7a, 0x43, 0x00, 0x00, 0x00, 0x00,
  0x00, 0x00, 0x00, 0x41, 0x00, 0x00, 0x00, 0x00, 0x10, 0x00, 0x00, 0x00, 0x00, 0x00, 0x00, 0x00,
  0x20, 0x00, 0x00, 0x00, 0x10, 0x00, 0x00, 0x00, 0xe9, 0x03, 0x00, 0x00, 0x00, 0x00, 0x00, 0x00,
  0x10, 0x00, 0x00, 0x00, 0x10, 0x00, 0x00, 0x00, 0xe9, 0x03, 0x00, 0x00, 0x10, 0x00, 0x00, 0x00,
  0x20, 0x00, 0x00, 0x00, 0x00, 0x00, 0x20, 0x41, 0x00, 0x00, 0x80, 0x40, 0x00, 0x00, 0xfa, 0x46,
  0x00, 0x00, 0x00, 0x42, 0xcd, 0xcc, 0xcc, 0x3d, 0x00, 0x00, 0x20, 0x41, 0x09, 0x00, 0x00, 0x00,
  0x00, 0x00, 0x00, 0x00, 0x00, 0x00, 0x00, 0x00, 0x00, 0x00, 0x00, 0x00, 0x00, 0x00, 0x00, 0x00,
  0x00, 0x00, 0x00, 0x00, 0x00, 0x00, 0x00, 0x00, 0x00, 0x00, 0x00, 0x00, 0x00, 0x00, 0x00, 0x00,
  0x00, 0x00, 0x00, 0x00, 0x00, 0x00, 0x00, 0x00, 0x00, 0x00, 0x00, 0x00, 0x00, 0x00, 0x00, 0x00,
  0x00, 0x00, 0x80, 0x3f, 0x00, 0x00, 0x00, 0x00, 0x44, 0x41, 0x54, 0x41, 0x1c, 0x03, 0x00, 0x00,
  0x88, 0x2b, 0xfb, 0x02, 0x8d, 0x00, 0x00, 0x00, 0x01, 0x00, 0x00, 0x00, 0x10, 0x6d, 0xf0, 0x06,
  0xe8, 0xab, 0xf0, 0x06, 0x01, 0x00, 0x00, 0x00, 0x33, 0x33, 0x33, 0x3f, 0xe0, 0xca, 0x84, 0xf7,
  0x00, 0x00, 0x00, 0x00, 0x00, 0x00, 0x00, 0x00, 0x00, 0x00, 0x00, 0x00, 0x00, 0x00, 0x00, 0x00,
  0x00, 0x00, 0x80, 0x3f, 0x00, 0x00, 0x00, 0x00, 0x00, 0x00, 0x00, 0x00, 0x00, 0x00, 0x00, 0x00,
  0x00, 0x00, 0x00, 0x00, 0x00, 0x00, 0x80, 0x3f, 0x00, 0x00, 0x00, 0x00, 0x00, 0x00, 0x00, 0x00,
  0x00, 0x00, 0x00, 0x00, 0x00, 0x00, 0x00, 0x00, 0x00, 0x00, 0x80, 0x3f, 0x00, 0x00, 0x00, 0x00,
  0x00, 0x00, 0x00, 0x00, 0x00, 0x00, 0x00, 0x00, 0x00, 0x00, 0x00, 0x00, 0x00, 0x00, 0x80, 0x3f,
  0x00, 0x00, 0x80, 0x3f, 0x00, 0x00, 0x00, 0x00, 0x00, 0x00, 0x00, 0x00, 0x00, 0x00, 0x00, 0x00,
  0x00, 0x00, 0x00, 0x00, 0x00, 0x00, 0x80, 0x3f, 0x00, 0x00, 0x00, 0x00, 0x00, 0x00, 0x00, 0x00,
  0x00, 0x00, 0x00, 0x00, 0x00, 0x00, 0x00, 0x00, 0x00, 0x00, 0x80, 0x3f, 0x00, 0x00, 0x00, 0x00,
  0x00, 0x00, 0x00, 0x00, 0x00, 0x00, 0x00, 0x00, 0x00, 0x00, 0x00, 0x00, 0x00, 0x00, 0x80, 0x3f,
  0xe4, 0x38, 0x8e, 0x3d, 0x00, 0x00, 0x00, 0x00, 0x00, 0x00, 0x00, 0x00, 0x00, 0x00, 0x00, 0x00,
  0x00, 0x00, 0x00, 0x00, 0xb9, 0xce, 0x69, 0x3e, 0x00, 0x00, 0x00, 0x00, 0x00, 0x00, 0x00, 0x00,
  0x00, 0x00, 0x00, 0x00, 0x00, 0x00, 0x00, 0x00, 0x6f, 0x12, 0x03, 0xbb, 0x00, 0x00, 0x00, 0x00,
  0x00, 0x00, 0x00, 0x00, 0x00, 0x00, 0x00, 0x00, 0x00, 0x00, 0x00, 0x00, 0x00, 0x00, 0x80, 0x3f,
  0x66, 0x66, 0x66, 0x41, 0x00, 0x00, 0x00, 0x00, 0x00, 0x00, 0x00, 0x00, 0x00, 0x00, 0x00, 0x00,
  0x00, 0x00, 0x00, 0x00, 0x44, 0x26, 0x8c, 0x40, 0x00, 0x00, 0x00, 0x00, 0x00, 0x00, 0x00, 0x00,
  0x00, 0x00, 0x00, 0x00, 0x00, 0x00, 0x00, 0x00, 0xff, 0xff, 0xf9, 0xc3, 0x00, 0x00, 0x00, 0x00,
  0x00, 0x00, 0x00, 0x00, 0x00, 0x00, 0x00, 0x00, 0x00, 0x00, 0x00, 0x00, 0x00, 0x00, 0x80, 0x3f,
  0x00, 0x00, 0x00, 0x00, 0x00, 0x00, 0x00, 0x00, 0x00, 0x00, 0x00, 0x00, 0x00, 0x00, 0x00, 0x00,
  0x00, 0x00, 0x00, 0x00, 0x00, 0x00, 0x00, 0x00, 0x00, 0x00, 0x00, 0x00, 0x00, 0x00, 0x00, 0x00,
  0x00, 0x00, 0x00, 0x00, 0x00, 0x00, 0x00, 0x00, 0x00, 0x00, 0x00, 0x00, 0x00, 0x00, 0x00, 0x00,
  0x00, 0x00, 0x00, 0x00, 0x00, 0x00, 0x00, 0x00, 0x00, 0x00, 0x00, 0x00, 0x00, 0x00, 0x00, 0x00,
  0x00, 0x00, 0x00, 0x00, 0x00, 0x00, 0x00, 0x00, 0x00, 0x00, 0x00, 0x00, 0x00, 0x00, 0x00, 0x00,
  0x00, 0x00, 0x00, 0x00, 0x00, 0x00, 0x00, 0x00, 0x00, 0x00, 0x00, 0x00, 0x00, 0x00, 0x00, 0x00,
  0x00, 0x00, 0x00, 0x00, 0x00, 0x00, 0x00, 0x00, 0x00, 0x00, 0x00, 0x00, 0x00, 0x00, 0x00, 0x00,
  0x00, 0x00, 0x00, 0x00, 0x00, 0x00, 0x00, 0x00, 0x00, 0x00, 0x00, 0x00, 0x00, 0x00, 0x00, 0x00,
  0x00, 0x00, 0x80, 0x3f, 0x00, 0x00, 0x00, 0x00, 0x00, 0x00, 0x00, 0x00, 0x00, 0x00, 0x00, 0x00,
  0x66, 0x66, 0x66, 0x41, 0x00, 0x00, 0x00, 0x00, 0x00, 0x00, 0x00, 0x00, 0x00, 0x00, 0x07, 0x00,
  0x28, 0x45, 0x01, 0x03, 0x00, 0x00, 0x00, 0x00, 0x00, 0x00, 0x00, 0x00, 0x00, 0x00, 0x00, 0x00,
  0x00, 0x00, 0x00, 0x00, 0x00, 0x00, 0x00, 0x00, 0x00, 0x00, 0x00, 0x00, 0x00, 0x00, 0x00, 0x00,
  0x00, 0x00, 0x00, 0x00, 0x00, 0x00, 0x00, 0x00, 0x00, 0x00, 0x00, 0x00, 0x00, 0x00, 0x00, 0x00,
  0x00, 0x00, 0x00, 0x00, 0x00, 0x00, 0x00, 0x00, 0x00, 0x00, 0x00, 0x00, 0x02, 0x00, 0x00, 0x00,
  0x01, 0x00, 0x00, 0x00, 0x01, 0x00, 0x00, 0x00, 0x01, 0x00, 0x03, 0x00, 0x00, 0x00, 0x00, 0x00,
  0x00, 0x00, 0x0c, 0x42, 0x00, 0x00, 0x80, 0x3f, 0x00, 0x00, 0x00, 0x00, 0x00, 0x00, 0x00, 0x00,
  0x0a, 0xd7, 0x23, 0x3c, 0x00, 0x00, 0xfa, 0x43, 0x00, 0x00, 0x00, 0x00, 0x00, 0x00, 0x00, 0x00,
  0x00, 0x00, 0x00, 0x00, 0x00, 0x00, 0x00, 0x00, 0x00, 0x00, 0x00, 0x00, 0x00, 0x00, 0x00, 0x00,
  0x00, 0x00, 0x00, 0x00, 0x00, 0x00, 0x00, 0x00, 0x14, 0x00, 0x00, 0x00, 0x07, 0x00, 0x00, 0x00,
  0x00, 0x00, 0x00, 0x00, 0x01, 0x00, 0x00, 0x00, 0x00, 0x00, 0x00, 0x00, 0x00, 0x00, 0x00, 0x00,
  0x00, 0x00, 0x00, 0x00, 0x00, 0x00, 0x00, 0x00, 0x00, 0x00, 0x00, 0x00, 0x00, 0x00, 0x00, 0x00,
  0x00, 0x00, 0x00, 0x00, 0x00, 0x00, 0x00, 0x00, 0x00, 0x00, 0x00, 0x00, 0x00, 0x00, 0x00, 0x00,
  0x00, 0x00, 0x00, 0x00, 0x00, 0x00, 0x00, 0x00, 0x00, 0x00, 0x00, 0x00, 0x00, 0x00, 0x00, 0x00,
  0x00, 0x00, 0x00, 0x00, 0x00, 0x00, 0x00, 0x00, 0x00, 0x00, 0x00, 0x00, 0x00, 0x00, 0x00, 0x00,
  0x00, 0x00, 0x00, 0x00, 0x00, 0x00, 0x00, 0x00, 0x00, 0x00, 0x00, 0x00, 0x00, 0x00, 0x00, 0x00,
  0x00, 0x00, 0x00, 0x00, 0x00, 0x00, 0x00, 0x00, 0x00, 0x00, 0x00, 0x00, 0x00, 0x00, 0x00, 0x00,
  0x00, 0x00, 0x00, 0x00, 0x00, 0x00, 0x00, 0x00, 0x00, 0x00, 0x00, 0x00, 0x00, 0x00, 0x00, 0x00,
  0x00, 0x00, 0x00, 0x00, 0x00, 0x00, 0x00, 0x00, 0x00, 0x00, 0x00, 0x00, 0x00, 0x00, 0x00, 0x00,
  0x00, 0x00, 0x00, 0x00, 0x00, 0x00, 0x00, 0x00, 0x00, 0x00, 0x00, 0x00, 0x00, 0x00, 0x00, 0x18,
  0x00, 0x00, 0x0a, 0x00, 0x00, 0x00, 0x00, 0x00, 0x00, 0x00, 0x00, 0x00, 0x00, 0x00, 0x00, 0x00,
  0x00, 0x00, 0x00, 0x00, 0x00, 0x00, 0x00, 0x00, 0x00, 0x00, 0x00, 0x00, 0x00, 0x00, 0x00, 0x00,
  0x00, 0x00, 0x00, 0x00, 0x00, 0x00, 0x00, 0x00, 0x44, 0x41, 0x54, 0x41, 0xc8, 0x01, 0x00, 0x00,
  0x10, 0x6d, 0xf0, 0x06, 0x94, 0x00, 0x00, 0x00, 0x01, 0x00, 0x00, 0x00, 0x00, 0x00, 0x00, 0x00,
  0x88, 0x2b, 0xfb, 0x02, 0x05, 0x00, 0x00, 0x00, 0x33, 0x33, 0x33, 0x3f, 0xe0, 0xca, 0x84, 0xf7,
  0x00, 0x00, 0x00, 0x00, 0x00, 0x00, 0x00, 0x00, 0x00, 0x00, 0x00, 0x00, 0x00, 0x00, 0x00, 0x00,
  0x00, 0x00, 0x00, 0x00, 0x14, 0x00, 0x00, 0x00, 0x00, 0x41, 0x56, 0x45, 0x20, 0x54, 0x41, 0x52,
  0x47, 0x41, 0x00, 0x00, 0x00, 0x00, 0x00, 0x00, 0x00, 0x00, 0x00, 0x00, 0x00, 0x00, 0x00, 0x00,
  0x2f, 0x00, 0x00, 0x00, 0x00, 0x00, 0x00, 0x00, 0x00, 0x00, 0x00, 0x00, 0x00, 0x00, 0x00, 0x00,
  0x00, 0x00, 0x00, 0x00, 0x00, 0x00, 0x00, 0x00, 0x00, 0x00, 0x00, 0x00, 0x00, 0x00, 0x00, 0x00,
  0x00, 0x00, 0x00, 0x00, 0x00, 0x00, 0x00, 0x00, 0x00, 0x00, 0x00, 0x00, 0x00, 0x00, 0x00, 0x00,
  0x00, 0x00, 0x00, 0x00, 0x00, 0x00, 0x00, 0x00, 0x00, 0x00, 0x00, 0x00, 0x00, 0x00, 0x00, 0x00,
  0x00, 0x00, 0x00, 0x00, 0x00, 0x00, 0x00, 0x00, 0x00, 0x00, 0x00, 0x00, 0x00, 0x00, 0x00, 0x00,
  0x00, 0x00, 0x00, 0x00, 0x00, 0x00, 0x00, 0x00, 0x00, 0x00, 0x00, 0x00, 0x00, 0x00, 0x00, 0x00,
  0x00, 0x00, 0x00, 0x00, 0x00, 0x00, 0x00, 0x00, 0x00, 0x00, 0x00, 0x00, 0x00, 0x00, 0x00, 0x00,
  0x00, 0x00, 0x00, 0x00, 0x00, 0x00, 0x00, 0x00, 0x00, 0x00, 0x00, 0x00, 0x00, 0x00, 0x00, 0x00,
  0x00, 0x00, 0x00, 0x00, 0x00, 0x00, 0x00, 0x00, 0x00, 0x00, 0x00, 0x00, 0x00, 0x00, 0x00, 0x00,
  0x00, 0x00, 0x00, 0x00, 0x00, 0x00, 0x00, 0x00, 0x00, 0x00, 0x00, 0x00, 0x00, 0x00, 0x00, 0x00,
  0x00, 0x00, 0x00, 0x00, 0x00, 0x00, 0x00, 0x00, 0x00, 0x00, 0x00, 0x00, 0x00, 0x00, 0x00, 0x00,
  0x00, 0x00, 0x00, 0x00, 0x00, 0x00, 0x00, 0x00, 0x00, 0x00, 0x00, 0x00, 0x00, 0x00, 0x00, 0x00,
  0x00, 0x00, 0x00, 0x00, 0x00, 0x00, 0x00, 0x00, 0x00, 0x00, 0x00, 0x00, 0x00, 0x00, 0x00, 0x00,
  0x00, 0x00, 0x00, 0x00, 0x00, 0x00, 0x00, 0x00, 0x00, 0x00, 0x00, 0x00, 0x00, 0x00, 0x00, 0x00,
  0x00, 0x00, 0x00, 0x00, 0x00, 0x00, 0x00, 0x00, 0x00, 0x00, 0x00, 0x00, 0x00, 0x00, 0x00, 0x00,
  0x00, 0x74, 0x31, 0x2e, 0x62, 0x6c, 0x65, 0x6e, 0x64, 0x00, 0x00, 0x00, 0x00, 0x00, 0x00, 0x00,
  0x00, 0x00, 0x00, 0x00, 0x00, 0x00, 0x00, 0x00, 0x00, 0x00, 0x00, 0x00, 0x00, 0x00, 0x00, 0x00,
  0x00, 0x00, 0x00, 0x00, 0x00, 0x00, 0x00, 0x00, 0x00, 0x00, 0x00, 0x00, 0x00, 0x00, 0x00, 0x00,
  0x00, 0x00, 0x00, 0x00, 0x00, 0x00, 0x00, 0x00, 0x00, 0x00, 0x00, 0x00, 0x00, 0x00, 0x00, 0x00,
  0x00, 0x00, 0x00, 0x00, 0x00, 0x00, 0x00, 0x00, 0x00, 0x00, 0x00, 0x00, 0x00, 0x00, 0x00, 0x00,
  0x08, 0x00, 0x00, 0x00, 0x02, 0x00, 0x00, 0x00, 0x39, 0x00, 0x02, 0x00, 0x00, 0x00, 0x00, 0x00,
  0x00, 0x00, 0x00, 0x00, 0x00, 0x00, 0x00, 0x00, 0x00, 0x00, 0x00, 0x00, 0x00, 0x00, 0x00, 0x00,
  0x00, 0x00, 0x00, 0x00, 0xff, 0xff, 0x00, 0x00, 0x00, 0x00, 0x00, 0x00, 0x00, 0x00, 0x00, 0x00,
  0x00, 0x00, 0x00, 0x00, 0x00, 0x00, 0x00, 0x00, 0x00, 0x00, 0x00, 0x00, 0x00, 0x00, 0x00, 0x00,
  0x00, 0x00, 0x00, 0x00, 0x44, 0x41, 0x54, 0x41, 0xcc, 0x00, 0x00, 0x00, 0x40, 0x74, 0xfa, 0x02,
  0xa8, 0x00, 0x00, 0x00, 0x01, 0x00, 0x00, 0x00, 0x40, 0x75, 0xfa, 0x02, 0x40, 0x73, 0xfa, 0x02,
  0xb0, 0x39, 0xf0, 0x06, 0xf8, 0x39, 0xf0, 0x06, 0xd8, 0x38, 0xf0, 0x06, 0x68, 0x39, 0xf0, 0x06,
  0x00, 0x00, 0x00, 0x00, 0xe4, 0x38, 0x8e, 0x3d, 0x00, 0x00, 0x00, 0x00, 0x00, 0x00, 0x00, 0x00,
  0x00, 0x00, 0x00, 0x00, 0x00, 0x00, 0x00, 0x00, 0xbf, 0x48, 0x14, 0x3e, 0x00, 0x00, 0x00, 0x00,
  0x00, 0x00, 0x00, 0x00, 0x00, 0x00, 0x00, 0x00, 0x00, 0x00, 0x00, 0x00, 0x6f, 0x12, 0x03, 0xbb,
  0x00, 0x00, 0x00, 0x00, 0x00, 0x00, 0x00, 0x80, 0x00, 0x00, 0x00, 0x80, 0x00, 0x00, 0x00, 0x80,
  0x00, 0x00, 0x80, 0x3f, 0x55, 0x02, 0x00, 0x00, 0xe8, 0x03, 0x00, 0x00, 0xf5, 0x01, 0x00, 0x00,
  0x05, 0x03, 0x00, 0x00, 0x55, 0x02, 0x00, 0x00, 0xe8, 0x03, 0x00, 0x00, 0xf5, 0x01, 0x00, 0x00,
  0xf5, 0x01, 0x00, 0x00, 0x55, 0x02, 0x00, 0x00, 0xe8, 0x03, 0x00, 0x00, 0xf5, 0x01, 0x00, 0x00,
  0x05, 0x03, 0x00, 0x00, 0x00, 0x00, 0x00, 0x00, 0x00, 0x00, 0x08, 0x08, 0x94, 0x01, 0x11, 0x01,
  0x03, 0x00, 0x01, 0x01, 0x09, 0x01, 0x00, 0x00, 0x07, 0x00, 0x00, 0x00, 0x00, 0x00, 0x00, 0x00,
  0x00, 0x00, 0x00, 0x00, 0x00, 0x00, 0x00, 0x00, 0x00, 0x00, 0x00, 0x00, 0xe0, 0xac, 0xf0, 0x06,
  0x08, 0x6f, 0xf0, 0x06, 0x00, 0x00, 0x00, 0x00, 0x00, 0x00, 0x00, 0x00, 0x00, 0x00, 0x00, 0x00,
  0x00, 0x00, 0x00, 0x00, 0x44, 0x41, 0x54, 0x41, 0xc8, 0x00, 0x00, 0x00, 0xe0, 0xac, 0xf0, 0x06,
  0x93, 0x00, 0x00, 0x00, 0x01, 0x00, 0x00, 0x00, 0xf0, 0x2e, 0xfb, 0x02, 0x00, 0x00, 0x00, 0x00,
  0x08, 0x00, 0x00, 0x00, 0x33, 0x33, 0x33, 0x3f, 0xe0, 0x4a, 0x85, 0xf9, 0x00, 0x00, 0x00, 0x00,
  0x00, 0x00, 0x00, 0x00, 0x00, 0x00, 0x00, 0x00, 0x00, 0x00, 0x00, 0x00, 0x00, 0x00, 0x00, 0x00,
  0x00, 0x00, 0x7a, 0x43, 0x00, 0x00, 0x00, 0x00, 0x00, 0x00, 0x00, 0x41, 0x00, 0x00, 0x00, 0x00,
  0x00, 0x00, 0x7a, 0x43, 0x00, 0x00, 0x00, 0x00, 0x00, 0x00, 0x00, 0x41, 0x00, 0x00, 0x00, 0x00,
  0x10, 0x00, 0x00, 0x00, 0x00, 0x00, 0x00, 0x00, 0x31, 0x01, 0x00, 0x00, 0x11, 0x00, 0x00, 0x00,
  0x7c, 0x02, 0x00, 0x00, 0x00, 0x00, 0x00, 0x00, 0x10, 0x00, 0x00, 0x00, 0x11, 0x00, 0x00, 0x00,
  0x7c, 0x02, 0x00, 0x00, 0x11, 0x00, 0x00, 0x00, 0x31, 0x01, 0x00, 0x00, 0x00, 0x00, 0x20, 0x41,
  0x00, 0x00, 0x80, 0x40, 0x00, 0x00, 0xfa, 0x46, 0x00, 0x00, 0x00, 0x42, 0xcd, 0xcc, 0xcc, 0x3d,
  0x00, 0x00, 0x20, 0x41, 0x09, 0x00, 0x00, 0x00, 0x00, 0x00, 0x00, 0x00, 0x00, 0x00, 0x00, 0x00,
  0x00, 0x00, 0x00, 0x00, 0x00, 0x00, 0x00, 0x00, 0x00, 0x00, 0x00, 0x00, 0x00, 0x00, 0x00, 0x00,
  0x00, 0x00, 0x00, 0x00, 0x00, 0x00, 0x00, 0x00, 0x00, 0x00, 0x00, 0x00, 0x01, 0x00, 0x00, 0x00,
  0x00, 0x00, 0x00, 0x00, 0x00, 0x00, 0x00, 0x00, 0x00, 0x00, 0x80, 0x3f, 0x00, 0x00, 0x00, 0x00,
  0x44, 0x41, 0x54, 0x41, 0x1c, 0x03, 0x00, 0x00, 0xf0, 0x2e, 0xfb, 0x02, 0x8d, 0x00, 0x00, 0x00,
  0x01, 0x00, 0x00, 0x00, 0x08, 0x6f, 0xf0, 0x06, 0xe0, 0xac, 0xf0, 0x06, 0x01, 0x00, 0x00, 0x00,
  0x33, 0x33, 0x33, 0x3f, 0xe0, 0x4a, 0x85, 0xf9, 0x00, 0x00, 0x00, 0x00, 0x00, 0x00, 0x00, 0x00,
  0x00, 0x00, 0x00, 0x00, 0x00, 0x00, 0x00, 0x00, 0x00, 0x00, 0x80, 0x3f, 0x00, 0x00, 0x00, 0x00,
  0x00, 0x00, 0x00, 0x00, 0x00, 0x00, 0x00, 0x00, 0x00, 0x00, 0x00, 0x00, 0x00, 0x00, 0x80, 0x3f,
  0x00, 0x00, 0x00, 0x00, 0x00, 0x00, 0x00, 0x00, 0x00, 0x00, 0x00, 0x00, 0x00, 0x00, 0x00, 0x00,
  0x00, 0x00, 0x80, 0x3f, 0x00, 0x00, 0x00, 0x00, 0x00, 0x00, 0x00, 0x00, 0x00, 0x00, 0x00, 0x00,
  0x00, 0x00, 0x00, 0x00, 0x00, 0x00, 0x80, 0x3f, 0x00, 0x00, 0x80, 0x3f, 0x00, 0x00, 0x00, 0x00,
  0x00, 0x00, 0x00, 0x00, 0x00, 0x00, 0x00, 0x00, 0x00, 0x00, 0x00, 0x00, 0x00, 0x00, 0x80, 0x3f,
  0x00, 0x00, 0x00, 0x00, 0x00, 0x00, 0x00, 0x00, 0x00, 0x00, 0x00, 0x00, 0x00, 0x00, 0x00, 0x00,
  0x00, 0x00, 0x80, 0x3f, 0x00, 0x00, 0x00, 0x00, 0x00, 0x00, 0x00, 0x00, 0x00, 0x00, 0x00, 0x00,
  0x00, 0x00, 0x00, 0x00, 0x00, 0x00, 0x80, 0x3f, 0xe4, 0x38, 0x8e, 0x3d, 0x00, 0x00, 0x00, 0x00,
  0x00, 0x00, 0x00, 0x00, 0x00, 0x00, 0x00, 0x00, 0x00, 0x00, 0x00, 0x00, 0xbf, 0x48, 0x14, 0x3e,
  0x00, 0x00, 0x00, 0x00, 0x00, 0x00, 0x00, 0x00, 0x00, 0x00, 0x00, 0x00, 0x00, 0x00, 0x00, 0x00,
  0x6f, 0x12, 0x03, 0xbb, 0x00, 0x00, 0x00, 0x00, 0x00, 0x00, 0x00, 0x00, 0x00, 0x00, 0x00, 0x00,
  0x00, 0x00, 0x00, 0x00, 0x00, 0x00, 0x80, 0x3f, 0x66, 0x66, 0x66, 0x41, 0x00, 0x00, 0x00, 0x00,
  0x00, 0x00, 0x00, 0x00, 0x00, 0x00, 0x00, 0x00, 0x00, 0x00, 0x00, 0x00, 0x2a, 0xfb, 0xdc, 0x40,
  0x00, 0x00, 0x00, 0x00, 0x00, 0x00, 0x00, 0x00, 0x00, 0x00, 0x00, 0x00, 0x00, 0x00, 0x00, 0x00,
  0xff, 0xff, 0xf9, 0xc3, 0x00, 0x00, 0x00, 0x00, 0x00, 0x00, 0x00, 0x00, 0x00, 0x00, 0x00, 0x00,
  0x00, 0x00, 0x00, 0x00, 0x00, 0x00, 0x80, 0x3f, 0x00, 0x00, 0x00, 0x00, 0x00, 0x00, 0x00, 0x00,
  0x00, 0x00, 0x00, 0x00, 0x00, 0x00, 0x00, 0x00, 0x00, 0x00, 0x00, 0x00, 0x00, 0x00, 0x00, 0x00,
  0x00, 0x00, 0x00, 0x00, 0x00, 0x00, 0x00, 0x00, 0x00, 0x00, 0x00, 0x00, 0x00, 0x00, 0x00, 0x00,
  0x00, 0x00, 0x00, 0x00, 0x00, 0x00, 0x00, 0x00, 0x00, 0x00, 0x00, 0x00, 0x00, 0x00, 0x00, 0x00,
  0x00, 0x00, 0x00, 0x00, 0x00, 0x00, 0x00, 0x00, 0x00, 0x00, 0x00, 0x00, 0x00, 0x00, 0x00, 0x00,
  0x00, 0x00, 0x00, 0x00, 0x00, 0x00, 0x00, 0x00, 0x00, 0x00, 0x00, 0x00, 0x00, 0x00, 0x00, 0x00,
  0x00, 0x00, 0x00, 0x00, 0x00, 0x00, 0x00, 0x00, 0x00, 0x00, 0x00, 0x00, 0x00, 0x00, 0x00, 0x00,
  0x00, 0x00, 0x00, 0x00, 0x00, 0x00, 0x00, 0x00, 0x00, 0x00, 0x00, 0x00, 0x00, 0x00, 0x00, 0x00,
  0x00, 0x00, 0x00, 0x00, 0x00, 0x00, 0x00, 0x00, 0x00, 0x00, 0x80, 0x3f, 0x00, 0x00, 0x00, 0x00,
  0x00, 0x00, 0x00, 0x00, 0x00, 0x00, 0x00, 0x00, 0x66, 0x66, 0x66, 0x41, 0x00, 0x00, 0x00, 0x00,
  0x00, 0x00, 0x00, 0x00, 0x00, 0x00, 0x07, 0x00, 0x28, 0x45, 0x01, 0x03, 0x00, 0x00, 0x00, 0x00,
  0x00, 0x00, 0x00, 0x00, 0x00, 0x00, 0x00, 0x00, 0x00, 0x00, 0x00, 0x00, 0x00, 0x00, 0x00, 0x00,
  0x00, 0x00, 0x00, 0x00, 0x00, 0x00, 0x00, 0x00, 0x00, 0x00, 0x00, 0x00, 0x00, 0x00, 0x00, 0x00,
  0x00, 0x00, 0x00, 0x00, 0x00, 0x00, 0x00, 0x00, 0x00, 0x00, 0x00, 0x00, 0x00, 0x00, 0x00, 0x00,
  0x00, 0x00, 0x00, 0x00, 0x02, 0x00, 0x00, 0x00, 0x01, 0x00, 0x00, 0x00, 0x01, 0x00, 0x00, 0x00,
  0x01, 0x00, 0x03, 0x00, 0x00, 0x00, 0x00, 0x00, 0x00, 0x00, 0x0c, 0x42, 0x00, 0x00, 0x80, 0x3f,
  0x00, 0x00, 0x00, 0x00, 0x00, 0x00, 0x00, 0x00, 0x0a, 0xd7, 0x23, 0x3c, 0x00, 0x00, 0xfa, 0x43,
  0x00, 0x00, 0x00, 0x00, 0x00, 0x00, 0x00, 0x00, 0x00, 0x00, 0x00, 0x00, 0x00, 0x00, 0x00, 0x00,
  0x00, 0x00, 0x00, 0x00, 0x00, 0x00, 0x00, 0x00, 0x00, 0x00, 0x00, 0x00, 0x00, 0x00, 0x00, 0x00,
  0x14, 0x00, 0x00, 0x00, 0x07, 0x00, 0x00, 0x00, 0x00, 0x00, 0x00, 0x00, 0x01, 0x00, 0x00, 0x00,
  0x00, 0x00, 0x00, 0x00, 0x00, 0x00, 0x00, 0x00, 0x00, 0x00, 0x00, 0x00, 0x00, 0x00, 0x00, 0x00,
  0x00, 0x00, 0x00, 0x00, 0x00, 0x00, 0x00, 0x00, 0x00, 0x00, 0x00, 0x00, 0x00, 0x00, 0x00, 0x00,
  0x00, 0x00, 0x00, 0x00, 0x00, 0x00, 0x00, 0x00, 0x00, 0x00, 0x00, 0x00, 0x00, 0x00, 0x00, 0x00,
  0x00, 0x00, 0x00, 0x00, 0x00, 0x00, 0x00, 0x00, 0x00, 0x00, 0x00, 0x00, 0x00, 0x00, 0x00, 0x00,
  0x00, 0x00, 0x00, 0x00, 0x00, 0x00, 0x00, 0x00, 0x00, 0x00, 0x00, 0x00, 0x00, 0x00, 0x00, 0x00,
  0x00, 0x00, 0x00, 0x00, 0x00, 0x00, 0x00, 0x00, 0x00, 0x00, 0x00, 0x00, 0x00, 0x00, 0x00, 0x00,
  0x00, 0x00, 0x00, 0x00, 0x00, 0x00, 0x00, 0x00, 0x00, 0x00, 0x00, 0x00, 0x00, 0x00, 0x00, 0x00,
  0x00, 0x00, 0x00, 0x00, 0x00, 0x00, 0x00, 0x00, 0x00, 0x00, 0x00, 0x00, 0x00, 0x00, 0x00, 0x00,
  0x00, 0x00, 0x00, 0x00, 0x00, 0x00, 0x00, 0x00, 0x00, 0x00, 0x00, 0x00, 0x00, 0x00, 0x00, 0x00,
  0x00, 0x00, 0x00, 0x00, 0x00, 0x00, 0x00, 0x18, 0x00, 0x00, 0x0a, 0x00, 0x00, 0x00, 0x00, 0x00,
  0x00, 0x00, 0x00, 0x00, 0x00, 0x00, 0x00, 0x00, 0x00, 0x00, 0x00, 0x00, 0x00, 0x00, 0x00, 0x00,
  0x00, 0x00, 0x00, 0x00, 0x00, 0x00, 0x00, 0x00, 0x00, 0x00, 0x00, 0x00, 0x00, 0x00, 0x00, 0x00,
  0x44, 0x41, 0x54, 0x41, 0xc8, 0x01, 0x00, 0x00, 0x08, 0x6f, 0xf0, 0x06, 0x94, 0x00, 0x00, 0x00,
  0x01, 0x00, 0x00, 0x00, 0x00, 0x00, 0x00, 0x00, 0xf0, 0x2e, 0xfb, 0x02, 0x05, 0x00, 0x00, 0x00,
  0x33, 0x33, 0x33, 0x3f, 0xe0, 0x4a, 0x85, 0xf9, 0x00, 0x00, 0x00, 0x00, 0x00, 0x00, 0x00, 0x00,
  0x00, 0x00, 0x00, 0x00, 0x00, 0x00, 0x00, 0x00, 0x00, 0x00, 0x00, 0x00, 0x14, 0x00, 0x00, 0x00,
  0x00, 0x41, 0x56, 0x45, 0x20, 0x54, 0x41, 0x52, 0x47, 0x41, 0x00, 0x00, 0x00, 0x00, 0x00, 0x00,
  0x00, 0x00, 0x00, 0x00, 0x00, 0x00, 0x00, 0x00, 0x2f, 0x00, 0x00, 0x00, 0x00, 0x00, 0x00, 0x00,
  0x00, 0x00, 0x00, 0x00, 0x00, 0x00, 0x00, 0x00, 0x00, 0x00, 0x00, 0x00, 0x00, 0x00, 0x00, 0x00,
  0x00, 0x00, 0x00, 0x00, 0x00, 0x00, 0x00, 0x00, 0x00, 0x00, 0x00, 0x00, 0x00, 0x00, 0x00, 0x00,
  0x00, 0x00, 0x00, 0x00, 0x00, 0x00, 0x00, 0x00, 0x00, 0x00, 0x00, 0x00, 0x00, 0x00, 0x00, 0x00,
  0x00, 0x00, 0x00, 0x00, 0x00, 0x00, 0x00, 0x00, 0x00, 0x00, 0x00, 0x00, 0x00, 0x00, 0x00, 0x00,
  0x00, 0x00, 0x00, 0x00, 0x00, 0x00, 0x00, 0x00, 0x00, 0x00, 0x00, 0x00, 0x00, 0x00, 0x00, 0x00,
  0x00, 0x00, 0x00, 0x00, 0x00, 0x00, 0x00, 0x00, 0x00, 0x00, 0x00, 0x00, 0x00, 0x00, 0x00, 0x00,
  0x00, 0x00, 0x00, 0x00, 0x00, 0x00, 0x00, 0x00, 0x00, 0x00, 0x00, 0x00, 0x00, 0x00, 0x00, 0x00,
  0x00, 0x00, 0x00, 0x00, 0x00, 0x00, 0x00, 0x00, 0x00, 0x00, 0x00, 0x00, 0x00, 0x00, 0x00, 0x00,
  0x00, 0x00, 0x00, 0x00, 0x00, 0x00, 0x00, 0x00, 0x00, 0x00, 0x00, 0x00, 0x00, 0x00, 0x00, 0x00,
  0x00, 0x00, 0x00, 0x00, 0x00, 0x00, 0x00, 0x00, 0x00, 0x00, 0x00, 0x00, 0x00, 0x00, 0x00, 0x00,
  0x00, 0x00, 0x00, 0x00, 0x00, 0x00, 0x00, 0x00, 0x00, 0x00, 0x00, 0x00, 0x00, 0x00, 0x00, 0x00,
  0x00, 0x00, 0x00, 0x00, 0x00, 0x00, 0x00, 0x00, 0x00, 0x00, 0x00, 0x00, 0x00, 0x00, 0x00, 0x00,
  0x00, 0x00, 0x00, 0x00, 0x00, 0x00, 0x00, 0x00, 0x00, 0x00, 0x00, 0x00, 0x00, 0x00, 0x00, 0x00,
  0x00, 0x00, 0x00, 0x00, 0x00, 0x00, 0x00, 0x00, 0x00, 0x00, 0x00, 0x00, 0x00, 0x00, 0x00, 0x00,
  0x00, 0x00, 0x00, 0x00, 0x00, 0x00, 0x00, 0x00, 0x00, 0x74, 0x31, 0x2e, 0x62, 0x6c, 0x65, 0x6e,
  0x64, 0x00, 0x00, 0x00, 0x00, 0x00, 0x00, 0x00, 0x00, 0x00, 0x00, 0x00, 0x00, 0x00, 0x00, 0x00,
  0x00, 0x00, 0x00, 0x00, 0x00, 0x00, 0x00, 0x00, 0x00, 0x00, 0x00, 0x00, 0x00, 0x00, 0x00, 0x00,
  0x00, 0x00, 0x00, 0x00, 0x00, 0x00, 0x00, 0x00, 0x00, 0x00, 0x00, 0x00, 0x00, 0x00, 0x00, 0x00,
  0x00, 0x00, 0x00, 0x00, 0x00, 0x00, 0x00, 0x00, 0x00, 0x00, 0x00, 0x00, 0x00, 0x00, 0x00, 0x00,
  0x00, 0x00, 0x00, 0x00, 0x00, 0x00, 0x00, 0x00, 0x08, 0x00, 0x00, 0x00, 0x02, 0x00, 0x00, 0x00,
  0x39, 0x00, 0x01, 0x00, 0x00, 0x00, 0x00, 0x00, 0x00, 0x00, 0x00, 0x00, 0x00, 0x00, 0x00, 0x00,
  0x00, 0x00, 0x00, 0x00, 0x00, 0x00, 0x00, 0x00, 0x00, 0x00, 0x00, 0x00, 0xff, 0xff, 0x00, 0x00,
  0x00, 0x00, 0x00, 0x00, 0x00, 0x00, 0x00, 0x00, 0x00, 0x00, 0x00, 0x00, 0x00, 0x00, 0x00, 0x00,
  0x00, 0x00, 0x00, 0x00, 0x00, 0x00, 0x00, 0x00, 0x00, 0x00, 0x00, 0x00, 0x44, 0x41, 0x54, 0x41,
  0xcc, 0x00, 0x00, 0x00, 0x40, 0x75, 0xfa, 0x02, 0xa8, 0x00, 0x00, 0x00, 0x01, 0x00, 0x00, 0x00,
  0x40, 0x76, 0xfa, 0x02, 0x40, 0x74, 0xfa, 0x02, 0x20, 0x39, 0xf0, 0x06, 0x90, 0x38, 0xf0, 0x06,
  0xf8, 0x39, 0xf0, 0x06, 0xb0, 0x39, 0xf0, 0x06, 0x00, 0x00, 0x00, 0x00, 0xe4, 0x38, 0x8e, 0x3d,
  0x00, 0x00, 0x00, 0x00, 0x00, 0x00, 0x00, 0x00, 0x00, 0x00, 0x00, 0x00, 0x00, 0x00, 0x00, 0x00,
  0xcd, 0xdc, 0x1d, 0x3e, 0x00, 0x00, 0x00, 0x00, 0x00, 0x00, 0x00, 0x00, 0x00, 0x00, 0x00, 0x00,
  0x00, 0x00, 0x00, 0x00, 0x6f, 0x12, 0x03, 0xbb, 0x00, 0x00, 0x00, 0x00, 0x00, 0x00, 0x00, 0x80,
  0x00, 0x00, 0x00, 0x80, 0x00, 0x00, 0x00, 0x80, 0x00, 0x00, 0x80, 0x3f, 0x00, 0x00, 0x00, 0x00,
  0x53, 0x02, 0x00, 0x00, 0xf5, 0x01, 0x00, 0x00, 0x05, 0x03, 0x00, 0x00, 0x00, 0x00, 0x00, 0x00,
  0x53, 0x02, 0x00, 0x00, 0xf5, 0x01, 0x00, 0x00, 0x0f, 0x02, 0x00, 0x00, 0x00, 0x00, 0x00, 0x00,
  0x53, 0x02, 0x00, 0x00, 0x10, 0x02, 0x00, 0x00, 0x05, 0x03, 0x00, 0x00, 0x00, 0x00, 0x00, 0x00,
  0x01, 0x00, 0x02, 0x02, 0x54, 0x02, 0xf6, 0x00, 0x01, 0x00, 0x01, 0x00, 0xcb, 0x01, 0x00, 0x00,
  0x07, 0x00, 0x00, 0x00, 0x00, 0x00, 0x00, 0x00, 0x00, 0x00, 0x00, 0x00, 0x00, 0x00, 0x00, 0x00,
  0x00, 0x00, 0x00, 0x00, 0x38, 0x4a, 0xf0, 0x06, 0x00, 0x71, 0xf0, 0x06, 0x00, 0x00, 0x00, 0x00,
  0x00, 0x00, 0x00, 0x00, 0x00, 0x00, 0x00, 0x00, 0x00, 0x00, 0x00, 0x00, 0x44, 0x41, 0x54, 0x41,
  0x58, 0x01, 0x00, 0x00, 0x38, 0x4a, 0xf0, 0x06, 0x91, 0x00, 0x00, 0x00, 0x01, 0x00, 0x00, 0x00,
  0x58, 0x32, 0xfb, 0x02, 0x00, 0x00, 0x00, 0x00, 0x02, 0x00, 0x00, 0x00, 0x33, 0x33, 0x33, 0x3f,
  0xe0, 0xca, 0x85, 0x03, 0x00, 0x00, 0x00, 0x00, 0x00, 0x00, 0x00, 0x00, 0x00, 0x00, 0x00, 0x00,
  0x00, 0x00, 0x00, 0x00, 0x01, 0x00, 0x00, 0x00, 0x00, 0x00, 0x00, 0x00, 0x00, 0x00, 0xa0, 0xc0,
  0x00, 0x00, 0xd2, 0x42, 0xcd, 0xcc, 0xcc, 0xbd, 0xcd, 0xcc, 0x8c, 0x3f, 0x00, 0x00, 0xa0, 0xc0,
  0x00, 0x00, 0xd2, 0x42, 0xcd, 0xcc, 0xcc, 0xbd, 0xcd, 0xcc, 0x8c, 0x3f, 0x00, 0x00, 0x00, 0x00,
  0x10, 0x00, 0x00, 0x00, 0x00, 0x00, 0x00, 0x00, 0xf6, 0x00, 0x00, 0x00, 0x10, 0x00, 0x00, 0x00,
  0x13, 0x02, 0x00, 0x00, 0x00, 0x00, 0x00, 0x00, 0x10, 0x00, 0x00, 0x00, 0x10, 0x00, 0x00, 0x00,
  0x13, 0x02, 0x00, 0x00, 0x10, 0x00, 0x00, 0x00, 0xf6, 0x00, 0x00, 0x00, 0x0a, 0xd7, 0x23, 0x3c,
  0x0a, 0xd7, 0x23, 0x3c, 0x00, 0x60, 0x6a, 0x46, 0x00, 0x00, 0x7a, 0x44, 0x00, 0x00, 0x00, 0x00,
  0x00, 0x00, 0x00, 0x00, 0x09, 0x00, 0x00, 0x00, 0x00, 0x00, 0x00, 0x00, 0x00, 0x00, 0x00, 0x00,
  0x00, 0x00, 0x00, 0x00, 0x00, 0x00, 0x00, 0x00, 0x00, 0x00, 0x00, 0x00, 0x00, 0x00, 0x00, 0x00,
  0x00, 0x00, 0x00, 0x00, 0x00, 0x00, 0x00, 0x00, 0x00, 0x00, 0x00, 0x00, 0x00, 0x00, 0x00, 0x00,
  0x00, 0x00, 0x00, 0x00, 0x00, 0x00, 0x00, 0x00, 0x00, 0x00, 0x00, 0x00, 0x00, 0x00, 0x00, 0x00,
  0x00, 0x00, 0x00, 0x00, 0x00, 0x00, 0x00, 0x00, 0x00, 0x00, 0x00, 0x00, 0x00, 0x00, 0x00, 0x00,
  0x00, 0x00, 0x00, 0x00, 0x00, 0x00, 0x00, 0x00, 0x00, 0x00, 0x00, 0x00, 0x00, 0x00, 0x00, 0x00,
  0x00, 0x00, 0x00, 0x00, 0x00, 0x00, 0x00, 0x00, 0x00, 0x00, 0x00, 0x00, 0x00, 0x00, 0x00, 0x00,
  0x00, 0x00, 0x00, 0x00, 0x00, 0x00, 0x00, 0x00, 0x00, 0x00, 0x00, 0x00, 0x00, 0x00, 0x00, 0x00,
  0x00, 0x00, 0x00, 0x00, 0x00, 0x00, 0x00, 0x00, 0x00, 0x00, 0x00, 0x00, 0x00, 0x00, 0x00, 0x00,
  0x00, 0x00, 0x00, 0x00, 0x00, 0x00, 0x00, 0x00, 0x01, 0x00, 0x00, 0x00, 0x00, 0x00, 0x00, 0x00,
  0x00, 0x00, 0x53, 0x51, 0x00, 0x00, 0x00, 0x00, 0x00, 0x00, 0x00, 0x00, 0x00, 0x00, 0x00, 0x00,
  0x00, 0x00, 0x00, 0x00, 0x00, 0x00, 0x00, 0x00, 0x00, 0x00, 0xa0, 0xc0, 0x00, 0x00, 0xd2, 0x42,
  0xcd, 0xcc, 0xcc, 0xbd, 0xcd, 0xcc, 0x8c, 0x3f, 0x44, 0x41, 0x54, 0x41, 0x1c, 0x03, 0x00, 0x00,
  0x58, 0x32, 0xfb, 0x02, 0x8d, 0x00, 0x00, 0x00, 0x01, 0x00, 0x00, 0x00, 0x00, 0x71, 0xf0, 0x06,
  0x38, 0x4a, 0xf0, 0x06, 0x01, 0x00, 0x00, 0x00, 0x33, 0x33, 0x33, 0x3f, 0xe0, 0xca, 0x85, 0x03,
  0x00, 0x00, 0x00, 0x00, 0x00, 0x00, 0x00, 0x00, 0x00, 0x00, 0x00, 0x00, 0x00, 0x00, 0x00, 0x00,
  0x00, 0x00, 0x80, 0x3f, 0x00, 0x00, 0x00, 0x00, 0x00, 0x00, 0x00, 0x00, 0x00, 0x00, 0x00, 0x00,
  0x00, 0x00, 0x00, 0x00, 0x00, 0x00, 0x80, 0x3f, 0x00, 0x00, 0x00, 0x00, 0x00, 0x00, 0x00, 0x00,
  0x00, 0x00, 0x00, 0x00, 0x00, 0x00, 0x00, 0x00, 0x00, 0x00, 0x80, 0x3f, 0x00, 0x00, 0x00, 0x00,
  0x00, 0x00, 0x00, 0x00, 0x00, 0x00, 0x00, 0x00, 0x00, 0x00, 0x00, 0x00, 0x00, 0x00, 0x80, 0x3f,
  0x00, 0x00, 0x80, 0x3f, 0x00, 0x00, 0x00, 0x00, 0x00, 0x00, 0x00, 0x00, 0x00, 0x00, 0x00, 0x00,
  0x00, 0x00, 0x00, 0x00, 0x00, 0x00, 0x80, 0x3f, 0x00, 0x00, 0x00, 0x00, 0x00, 0x00, 0x00, 0x00,
  0x00, 0x00, 0x00, 0x00, 0x00, 0x00, 0x00, 0x00, 0x00, 0x00, 0x80, 0x3f, 0x00, 0x00, 0x00, 0x00,
  0x00, 0x00, 0x00, 0x00, 0x00, 0x00, 0x00, 0x00, 0x00, 0x00, 0x00, 0x00, 0x00, 0x00, 0x80, 0x3f,
  0xe4, 0x38, 0x8e, 0x3d, 0x00, 0x00, 0x00, 0x00, 0x00, 0x00, 0x00, 0x00, 0x00, 0x00, 0x00, 0x00,
  0x00, 0x00, 0x00, 0x00, 0xcd, 0xdc, 0x1d, 0x3e, 0x00, 0x00, 0x00, 0x00, 0x00, 0x00, 0x00, 0x00,
  0x00, 0x00, 0x00, 0x00, 0x00, 0x00, 0x00, 0x00, 0x6f, 0x12, 0x03, 0xbb, 0x00, 0x00, 0x00, 0x00,
  0x00, 0x00, 0x00, 0x00, 0x00, 0x00, 0x00, 0x00, 0x00, 0x00, 0x00, 0x00, 0x00, 0x00, 0x80, 0x3f,
  0x66, 0x66, 0x66, 0x41, 0x00, 0x00, 0x00, 0x00, 0x00, 0x00, 0x00, 0x00, 0x00, 0x00, 0x00, 0x00,
  0x00, 0x00, 0x00, 0x00, 0xb3, 0x92, 0xcf, 0x40, 0x00, 0x00, 0x00, 0x00, 0x00, 0x00, 0x00, 0x00,
  0x00, 0x00, 0x00, 0x00, 0x00, 0x00, 0x00, 0x00, 0xff, 0xff, 0xf9, 0xc3, 0x00, 0x00, 0x00, 0x00,
  0x00, 0x00, 0x00, 0x00, 0x00, 0x00, 0x00, 0x00, 0x00, 0x00, 0x00, 0x00, 0x00, 0x00, 0x80, 0x3f,
  0x00, 0x00, 0x00, 0x00, 0x00, 0x00, 0x00, 0x00, 0x00, 0x00, 0x00, 0x00, 0x00, 0x00, 0x00, 0x00,
  0x00, 0x00, 0x00, 0x00, 0x00, 0x00, 0x00, 0x00, 0x00, 0x00, 0x00, 0x00, 0x00, 0x00, 0x00, 0x00,
  0x00, 0x00, 0x00, 0x00, 0x00, 0x00, 0x00, 0x00, 0x00, 0x00, 0x00, 0x00, 0x00, 0x00, 0x00, 0x00,
  0x00, 0x00, 0x00, 0x00, 0x00, 0x00, 0x00, 0x00, 0x00, 0x00, 0x00, 0x00, 0x00, 0x00, 0x00, 0x00,
  0x00, 0x00, 0x00, 0x00, 0x00, 0x00, 0x00, 0x00, 0x00, 0x00, 0x00, 0x00, 0x00, 0x00, 0x00, 0x00,
  0x00, 0x00, 0x00, 0x00, 0x00, 0x00, 0x00, 0x00, 0x00, 0x00, 0x00, 0x00, 0x00, 0x00, 0x00, 0x00,
  0x00, 0x00, 0x00, 0x00, 0x00, 0x00, 0x00, 0x00, 0x00, 0x00, 0x00, 0x00, 0x00, 0x00, 0x00, 0x00,
  0x00, 0x00, 0x00, 0x00, 0x00, 0x00, 0x00, 0x00, 0x00, 0x00, 0x00, 0x00, 0x00, 0x00, 0x00, 0x00,
  0x00, 0x00, 0x80, 0x3f, 0x00, 0x00, 0x00, 0x00, 0x00, 0x00, 0x00, 0x00, 0x00, 0x00, 0x00, 0x00,
  0x66, 0x66, 0x66, 0x41, 0x00, 0x00, 0x00, 0x00, 0x00, 0x00, 0x00, 0x00, 0x00, 0x00, 0x07, 0x00,
  0x28, 0x45, 0x01, 0x03, 0x00, 0x00, 0x00, 0x00, 0x00, 0x00, 0x00, 0x00, 0x00, 0x00, 0x00, 0x00,
  0x00, 0x00, 0x00, 0x00, 0x00, 0x00, 0x00, 0x00, 0x00, 0x00, 0x00, 0x00, 0x00, 0x00, 0x00, 0x00,
  0x00, 0x00, 0x00, 0x00, 0x00, 0x00, 0x00, 0x00, 0x00, 0x00, 0x00, 0x00, 0x00, 0x00, 0x00, 0x00,
  0x00, 0x00, 0x00, 0x00, 0x00, 0x00, 0x00, 0x00, 0x00, 0x00, 0x00, 0x00, 0x02, 0x00, 0x00, 0x00,
  0x01, 0x00, 0x00, 0x00, 0x01, 0x00, 0x00, 0x00, 0x01, 0x00, 0x03, 0x00, 0x00, 0x00, 0x00, 0x00,
  0x00, 0x00, 0x0c, 0x42, 0x00, 0x00, 0x80, 0x3f, 0x00, 0x00, 0x00, 0x00, 0x00, 0x00, 0x00, 0x00,
  0x0a, 0xd7, 0x23, 0x3c, 0x00, 0x00, 0xfa, 0x43, 0x00, 0x00, 0x00, 0x00, 0x00, 0x00, 0x00, 0x00,
  0x00, 0x00, 0x00, 0x00, 0x00, 0x00, 0x00, 0x00, 0x00, 0x00, 0x00, 0x00, 0x00, 0x00, 0x00, 0x00,
  0x00, 0x00, 0x00, 0x00, 0x00, 0x00, 0x00, 0x00, 0x14, 0x00, 0x00, 0x00, 0x07, 0x00, 0x00, 0x00,
  0x00, 0x00, 0x00, 0x00, 0x01, 0x00, 0x00, 0x00, 0x00, 0x00, 0x00, 0x00, 0x00, 0x00, 0x00, 0x00,
  0x00, 0x00, 0x00, 0x00, 0x00, 0x00, 0x00, 0x00, 0x00, 0x00, 0x00, 0x00, 0x00, 0x00, 0x00, 0x00,
  0x00, 0x00, 0x00, 0x00, 0x00, 0x00, 0x00, 0x00, 0x00, 0x00, 0x00, 0x00, 0x00, 0x00, 0x00, 0x00,
  0x00, 0x00, 0x00, 0x00, 0x00, 0x00, 0x00, 0x00, 0x00, 0x00, 0x00, 0x00, 0x00, 0x00, 0x00, 0x00,
  0x00, 0x00, 0x00, 0x00, 0x00, 0x00, 0x00, 0x00, 0x00, 0x00, 0x00, 0x00, 0x00, 0x00, 0x00, 0x00,
  0x00, 0x00, 0x00, 0x00, 0x00, 0x00, 0x00, 0x00, 0x00, 0x00, 0x00, 0x00, 0x00, 0x00, 0x00, 0x00,
  0x00, 0x00, 0x00, 0x00, 0x00, 0x00, 0x00, 0x00, 0x00, 0x00, 0x00, 0x00, 0x00, 0x00, 0x00, 0x00,
  0x00, 0x00, 0x00, 0x00, 0x00, 0x00, 0x00, 0x00, 0x00, 0x00, 0x00, 0x00, 0x00, 0x00, 0x00, 0x00,
  0x00, 0x00, 0x00, 0x00, 0x00, 0x00, 0x00, 0x00, 0x00, 0x00, 0x00, 0x00, 0x00, 0x00, 0x00, 0x00,
  0x00, 0x00, 0x00, 0x00, 0x00, 0x00, 0x00, 0x00, 0x00, 0x00, 0x00, 0x00, 0x00, 0x00, 0x00, 0x18,
  0x00, 0x00, 0x0a, 0x00, 0x00, 0x00, 0x00, 0x00, 0x00, 0x00, 0x00, 0x00, 0x00, 0x00, 0x00, 0x00,
  0x00, 0x00, 0x00, 0x00, 0x00, 0x00, 0x00, 0x00, 0x00, 0x00, 0x00, 0x00, 0x00, 0x00, 0x00, 0x00,
  0x00, 0x00, 0x00, 0x00, 0x00, 0x00, 0x00, 0x00, 0x44, 0x41, 0x54, 0x41, 0xc8, 0x01, 0x00, 0x00,
  0x00, 0x71, 0xf0, 0x06, 0x94, 0x00, 0x00, 0x00, 0x01, 0x00, 0x00, 0x00, 0x00, 0x00, 0x00, 0x00,
  0x58, 0x32, 0xfb, 0x02, 0x05, 0x00, 0x00, 0x00, 0x33, 0x33, 0x33, 0x3f, 0xe0, 0xca, 0x85, 0x03,
  0x00, 0x00, 0x00, 0x00, 0x00, 0x00, 0x00, 0x00, 0x00, 0x00, 0x00, 0x00, 0x00, 0x00, 0x00, 0x00,
  0x00, 0x00, 0x00, 0x00, 0x14, 0x00, 0x00, 0x00, 0x00, 0x4f, 0x41, 0x44, 0x20, 0x46, 0x49, 0x4c,
  0x45, 0x00, 0x00, 0x00, 0x00, 0x00, 0x00, 0x00, 0x00, 0x00, 0x00, 0x00, 0x00, 0x00, 0x00, 0x00,
  0x2f, 0x00, 0x00, 0x00, 0x00, 0x00, 0x00, 0x00, 0x00, 0x00, 0x00, 0x00, 0x00, 0x00, 0x00, 0x00,
  0x00, 0x00, 0x00, 0x00, 0x00, 0x00, 0x00, 0x00, 0x00, 0x00, 0x00, 0x00, 0x00, 0x00, 0x00, 0x00,
  0x00, 0x00, 0x00, 0x00, 0x00, 0x00, 0x00, 0x00, 0x00, 0x00, 0x00, 0x00, 0x00, 0x00, 0x00, 0x00,
  0x00, 0x00, 0x00, 0x00, 0x00, 0x00, 0x00, 0x00, 0x00, 0x00, 0x00, 0x00, 0x00, 0x00, 0x00, 0x00,
  0x00, 0x00, 0x00, 0x00, 0x00, 0x00, 0x00, 0x00, 0x00, 0x00, 0x00, 0x00, 0x00, 0x00, 0x00, 0x00,
  0x00, 0x00, 0x00, 0x00, 0x00, 0x00, 0x00, 0x00, 0x00, 0x00, 0x00, 0x00, 0x00, 0x00, 0x00, 0x00,
  0x00, 0x00, 0x00, 0x00, 0x00, 0x00, 0x00, 0x00, 0x00, 0x00, 0x00, 0x00, 0x00, 0x00, 0x00, 0x00,
  0x00, 0x00, 0x00, 0x00, 0x00, 0x00, 0x00, 0x00, 0x00, 0x00, 0x00, 0x00, 0x00, 0x00, 0x00, 0x00,
  0x00, 0x00, 0x00, 0x00, 0x00, 0x00, 0x00, 0x00, 0x00, 0x00, 0x00, 0x00, 0x00, 0x00, 0x00, 0x00,
  0x00, 0x00, 0x00, 0x00, 0x00, 0x00, 0x00, 0x00, 0x00, 0x00, 0x00, 0x00, 0x00, 0x00, 0x00, 0x00,
  0x00, 0x00, 0x00, 0x00, 0x00, 0x00, 0x00, 0x00, 0x00, 0x00, 0x00, 0x00, 0x00, 0x00, 0x00, 0x00,
  0x00, 0x00, 0x00, 0x00, 0x00, 0x00, 0x00, 0x00, 0x00, 0x00, 0x00, 0x00, 0x00, 0x00, 0x00, 0x00,
  0x00, 0x00, 0x00, 0x00, 0x00, 0x00, 0x00, 0x00, 0x00, 0x00, 0x00, 0x00, 0x00, 0x00, 0x00, 0x00,
  0x00, 0x00, 0x00, 0x00, 0x00, 0x00, 0x00, 0x00, 0x00, 0x00, 0x00, 0x00, 0x00, 0x00, 0x00, 0x00,
  0x00, 0x00, 0x00, 0x00, 0x00, 0x00, 0x00, 0x00, 0x00, 0x00, 0x00, 0x00, 0x00, 0x00, 0x00, 0x00,
  0x00, 0x00, 0x00, 0x00, 0x00, 0x00, 0x00, 0x00, 0x00, 0x00, 0x00, 0x00, 0x00, 0x00, 0x00, 0x00,
  0x00, 0x00, 0x00, 0x00, 0x00, 0x00, 0x00, 0x00, 0x00, 0x00, 0x00, 0x00, 0x00, 0x00, 0x00, 0x00,
  0x00, 0x00, 0x00, 0x00, 0x00, 0x00, 0x00, 0x00, 0x00, 0x00, 0x00, 0x00, 0x00, 0x00, 0x00, 0x00,
  0x00, 0x00, 0x00, 0x00, 0x00, 0x00, 0x00, 0x00, 0x00, 0x00, 0x00, 0x00, 0x00, 0x00, 0x00, 0x00,
  0x00, 0x00, 0x00, 0x00, 0x00, 0x00, 0x00, 0x00, 0x00, 0x00, 0x00, 0x00, 0x00, 0x00, 0x00, 0x00,
  0x08, 0x00, 0x00, 0x00, 0x00, 0x00, 0x00, 0x00, 0x39, 0x00, 0x01, 0x00, 0x00, 0x00, 0x00, 0x00,
  0x00, 0x00, 0x00, 0x00, 0x00, 0x00, 0x00, 0x00, 0x00, 0x00, 0x00, 0x00, 0x00, 0x00, 0x00, 0x00,
  0x00, 0x00, 0x00, 0x00, 0xff, 0xff, 0x00, 0x00, 0x00, 0x00, 0x00, 0x00, 0x00, 0x00, 0x00, 0x00,
  0x00, 0x00, 0x00, 0x00, 0x00, 0x00, 0x00, 0x00, 0x00, 0x00, 0x00, 0x00, 0x00, 0x00, 0x00, 0x00,
  0x00, 0x00, 0x00, 0x00, 0x44, 0x41, 0x54, 0x41, 0xcc, 0x00, 0x00, 0x00, 0x40, 0x76, 0xfa, 0x02,
  0xa8, 0x00, 0x00, 0x00, 0x01, 0x00, 0x00, 0x00, 0x00, 0x00, 0x00, 0x00, 0x40, 0x75, 0xfa, 0x02,
  0x40, 0x3a, 0xf0, 0x06, 0x20, 0x39, 0xf0, 0x06, 0x68, 0x39, 0xf0, 0x06, 0x88, 0x3a, 0xf0, 0x06,
  0x00, 0x00, 0x00, 0x00, 0xe4, 0x38, 0x8e, 0x3d, 0x00, 0x00, 0x00, 0x00, 0x00, 0x00, 0x00, 0x00,
  0x00, 0x00, 0x00, 0x00, 0x00, 0x00, 0x00, 0x00, 0xb9, 0xce, 0x69, 0x3e, 0x00, 0x00, 0x00, 0x00,
  0x00, 0x00, 0x00, 0x00, 0x00, 0x00, 0x00, 0x00, 0x00, 0x00, 0x00, 0x00, 0x6f, 0x12, 0x03, 0xbb,
  0x00, 0x00, 0x00, 0x00, 0x00, 0x00, 0x00, 0x80, 0x00, 0x00, 0x00, 0x80, 0x00, 0x00, 0x00, 0x80,
  0x00, 0x00, 0x80, 0x3f, 0x00, 0x00, 0x00, 0x00, 0xe8, 0x03, 0x00, 0x00, 0x05, 0x01, 0x00, 0x00,
  0xf3, 0x01, 0x00, 0x00, 0x00, 0x00, 0x00, 0x00, 0xe8, 0x03, 0x00, 0x00, 0x05, 0x01, 0x00, 0x00,
  0x1f, 0x01, 0x00, 0x00, 0x00, 0x00, 0x00, 0x00, 0xe8, 0x03, 0x00, 0x00, 0x20, 0x01, 0x00, 0x00,
  0xf3, 0x01, 0x00, 0x00, 0x00, 0x00, 0x00, 0x00, 0x01, 0x00, 0x08, 0x08, 0xe9, 0x03, 0xd4, 0x00,
  0x01, 0x00, 0x01, 0x00, 0x00, 0x00, 0x00, 0x00, 0x07, 0x00, 0x00, 0x00, 0x00, 0x00, 0x00, 0x00,
  0x00, 0x00, 0x00, 0x00, 0x00, 0x00, 0x00, 0x00, 0x00, 0x00, 0x00, 0x00, 0xd8, 0xad, 0xf0, 0x06,
  0xf8, 0x72, 0xf0, 0x06, 0x00, 0x00, 0x00, 0x00, 0x00, 0x00, 0x00, 0x00, 0x00, 0x00, 0x00, 0x00,
  0x00, 0x00, 0x00, 0x00, 0x44, 0x41, 0x54, 0x41, 0xc8, 0x00, 0x00, 0x00, 0xd8, 0xad, 0xf0, 0x06,
  0x93, 0x00, 0x00, 0x00, 0x01, 0x00, 0x00, 0x00, 0xc0, 0x35, 0xfb, 0x02, 0x00, 0x00, 0x00, 0x00,
  0x08, 0x00, 0x00, 0x00, 0x33, 0x33, 0x33, 0x3f, 0xe0, 0x2a, 0x86, 0xf5, 0x00, 0x00, 0x00, 0x00,
  0x00, 0x00, 0x00, 0x00, 0x00, 0x00, 0x00, 0x00, 0x00, 0x00, 0x00, 0x00, 0x00, 0x00, 0x00, 0x00,
  0x00, 0x00, 0x7a, 0x43, 0x00, 0x00, 0x00, 0x00, 0x00, 0x00, 0x00, 0x41, 0x00, 0x00, 0x00, 0x00,
  0x00, 0x00, 0x7a, 0x43, 0x00, 0x00, 0x00, 0x00, 0x00, 0x00, 0x00, 0x41, 0x00, 0x00, 0x00, 0x00,
  0x10, 0x00, 0x00, 0x00, 0x00, 0x00, 0x00, 0x00, 0xd4, 0x00, 0x00, 0x00, 0x10, 0x00, 0x00, 0x00,
  0xe9, 0x03, 0x00, 0x00, 0x00, 0x00, 0x00, 0x00, 0x10, 0x00, 0x00, 0x00, 0x10, 0x00, 0x00, 0x00,
  0xe9, 0x03, 0x00, 0x00, 0x10, 0x00, 0x00, 0x00, 0xd4, 0x00, 0x00, 0x00, 0x00, 0x00, 0x20, 0x41,
  0x00, 0x00, 0x80, 0x40, 0x00, 0x00, 0xfa, 0x46, 0x00, 0x00, 0x00, 0x42, 0xcd, 0xcc, 0xcc, 0x3d,
  0x00, 0x00, 0x20, 0x41, 0x09, 0x00, 0x00, 0x00, 0x00, 0x00, 0x00, 0x00, 0x00, 0x00, 0x00, 0x00,
  0x00, 0x00, 0x00, 0x00, 0x00, 0x00, 0x00, 0x00, 0x00, 0x00, 0x00, 0x00, 0x00, 0x00, 0x00, 0x00,
  0x00, 0x00, 0x00, 0x00, 0x00, 0x00, 0x00, 0x00, 0x00, 0x00, 0x00, 0x00, 0x00, 0x00, 0x00, 0x00,
  0x00, 0x00, 0x00, 0x00, 0x00, 0x00, 0x00, 0x00, 0x00, 0x00, 0x80, 0x3f, 0x00, 0x00, 0x00, 0x00,
  0x44, 0x41, 0x54, 0x41, 0x1c, 0x03, 0x00, 0x00, 0xc0, 0x35, 0xfb, 0x02, 0x8d, 0x00, 0x00, 0x00,
  0x01, 0x00, 0x00, 0x00, 0xf8, 0x72, 0xf0, 0x06, 0xd8, 0xad, 0xf0, 0x06, 0x01, 0x00, 0x00, 0x00,
  0x33, 0x33, 0x33, 0x3f, 0xe0, 0x2a, 0x86, 0xf5, 0x00, 0x00, 0x00, 0x00, 0x00, 0x00, 0x00, 0x00,
  0x00, 0x00, 0x00, 0x00, 0x00, 0x00, 0x00, 0x00, 0x00, 0x00, 0x80, 0x3f, 0x00, 0x00, 0x00, 0x00,
  0x00, 0x00, 0x00, 0x00, 0x00, 0x00, 0x00, 0x00, 0x00, 0x00, 0x00, 0x00, 0x00, 0x00, 0x80, 0x3f,
  0x00, 0x00, 0x00, 0x00, 0x00, 0x00, 0x00, 0x00, 0x00, 0x00, 0x00, 0x00, 0x00, 0x00, 0x00, 0x00,
  0x00, 0x00, 0x80, 0x3f, 0x00, 0x00, 0x00, 0x00, 0x00, 0x00, 0x00, 0x00, 0x00, 0x00, 0x00, 0x00,
  0x00, 0x00, 0x00, 0x00, 0x00, 0x00, 0x80, 0x3f, 0x00, 0x00, 0x80, 0x3f, 0x00, 0x00, 0x00, 0x00,
  0x00, 0x00, 0x00, 0x00, 0x00, 0x00, 0x00, 0x00, 0x00, 0x00, 0x00, 0x00, 0x00, 0x00, 0x80, 0x3f,
  0x00, 0x00, 0x00, 0x00, 0x00, 0x00, 0x00, 0x00, 0x00, 0x00, 0x00, 0x00, 0x00, 0x00, 0x00, 0x00,
  0x00, 0x00, 0x80, 0x3f, 0x00, 0x00, 0x00, 0x00, 0x00, 0x00, 0x00, 0x00, 0x00, 0x00, 0x00, 0x00,
  0x00, 0x00, 0x00, 0x00, 0x00, 0x00, 0x80, 0x3f, 0xe4, 0x38, 0x8e, 0x3d, 0x00, 0x00, 0x00, 0x00,
  0x00, 0x00, 0x00, 0x00, 0x00, 0x00, 0x00, 0x00, 0x00, 0x00, 0x00, 0x00, 0xb9, 0xce, 0x69, 0x3e,
  0x00, 0x00, 0x00, 0x00, 0x00, 0x00, 0x00, 0x00, 0x00, 0x00, 0x00, 0x00, 0x00, 0x00, 0x00, 0x00,
  0x6f, 0x12, 0x03, 0xbb, 0x00, 0x00, 0x00, 0x00, 0x00, 0x00, 0x00, 0x00, 0x00, 0x00, 0x00, 0x00,
  0x00, 0x00, 0x00, 0x00, 0x00, 0x00, 0x80, 0x3f, 0x66, 0x66, 0x66, 0x41, 0x00, 0x00, 0x00, 0x00,
  0x00, 0x00, 0x00, 0x00, 0x00, 0x00, 0x00, 0x00, 0x00, 0x00, 0x00, 0x00, 0x44, 0x26, 0x8c, 0x40,
  0x00, 0x00, 0x00, 0x00, 0x00, 0x00, 0x00, 0x00, 0x00, 0x00, 0x00, 0x00, 0x00, 0x00, 0x00, 0x00,
  0xff, 0xff, 0xf9, 0xc3, 0x00, 0x00, 0x00, 0x00, 0x00, 0x00, 0x00, 0x00, 0x00, 0x00, 0x00, 0x00,
  0x00, 0x00, 0x00, 0x00, 0x00, 0x00, 0x80, 0x3f, 0x00, 0x00, 0x00, 0x00, 0x00, 0x00, 0x00, 0x00,
  0x00, 0x00, 0x00, 0x00, 0x00, 0x00, 0x00, 0x00, 0x00, 0x00, 0x00, 0x00, 0x00, 0x00, 0x00, 0x00,
  0x00, 0x00, 0x00, 0x00, 0x00, 0x00, 0x00, 0x00, 0x00, 0x00, 0x00, 0x00, 0x00, 0x00, 0x00, 0x00,
  0x00, 0x00, 0x00, 0x00, 0x00, 0x00, 0x00, 0x00, 0x00, 0x00, 0x00, 0x00, 0x00, 0x00, 0x00, 0x00,
  0x00, 0x00, 0x00, 0x00, 0x00, 0x00, 0x00, 0x00, 0x00, 0x00, 0x00, 0x00, 0x00, 0x00, 0x00, 0x00,
  0x00, 0x00, 0x00, 0x00, 0x00, 0x00, 0x00, 0x00, 0x00, 0x00, 0x00, 0x00, 0x00, 0x00, 0x00, 0x00,
  0x00, 0x00, 0x00, 0x00, 0x00, 0x00, 0x00, 0x00, 0x00, 0x00, 0x00, 0x00, 0x00, 0x00, 0x00, 0x00,
  0x00, 0x00, 0x00, 0x00, 0x00, 0x00, 0x00, 0x00, 0x00, 0x00, 0x00, 0x00, 0x00, 0x00, 0x00, 0x00,
  0x00, 0x00, 0x00, 0x00, 0x00, 0x00, 0x00, 0x00, 0x00, 0x00, 0x80, 0x3f, 0x00, 0x00, 0x00, 0x00,
  0x00, 0x00, 0x00, 0x00, 0x00, 0x00, 0x00, 0x00, 0x66, 0x66, 0x66, 0x41, 0x00, 0x00, 0x00, 0x00,
  0x00, 0x00, 0x00, 0x00, 0x00, 0x00, 0x07, 0x00, 0x28, 0x45, 0x01, 0x03, 0x00, 0x00, 0x00, 0x00,
  0x00, 0x00, 0x00, 0x00, 0x00, 0x00, 0x00, 0x00, 0x00, 0x00, 0x00, 0x00, 0x00, 0x00, 0x00, 0x00,
  0x00, 0x00, 0x00, 0x00, 0x00, 0x00, 0x00, 0x00, 0x00, 0x00, 0x00, 0x00, 0x00, 0x00, 0x00, 0x00,
  0x00, 0x00, 0x00, 0x00, 0x00, 0x00, 0x00, 0x00, 0x00, 0x00, 0x00, 0x00, 0x00, 0x00, 0x00, 0x00,
  0x00, 0x00, 0x00, 0x00, 0x02, 0x00, 0x00, 0x00, 0x01, 0x00, 0x00, 0x00, 0x01, 0x00, 0x00, 0x00,
  0x01, 0x00, 0x03, 0x00, 0x00, 0x00, 0x00, 0x00, 0x00, 0x00, 0x0c, 0x42, 0x00, 0x00, 0x80, 0x3f,
  0x00, 0x00, 0x00, 0x00, 0x00, 0x00, 0x00, 0x00, 0x0a, 0xd7, 0x23, 0x3c, 0x00, 0x00, 0xfa, 0x43,
  0x00, 0x00, 0x00, 0x00, 0x00, 0x00, 0x00, 0x00, 0x00, 0x00, 0x00, 0x00, 0x00, 0x00, 0x00, 0x00,
  0x00, 0x00, 0x00, 0x00, 0x00, 0x00, 0x00, 0x00, 0x00, 0x00, 0x00, 0x00, 0x00, 0x00, 0x00, 0x00,
  0x14, 0x00, 0x00, 0x00, 0x07, 0x00, 0x00, 0x00, 0x00, 0x00, 0x00, 0x00, 0x01, 0x00, 0x00, 0x00,
  0x00, 0x00, 0x00, 0x00, 0x00, 0x00, 0x00, 0x00, 0x00, 0x00, 0x00, 0x00, 0x00, 0x00, 0x00, 0x00,
  0x00, 0x00, 0x00, 0x00, 0x00, 0x00, 0x00, 0x00, 0x00, 0x00, 0x00, 0x00, 0x00, 0x00, 0x00, 0x00,
  0x00, 0x00, 0x00, 0x00, 0x00, 0x00, 0x00, 0x00, 0x00, 0x00, 0x00, 0x00, 0x00, 0x00, 0x00, 0x00,
  0x00, 0x00, 0x00, 0x00, 0x00, 0x00, 0x00, 0x00, 0x00, 0x00, 0x00, 0x00, 0x00, 0x00, 0x00, 0x00,
  0x00, 0x00, 0x00, 0x00, 0x00, 0x00, 0x00, 0x00, 0x00, 0x00, 0x00, 0x00, 0x00, 0x00, 0x00, 0x00,
  0x00, 0x00, 0x00, 0x00, 0x00, 0x00, 0x00, 0x00, 0x00, 0x00, 0x00, 0x00, 0x00, 0x00, 0x00, 0x00,
  0x00, 0x00, 0x00, 0x00, 0x00, 0x00, 0x00, 0x00, 0x00, 0x00, 0x00, 0x00, 0x00, 0x00, 0x00, 0x00,
  0x00, 0x00, 0x00, 0x00, 0x00, 0x00, 0x00, 0x00, 0x00, 0x00, 0x00, 0x00, 0x00, 0x00, 0x00, 0x00,
  0x00, 0x00, 0x00, 0x00, 0x00, 0x00, 0x00, 0x00, 0x00, 0x00, 0x00, 0x00, 0x00, 0x00, 0x00, 0x00,
  0x00, 0x00, 0x00, 0x00, 0x00, 0x00, 0x00, 0x18, 0x00, 0x00, 0x0a, 0x00, 0x00, 0x00, 0x00, 0x00,
  0x00, 0x00, 0x00, 0x00, 0x00, 0x00, 0x00, 0x00, 0x00, 0x00, 0x00, 0x00, 0x00, 0x00, 0x00, 0x00,
  0x00, 0x00, 0x00, 0x00, 0x00, 0x00, 0x00, 0x00, 0x00, 0x00, 0x00, 0x00, 0x00, 0x00, 0x00, 0x00,
  0x44, 0x41, 0x54, 0x41, 0xc8, 0x01, 0x00, 0x00, 0xf8, 0x72, 0xf0, 0x06, 0x94, 0x00, 0x00, 0x00,
  0x01, 0x00, 0x00, 0x00, 0x00, 0x00, 0x00, 0x00, 0xc0, 0x35, 0xfb, 0x02, 0x05, 0x00, 0x00, 0x00,
  0x33, 0x33, 0x33, 0x3f, 0xe0, 0x2a, 0x86, 0xf5, 0x00, 0x00, 0x00, 0x00, 0x00, 0x00, 0x00, 0x00,
  0x00, 0x00, 0x00, 0x00, 0x00, 0x00, 0x00, 0x00, 0x00, 0x00, 0x00, 0x00, 0x14, 0x00, 0x00, 0x00,
  0x00, 0x41, 0x56, 0x45, 0x20, 0x54, 0x41, 0x52, 0x47, 0x41, 0x00, 0x00, 0x00, 0x00, 0x00, 0x00,
  0x00, 0x00, 0x00, 0x00, 0x00, 0x00, 0x00, 0x00, 0x2f, 0x00, 0x00, 0x00, 0x00, 0x00, 0x00, 0x00,
  0x00, 0x00, 0x00, 0x00, 0x00, 0x00, 0x00, 0x00, 0x00, 0x00, 0x00, 0x00, 0x00, 0x00, 0x00, 0x00,
  0x00, 0x00, 0x00, 0x00, 0x00, 0x00, 0x00, 0x00, 0x00, 0x00, 0x00, 0x00, 0x00, 0x00, 0x00, 0x00,
  0x00, 0x00, 0x00, 0x00, 0x00, 0x00, 0x00, 0x00, 0x00, 0x00, 0x00, 0x00, 0x00, 0x00, 0x00, 0x00,
  0x00, 0x00, 0x00, 0x00, 0x00, 0x00, 0x00, 0x00, 0x00, 0x00, 0x00, 0x00, 0x00, 0x00, 0x00, 0x00,
  0x00, 0x00, 0x00, 0x00, 0x00, 0x00, 0x00, 0x00, 0x00, 0x00, 0x00, 0x00, 0x00, 0x00, 0x00, 0x00,
  0x00, 0x00, 0x00, 0x00, 0x00, 0x00, 0x00, 0x00, 0x00, 0x00, 0x00, 0x00, 0x00, 0x00, 0x00, 0x00,
  0x00, 0x00, 0x00, 0x00, 0x00, 0x00, 0x00, 0x00, 0x00, 0x00, 0x00, 0x00, 0x00, 0x00, 0x00, 0x00,
  0x00, 0x00, 0x00, 0x00, 0x00, 0x00, 0x00, 0x00, 0x00, 0x00, 0x00, 0x00, 0x00, 0x00, 0x00, 0x00,
  0x00, 0x00, 0x00, 0x00, 0x00, 0x00, 0x00, 0x00, 0x00, 0x00, 0x00, 0x00, 0x00, 0x00, 0x00, 0x00,
  0x00, 0x00, 0x00, 0x00, 0x00, 0x00, 0x00, 0x00, 0x00, 0x00, 0x00, 0x00, 0x00, 0x00, 0x00, 0x00,
  0x00, 0x00, 0x00, 0x00, 0x00, 0x00, 0x00, 0x00, 0x00, 0x00, 0x00, 0x00, 0x00, 0x00, 0x00, 0x00,
  0x00, 0x00, 0x00, 0x00, 0x00, 0x00, 0x00, 0x00, 0x00, 0x00, 0x00, 0x00, 0x00, 0x00, 0x00, 0x00,
  0x00, 0x00, 0x00, 0x00, 0x00, 0x00, 0x00, 0x00, 0x00, 0x00, 0x00, 0x00, 0x00, 0x00, 0x00, 0x00,
  0x00, 0x00, 0x00, 0x00, 0x00, 0x00, 0x00, 0x00, 0x00, 0x00, 0x00, 0x00, 0x00, 0x00, 0x00, 0x00,
  0x00, 0x00, 0x00, 0x00, 0x00, 0x00, 0x00, 0x00, 0x00, 0x74, 0x31, 0x2e, 0x62, 0x6c, 0x65, 0x6e,
  0x64, 0x00, 0x00, 0x00, 0x00, 0x00, 0x00, 0x00, 0x00, 0x00, 0x00, 0x00, 0x00, 0x00, 0x00, 0x00,
  0x00, 0x00, 0x00, 0x00, 0x00, 0x00, 0x00, 0x00, 0x00, 0x00, 0x00, 0x00, 0x00, 0x00, 0x00, 0x00,
  0x00, 0x00, 0x00, 0x00, 0x00, 0x00, 0x00, 0x00, 0x00, 0x00, 0x00, 0x00, 0x00, 0x00, 0x00, 0x00,
  0x00, 0x00, 0x00, 0x00, 0x00, 0x00, 0x00, 0x00, 0x00, 0x00, 0x00, 0x00, 0x00, 0x00, 0x00, 0x00,
  0x00, 0x00, 0x00, 0x00, 0x00, 0x00, 0x00, 0x00, 0x08, 0x00, 0x00, 0x00, 0x02, 0x00, 0x00, 0x00,
  0x39, 0x00, 0x02, 0x00, 0x00, 0x00, 0x00, 0x00, 0x00, 0x00, 0x00, 0x00, 0x00, 0x00, 0x00, 0x00,
  0x00, 0x00, 0x00, 0x00, 0x00, 0x00, 0x00, 0x00, 0x00, 0x00, 0x00, 0x00, 0xff, 0xff, 0x00, 0x00,
  0x00, 0x00, 0x00, 0x00, 0x00, 0x00, 0x00, 0x00, 0x00, 0x00, 0x00, 0x00, 0x00, 0x00, 0x00, 0x00,
  0x00, 0x00, 0x00, 0x00, 0x00, 0x00, 0x00, 0x00, 0x00, 0x00, 0x00, 0x00, 0x53, 0x52, 0x00, 0x00,
  0x78, 0x00, 0x00, 0x00, 0xb0, 0x13, 0xf0, 0x06, 0xa4, 0x00, 0x00, 0x00, 0x01, 0x00, 0x00, 0x00,
  0x00, 0x00, 0x00, 0x00, 0x08, 0x13, 0xf0, 0x06, 0x00, 0x00, 0x00, 0x00, 0x00, 0x00, 0x00, 0x00,
  0x53, 0x52, 0x35, 0x2d, 0x53, 0x63, 0x72, 0x69, 0x70, 0x74, 0x69, 0x6e, 0x67, 0x00, 0x00, 0x00,
  0x00, 0x00, 0x00, 0x00, 0x00, 0x00, 0x00, 0x00, 0x01, 0x00, 0x00, 0x00, 0x00, 0x00, 0x00, 0x00,
  0x00, 0x00, 0x00, 0x00, 0xb8, 0x40, 0xf0, 0x06, 0x08, 0xb0, 0xf0, 0x06, 0x50, 0xb0, 0xf0, 0x06,
  0x40, 0xb4, 0xf0, 0x06, 0x40, 0x77, 0xfa, 0x02, 0x40, 0x7a, 0xfa, 0x02, 0x38, 0xc2, 0xf0, 0x06,
  0x00, 0x00, 0xe7, 0x03, 0x8f, 0x01, 0xae, 0x04, 0xe8, 0x03, 0x20, 0x03, 0x01, 0x00, 0x05, 0x00,
  0x00, 0x00, 0x00, 0x00, 0x01, 0x00, 0x00, 0x00, 0x00, 0x00, 0x00, 0x00, 0x00, 0x00, 0x00, 0x00,
  0x00, 0x00, 0x00, 0x00, 0x00, 0x00, 0x00, 0x00, 0x44, 0x41, 0x54, 0x41, 0x14, 0x00, 0x00, 0x00,
  0xb8, 0x40, 0xf0, 0x06, 0xa5, 0x00, 0x00, 0x00, 0x01, 0x00, 0x00, 0x00, 0x00, 0x41, 0xf0, 0x06,
  0x00, 0x00, 0x00, 0x00, 0x00, 0x00, 0x00, 0x00, 0x00, 0x00, 0x00, 0x00, 0x00, 0x00, 0x00, 0x00,
  0x44, 0x41, 0x54, 0x41, 0x14, 0x00, 0x00, 0x00, 0x00, 0x41, 0xf0, 0x06, 0xa5, 0x00, 0x00, 0x00,
  0x01, 0x00, 0x00, 0x00, 0x48, 0x41, 0xf0, 0x06, 0xb8, 0x40, 0xf0, 0x06, 0x00, 0x00, 0x00, 0x00,
  0x00, 0x00, 0x20, 0x03, 0x00, 0x00, 0x00, 0x00, 0x44, 0x41, 0x54, 0x41, 0x14, 0x00, 0x00, 0x00,
  0x48, 0x41, 0xf0, 0x06, 0xa5, 0x00, 0x00, 0x00, 0x01, 0x00, 0x00, 0x00, 0x90, 0x41, 0xf0, 0x06,
  0x00, 0x41, 0xf0, 0x06, 0x00, 0x00, 0x00, 0x00, 0xe8, 0x03, 0x20, 0x03, 0x00, 0x00, 0x00, 0x00,
  0x44, 0x41, 0x54, 0x41, 0x14, 0x00, 0x00, 0x00, 0x90, 0x41, 0xf0, 0x06, 0xa5, 0x00, 0x00, 0x00,
  0x01, 0x00, 0x00, 0x00, 0xd8, 0x41, 0xf0, 0x06, 0x48, 0x41, 0xf0, 0x06, 0x00, 0x00, 0x00, 0x00,
  0xe8, 0x03, 0x00, 0x00, 0x00, 0x00, 0x00, 0x00, 0x44, 0x41, 0x54, 0x41, 0x14, 0x00, 0x00, 0x00,
  0xd8, 0x41, 0xf0, 0x06, 0xa5, 0x00, 0x00, 0x00, 0x01, 0x00, 0x00, 0x00, 0xe8, 0xae, 0xf0, 0x06,
  0x90, 0x41, 0xf0, 0x06, 0x00, 0x00, 0x00, 0x00, 0x00, 0x00, 0xd4, 0x00, 0x00, 0x00, 0x00, 0x00,
  0x44, 0x41, 0x54, 0x41, 0x14, 0x00, 0x00, 0x00, 0xe8, 0xae, 0xf0, 0x06, 0xa5, 0x00, 0x00, 0x00,
  0x01, 0x00, 0x00, 0x00, 0x30, 0xaf, 0xf0, 0x06, 0xd8, 0x41, 0xf0, 0x06, 0x00, 0x00, 0x00, 0x00,
  0x00, 0x00, 0x06, 0x03, 0x00, 0x00, 0x00, 0x00, 0x44, 0x41, 0x54, 0x41, 0x14, 0x00, 0x00, 0x00,
  0x30, 0xaf, 0xf0, 0x06, 0xa5, 0x00, 0x00, 0x00, 0x01, 0x00, 0x00, 0x00, 0x78, 0xaf, 0xf0, 0x06,
  0xe8, 0xae, 0xf0, 0x06, 0x00, 0x00, 0x00, 0x00, 0xe8, 0x03, 0x06, 0x03, 0x00, 0x00, 0x00, 0x00,
  0x44, 0x41, 0x54, 0x41, 0x14, 0x00, 0x00, 0x00, 0x78, 0xaf, 0xf0, 0x06, 0xa5, 0x00, 0x00, 0x00,
  0x01, 0x00, 0x00, 0x00, 0xc0, 0xaf, 0xf0, 0x06, 0x30, 0xaf, 0xf0, 0x06, 0x00, 0x00, 0x00, 0x00,
  0x9c, 0x01, 0xd4, 0x00, 0x00, 0x00, 0x00, 0x00, 0x44, 0x41, 0x54, 0x41, 0x14, 0x00, 0x00, 0x00,
  0xc0, 0xaf, 0xf0, 0x06, 0xa5, 0x00, 0x00, 0x00, 0x01, 0x00, 0x00, 0x00, 0x08, 0xb0, 0xf0, 0x06,
  0x78, 0xaf, 0xf0, 0x06, 0x00, 0x00, 0x00, 0x00, 0x9c, 0x01, 0x06, 0x03, 0x00, 0x00, 0x00, 0x00,
  0x44, 0x41, 0x54, 0x41, 0x14, 0x00, 0x00, 0x00, 0x08, 0xb0, 0xf0, 0x06, 0xa5, 0x00, 0x00, 0x00,
  0x01, 0x00, 0x00, 0x00, 0x00, 0x00, 0x00, 0x00, 0xc0, 0xaf, 0xf0, 0x06, 0x00, 0x00, 0x00, 0x00,
  0x9c, 0x01, 0x00, 0x00, 0x00, 0x00, 0x00, 0x00, 0x44, 0x41, 0x54, 0x41, 0x18, 0x00, 0x00, 0x00,
  0x50, 0xb0, 0xf0, 0x06, 0xa6, 0x00, 0x00, 0x00, 0x01, 0x00, 0x00, 0x00, 0x98, 0xb0, 0xf0, 0x06,
  0x00, 0x00, 0x00, 0x00, 0x00, 0x41, 0xf0, 0x06, 0x48, 0x41, 0xf0, 0x06, 0x01, 0x00, 0x00, 0x00,
  0x00, 0x00, 0x00, 0x00, 0x44, 0x41, 0x54, 0x41, 0x18, 0x00, 0x00, 0x00, 0x98, 0xb0, 0xf0, 0x06,
  0xa6, 0x00, 0x00, 0x00, 0x01, 0x00, 0x00, 0x00, 0xe0, 0xb0, 0xf0, 0x06, 0x50, 0xb0, 0xf0, 0x06,
  0x00, 0x41, 0xf0, 0x06, 0xe8, 0xae, 0xf0, 0x06, 0x01, 0x00, 0x00, 0x00, 0x00, 0x00, 0x00, 0x00,
  0x44, 0x41, 0x54, 0x41, 0x18, 0x00, 0x00, 0x00, 0xe0, 0xb0, 0xf0, 0x06, 0xa6, 0x00, 0x00, 0x00,
  0x01, 0x00, 0x00, 0x00, 0x28, 0xb1, 0xf0, 0x06, 0x98, 0xb0, 0xf0, 0x06, 0x48, 0x41, 0xf0, 0x06,
  0x30, 0xaf, 0xf0, 0x06, 0x01, 0x00, 0x00, 0x00, 0x00, 0x00, 0x00, 0x00, 0x44, 0x41, 0x54, 0x41,
  0x18, 0x00, 0x00, 0x00, 0x28, 0xb1, 0xf0, 0x06, 0xa6, 0x00, 0x00, 0x00, 0x01, 0x00, 0x00, 0x00,
  0x70, 0xb1, 0xf0, 0x06, 0xe0, 0xb0, 0xf0, 0x06, 0xe8, 0xae, 0xf0, 0x06, 0x30, 0xaf, 0xf0, 0x06,
  0x00, 0x00, 0x00, 0x00, 0x00, 0x00, 0x00, 0x00, 0x44, 0x41, 0x54, 0x41, 0x18, 0x00, 0x00, 0x00,
  0x70, 0xb1, 0xf0, 0x06, 0xa6, 0x00, 0x00, 0x00, 0x01, 0x00, 0x00, 0x00, 0xb8, 0xb1, 0xf0, 0x06,
  0x28, 0xb1, 0xf0, 0x06, 0xd8, 0x41, 0xf0, 0x06, 0x78, 0xaf, 0xf0, 0x06, 0x00, 0x00, 0x00, 0x00,
  0x00, 0x00, 0x00, 0x00, 0x44, 0x41, 0x54, 0x41, 0x18, 0x00, 0x00, 0x00, 0xb8, 0xb1, 0xf0, 0x06,
  0xa6, 0x00, 0x00, 0x00, 0x01, 0x00, 0x00, 0x00, 0x00, 0xb2, 0xf0, 0x06, 0x70, 0xb1, 0xf0, 0x06,
  0xe8, 0xae, 0xf0, 0x06, 0xc0, 0xaf, 0xf0, 0x06, 0x00, 0x00, 0x00, 0x00, 0x00, 0x00, 0x00, 0x00,
  0x44, 0x41, 0x54, 0x41, 0x18, 0x00, 0x00, 0x00, 0x00, 0xb2, 0xf0, 0x06, 0xa6, 0x00, 0x00, 0x00,
  0x01, 0x00, 0x00, 0x00, 0x48, 0xb2, 0xf0, 0x06, 0xb8, 0xb1, 0xf0, 0x06, 0x30, 0xaf, 0xf0, 0x06,
  0xc0, 0xaf, 0xf0, 0x06, 0x00, 0x00, 0x00, 0x00, 0x00, 0x00, 0x00, 0x00, 0x44, 0x41, 0x54, 0x41,
  0x18, 0x00, 0x00, 0x00, 0x48, 0xb2, 0xf0, 0x06, 0xa6, 0x00, 0x00, 0x00, 0x01, 0x00, 0x00, 0x00,
  0x90, 0xb2, 0xf0, 0x06, 0x00, 0xb2, 0xf0, 0x06, 0x78, 0xaf, 0xf0, 0x06, 0xc0, 0xaf, 0xf0, 0x06,
  0x00, 0x00, 0x00, 0x00, 0x00, 0x00, 0x00, 0x00, 0x44, 0x41, 0x54, 0x41, 0x18, 0x00, 0x00, 0x00,
  0x90, 0xb2, 0xf0, 0x06, 0xa6, 0x00, 0x00, 0x00, 0x01, 0x00, 0x00, 0x00, 0xd8, 0xb2, 0xf0, 0x06,
  0x48, 0xb2, 0xf0, 0x06, 0xd8, 0x41, 0xf0, 0x06, 0xe8, 0xae, 0xf0, 0x06, 0x01, 0x00, 0x00, 0x00,
  0x00, 0x00, 0x00, 0x00, 0x44, 0x41, 0x54, 0x41, 0x18, 0x00, 0x00, 0x00, 0xd8, 0xb2, 0xf0, 0x06,
  0xa6, 0x00, 0x00, 0x00, 0x01, 0x00, 0x00, 0x00, 0x20, 0xb3, 0xf0, 0x06, 0x90, 0xb2, 0xf0, 0x06,
  0xb8, 0x40, 0xf0, 0x06, 0xd8, 0x41, 0xf0, 0x06, 0x00, 0x00, 0x00, 0x00, 0x00, 0x00, 0x00, 0x00,
  0x44, 0x41, 0x54, 0x41, 0x18, 0x00, 0x00, 0x00, 0x20, 0xb3, 0xf0, 0x06, 0xa6, 0x00, 0x00, 0x00,
  0x01, 0x00, 0x00, 0x00, 0x68, 0xb3, 0xf0, 0x06, 0xd8, 0xb2, 0xf0, 0x06, 0xb8, 0x40, 0xf0, 0x06,
  0x08, 0xb0, 0xf0, 0x06, 0x00, 0x00, 0x00, 0x00, 0x00, 0x00, 0x00, 0x00, 0x44, 0x41, 0x54, 0x41,
  0x18, 0x00, 0x00, 0x00, 0x68, 0xb3, 0xf0, 0x06, 0xa6, 0x00, 0x00, 0x00, 0x01, 0x00, 0x00, 0x00,
  0xb0, 0xb3, 0xf0, 0x06, 0x20, 0xb3, 0xf0, 0x06, 0x90, 0x41, 0xf0, 0x06, 0x08, 0xb0, 0xf0, 0x06,
  0x00, 0x00, 0x00, 0x00, 0x00, 0x00, 0x00, 0x00, 0x44, 0x41, 0x54, 0x41, 0x18, 0x00, 0x00, 0x00,
  0xb0, 0xb3, 0xf0, 0x06, 0xa6, 0x00, 0x00, 0x00, 0x01, 0x00, 0x00, 0x00, 0xf8, 0xb3, 0xf0, 0x06,
  0x68, 0xb3, 0xf0, 0x06, 0x78, 0xaf, 0xf0, 0x06, 0x08, 0xb0, 0xf0, 0x06, 0x00, 0x00, 0x00, 0x00,
  0x00, 0x00, 0x00, 0x00, 0x44, 0x41, 0x54, 0x41, 0x18, 0x00, 0x00, 0x00, 0xf8, 0xb3, 0xf0, 0x06,
  0xa6, 0x00, 0x00, 0x00, 0x01, 0x00, 0x00, 0x00, 0x40, 0xb4, 0xf0, 0x06, 0xb0, 0xb3, 0xf0, 0x06,
  0xc0, 0xaf, 0xf0, 0x06, 0x08, 0xb0, 0xf0, 0x06, 0x00, 0x00, 0x00, 0x00, 0x00, 0x00, 0x00, 0x00,
  0x44, 0x41, 0x54, 0x41, 0x18, 0x00, 0x00, 0x00, 0x40, 0xb4, 0xf0, 0x06, 0xa6, 0x00, 0x00, 0x00,
  0x01, 0x00, 0x00, 0x00, 0x00, 0x00, 0x00, 0x00, 0xf8, 0xb3, 0xf0, 0x06, 0x90, 0x41, 0xf0, 0x06,
  0x30, 0xaf, 0xf0, 0x06, 0x00, 0x00, 0x00, 0x00, 0x00, 0x00, 0x00, 0x00, 0x44, 0x41, 0x54, 0x41,
  0xcc, 0x00, 0x00, 0x00, 0x40, 0x77, 0xfa, 0x02, 0xa8, 0x00, 0x00, 0x00, 0x01, 0x00, 0x00, 0x00,
  0x40, 0x78, 0xfa, 0x02, 0x00, 0x00, 0x00, 0x00, 0xe8, 0xae, 0xf0, 0x06, 0x00, 0x41, 0xf0, 0x06,
  0x48, 0x41, 0xf0, 0x06, 0x30, 0xaf, 0xf0, 0x06, 0x00, 0x00, 0x00, 0x00, 0x00, 0x00, 0x00, 0x00,
  0x00, 0x00, 0x00, 0x00, 0x00, 0x00, 0x00, 0x00, 0x00, 0x00, 0x00, 0x00, 0x00, 0x00, 0x00, 0x00,
  0x00, 0x00, 0x00, 0x00, 0x00, 0x00, 0x00, 0x00, 0x00, 0x00, 0x00, 0x00, 0x00, 0x00, 0x00, 0x00,
  0x00, 0x00, 0x00, 0x00, 0x00, 0x00, 0x00, 0x00, 0x00, 0x00, 0x00, 0x00, 0x00, 0x00, 0x00, 0x00,
  0x00, 0x00, 0x00, 0x00, 0x00, 0x00, 0x00, 0x00, 0x00, 0x00, 0x00, 0x00, 0x00, 0x00, 0x00, 0x00,
  0xe8, 0x03, 0x00, 0x00, 0x07, 0x03, 0x00, 0x00, 0x20, 0x03, 0x00, 0x00, 0x00, 0x00, 0x00, 0x00,
  0xe8, 0x03, 0x00, 0x00, 0x07, 0x03, 0x00, 0x00, 0x21, 0x03, 0x00, 0x00, 0x00, 0x00, 0x00, 0x00,
  0xe8, 0x03, 0x00, 0x00, 0x20, 0x03, 0x00, 0x00, 0x20, 0x03, 0x00, 0x00, 0x00, 0x00, 0x00, 0x00,
  0x01, 0x00, 0x07, 0x07, 0xe9, 0x03, 0x01, 0x00, 0x03, 0x00, 0x03, 0x01, 0xc4, 0x02, 0x00, 0x00,
  0x07, 0x00, 0x00, 0x00, 0x00, 0x00, 0x00, 0x00, 0x00, 0x00, 0x00, 0x00, 0x00, 0x00, 0x00, 0x00,
  0x00, 0x00, 0x00, 0x00, 0x00, 0x00, 0x00, 0x00, 0x00, 0x00, 0x00, 0x00, 0x00, 0x00, 0x00, 0x00,
  0x00, 0x00, 0x00, 0x00, 0x00, 0x00, 0x00, 0x00, 0x00, 0x00, 0x00, 0x00, 0x44, 0x41, 0x54, 0x41,
  0xcc, 0x00, 0x00, 0x00, 0x40, 0x78, 0xfa, 0x02, 0xa8, 0x00, 0x00, 0x00, 0x01, 0x00, 0x00, 0x00,
  0x40, 0x79, 0xfa, 0x02, 0x40, 0x77, 0xfa, 0x02, 0xd8, 0x41, 0xf0, 0x06, 0xe8, 0xae, 0xf0, 0x06,
  0xc0, 0xaf, 0xf0, 0x06, 0x78, 0xaf, 0xf0, 0x06, 0x00, 0x00, 0x00, 0x00, 0x7a, 0xd6, 0xf8, 0x3d,
  0x00, 0x00, 0x00, 0x00, 0x00, 0x00, 0x00, 0x00, 0x00, 0x00, 0x00, 0x00, 0x00, 0x00, 0x00, 0x00,
  0xba, 0xfc, 0xbf, 0x3d, 0x00, 0x00, 0x00, 0x00, 0x00, 0x00, 0x00, 0x00, 0x00, 0x00, 0x00, 0x80,
  0x00, 0x00, 0x00, 0x80, 0x6f, 0x12, 0x03, 0xbb, 0x00, 0x00, 0x00, 0x80, 0x00, 0x00, 0x00, 0x00,
  0x00, 0x00, 0x00, 0x00, 0x00, 0x00, 0x00, 0x00, 0x00, 0x00, 0x80, 0x3f, 0x00, 0x00, 0x00, 0x00,
  0x9b, 0x01, 0x00, 0x00, 0xd5, 0x00, 0x00, 0x00, 0x05, 0x03, 0x00, 0x00, 0x00, 0x00, 0x00, 0x00,
  0x9b, 0x01, 0x00, 0x00, 0xd5, 0x00, 0x00, 0x00, 0xef, 0x00, 0x00, 0x00, 0x00, 0x00, 0x00, 0x00,
  0x9b, 0x01, 0x00, 0x00, 0xf0, 0x00, 0x00, 0x00, 0x05, 0x03, 0x00, 0x00, 0x00, 0x00, 0x00, 0x00,
  0x01, 0x00, 0x01, 0x01, 0x9c, 0x01, 0x16, 0x02, 0x01, 0x00, 0x03, 0x00, 0xfb, 0x02, 0x00, 0x00,
  0x07, 0x00, 0x00, 0x00, 0x00, 0x00, 0x00, 0x00, 0x00, 0x00, 0x00, 0x00, 0x00, 0x00, 0x00, 0x00,
  0x00, 0x00, 0x00, 0x00, 0x28, 0x39, 0xfb, 0x02, 0xf0, 0x74, 0xf0, 0x06, 0x00, 0x00, 0x00, 0x00,
  0x00, 0x00, 0x00, 0x00, 0x70, 0x8a, 0xf0, 0x06, 0x88, 0x8b, 0xf0, 0x06, 0x44, 0x41, 0x54, 0x41,
  0xe4, 0x00, 0x00, 0x00, 0x70, 0x8a, 0xf0, 0x06, 0xa7, 0x00, 0x00, 0x00, 0x01, 0x00, 0x00, 0x00,
  0x88, 0x8b, 0xf0, 0x06, 0x00, 0x00, 0x00, 0x00, 0x54, 0x72, 0x61, 0x6e, 0x73, 0x66, 0x6f, 0x72,
  0x6d, 0x20, 0x50, 0x72, 0x6f, 0x70, 0x65, 0x72, 0x74, 0x69, 0x65, 0x73, 0x00, 0x00, 0x00, 0x00,
  0x00, 0x00, 0x00, 0x00, 0x00, 0x00, 0x00, 0x00, 0x00, 0x00, 0x00, 0x00, 0x00, 0x00, 0x00, 0x00,
  0x00, 0x00, 0x00, 0x00, 0x00, 0x00, 0x00, 0x00, 0x00, 0x00, 0x00, 0x00, 0x00, 0x00, 0x00, 0x00,
  0x00, 0x00, 0x00, 0x00, 0x00, 0x00, 0x00, 0x00, 0x56, 0x69, 0x65, 0x77, 0x33, 0x64, 0x00, 0x00,
  0x00, 0x00, 0x00, 0x00, 0x00, 0x00, 0x00, 0x00, 0x00, 0x00, 0x00, 0x00, 0x00, 0x00, 0x00, 0x00,
  0x00, 0x00, 0x00, 0x00, 0x00, 0x00, 0x00, 0x00, 0x00, 0x00, 0x00, 0x00, 0x00, 0x00, 0x00, 0x00,
  0x00, 0x00, 0x00, 0x00, 0x00, 0x00, 0x00, 0x00, 0x00, 0x00, 0x00, 0x00, 0x00, 0x00, 0x00, 0x00,
  0x00, 0x00, 0x00, 0x00, 0x00, 0x00, 0x00, 0x00, 0x00, 0x00, 0x00, 0x00, 0x00, 0x00, 0x00, 0x00,
  0x00, 0x00, 0x00, 0x00, 0x00, 0x00, 0x00, 0x00, 0x00, 0x00, 0x00, 0x00, 0x00, 0x00, 0x00, 0x00,
  0x00, 0x00, 0x00, 0x00, 0x00, 0x00, 0x00, 0x00, 0x00, 0x00, 0x00, 0x00, 0x00, 0x00, 0x00, 0x00,
  0x00, 0x00, 0x00, 0x00, 0x00, 0x00, 0x00, 0x00, 0x00, 0x00, 0x00, 0x00, 0x00, 0x00, 0x00, 0x00,
  0x00, 0x00, 0x00, 0x00, 0x00, 0x00, 0x00, 0x00, 0x8c, 0x00, 0xd2, 0x00, 0x3e, 0x01, 0xcc, 0x00,
  0x00, 0x00, 0x00, 0x00, 0xa2, 0x00, 0x00, 0x00, 0x00, 0x00, 0x00, 0x00, 0x00, 0x00, 0x00, 0x00,
  0x00, 0x00, 0x00, 0x00, 0x44, 0x41, 0x54, 0x41, 0xe4, 0x00, 0x00, 0x00, 0x88, 0x8b, 0xf0, 0x06,
  0xa7, 0x00, 0x00, 0x00, 0x01, 0x00, 0x00, 0x00, 0x00, 0x00, 0x00, 0x00, 0x70, 0x8a, 0xf0, 0x06,
  0x33, 0x44, 0x20, 0x56, 0x69, 0x65, 0x77, 0x70, 0x6f, 0x72, 0x74, 0x20, 0x70, 0x72, 0x6f, 0x70,
  0x65, 0x72, 0x74, 0x69, 0x65, 0x73, 0x00, 0x00, 0x00, 0x00, 0x00, 0x00, 0x00, 0x00, 0x00, 0x00,
  0x00, 0x00, 0x00, 0x00, 0x00, 0x00, 0x00, 0x00, 0x00, 0x00, 0x00, 0x00, 0x00, 0x00, 0x00, 0x00,
  0x00, 0x00, 0x00, 0x00, 0x00, 0x00, 0x00, 0x00, 0x00, 0x00, 0x00, 0x00, 0x00, 0x00, 0x00, 0x00,
  0x56, 0x69, 0x65, 0x77, 0x33, 0x64, 0x00, 0x00, 0x00, 0x00, 0x00, 0x00, 0x00, 0x00, 0x00, 0x00,
  0x00, 0x00, 0x00, 0x00, 0x00, 0x00, 0x00, 0x00, 0x00, 0x00, 0x00, 0x00, 0x00, 0x00, 0x00, 0x00,
  0x00, 0x00, 0x00, 0x00, 0x00, 0x00, 0x00, 0x00, 0x00, 0x00, 0x00, 0x00, 0x00, 0x00, 0x00, 0x00,
  0x00, 0x00, 0x00, 0x00, 0x00, 0x00, 0x00, 0x00, 0x00, 0x00, 0x00, 0x00, 0x00, 0x00, 0x00, 0x00,
  0x00, 0x00, 0x00, 0x00, 0x00, 0x00, 0x00, 0x00, 0x00, 0x00, 0x00, 0x00, 0x00, 0x00, 0x00, 0x00,
  0x00, 0x00, 0x00, 0x00, 0x00, 0x00, 0x00, 0x00, 0x00, 0x00, 0x00, 0x00, 0x00, 0x00, 0x00, 0x00,
  0x00, 0x00, 0x00, 0x00, 0x00, 0x00, 0x00, 0x00, 0x00, 0x00, 0x00, 0x00, 0x00, 0x00, 0x00, 0x00,
  0x00, 0x00, 0x00, 0x00, 0x00, 0x00, 0x00, 0x00, 0x00, 0x00, 0x00, 0x00, 0x00, 0x00, 0x00, 0x00,
  0x08, 0x00, 0x08, 0x00, 0x3e, 0x01, 0xcc, 0x00, 0x00, 0x00, 0x00, 0x00, 0x22, 0x00, 0x00, 0x00,
  0x00, 0x00, 0x00, 0x00, 0x00, 0x00, 0x00, 0x00, 0x00, 0x00, 0x00, 0x00, 0x44, 0x41, 0x54, 0x41,
  0x1c, 0x03, 0x00, 0x00, 0x28, 0x39, 0xfb, 0x02, 0x8d, 0x00, 0x00, 0x00, 0x01, 0x00, 0x00, 0x00,
  0xf0, 0x74, 0xf0, 0x06, 0x00, 0x00, 0x00, 0x00, 0x01, 0x00, 0x00, 0x00, 0x33, 0x33, 0x33, 0x3f,
  0x20, 0xcb, 0x85, 0x0f, 0x00, 0x00, 0x00, 0x00, 0x00, 0x00, 0x00, 0x00, 0x00, 0x00, 0x00, 0x00,
  0x00, 0x00, 0x00, 0x00, 0x00, 0x00, 0x80, 0x3f, 0x00, 0x00, 0x00, 0x00, 0x00, 0x00, 0x00, 0x00,
  0x00, 0x00, 0x00, 0x00, 0x00, 0x00, 0x00, 0x00, 0x00, 0x00, 0x80, 0x3f, 0x00, 0x00, 0x00, 0x00,
  0x00, 0x00, 0x00, 0x00, 0x00, 0x00, 0x00, 0x00, 0x00, 0x00, 0x00, 0x00, 0x00, 0x00, 0x80, 0x3f,
  0x00, 0x00, 0x00, 0x00, 0x00, 0x00, 0x00, 0x00, 0x00, 0x00, 0x00, 0x00, 0x00, 0x00, 0x00, 0x00,
  0x00, 0x00, 0x80, 0x3f, 0x00, 0x00, 0x80, 0x3f, 0x00, 0x00, 0x00, 0x00, 0x00, 0x00, 0x00, 0x00,
  0x00, 0x00, 0x00, 0x00, 0x00, 0x00, 0x00, 0x00, 0x00, 0x00, 0x80, 0x3f, 0x00, 0x00, 0x00, 0x00,
  0x00, 0x00, 0x00, 0x00, 0x00, 0x00, 0x00, 0x00, 0x00, 0x00, 0x00, 0x00, 0x00, 0x00, 0x80, 0x3f,
  0x00, 0x00, 0x00, 0x00, 0x00, 0x00, 0x00, 0x00, 0x00, 0x00, 0x00, 0x00, 0x00, 0x00, 0x00, 0x00,
  0x00, 0x00, 0x80, 0x3f, 0x7a, 0xd6, 0xf8, 0x3d, 0x00, 0x00, 0x00, 0x00, 0x00, 0x00, 0x00, 0x00,
  0x00, 0x00, 0x00, 0x00, 0x00, 0x00, 0x00, 0x00, 0xba, 0xfc, 0xbf, 0x3d, 0x00, 0x00, 0x00, 0x00,
  0x00, 0x00, 0x00, 0x00, 0x00, 0x00, 0x00, 0x00, 0x00, 0x00, 0x00, 0x00, 0x6f, 0x12, 0x03, 0xbb,
  0x00, 0x00, 0x00, 0x00, 0x00, 0x00, 0x00, 0x00, 0x00, 0x00, 0x00, 0x00, 0x00, 0x00, 0x00, 0x00,
  0x00, 0x00, 0x80, 0x3f, 0x26, 0xaf, 0x03, 0x41, 0x00, 0x00, 0x00, 0x00, 0x00, 0x00, 0x00, 0x00,
  0x00, 0x00, 0x00, 0x00, 0x00, 0x00, 0x00, 0x00, 0x94, 0xad, 0x2a, 0x41, 0x00, 0x00, 0x00, 0x00,
  0x00, 0x00, 0x00, 0x00, 0x00, 0x00, 0x00, 0x00, 0x00, 0x00, 0x00, 0x00, 0xff, 0xff, 0xf9, 0xc3,
  0x00, 0x00, 0x00, 0x00, 0x00, 0x00, 0x00, 0x00, 0x00, 0x00, 0x00, 0x00, 0x00, 0x00, 0x00, 0x00,
  0x00, 0x00, 0x80, 0x3f, 0x7a, 0xd6, 0xf8, 0x3d, 0x00, 0x00, 0x00, 0x00, 0x00, 0x00, 0x00, 0x00,
  0x00, 0x00, 0x00, 0x00, 0x00, 0x00, 0x00, 0x00, 0xba, 0xfc, 0xbf, 0x3d, 0x00, 0x00, 0x00, 0x00,
  0x00, 0x00, 0x00, 0x00, 0x00, 0x00, 0x00, 0x80, 0x00, 0x00, 0x00, 0x80, 0x6f, 0x12, 0x03, 0xbb,
  0x00, 0x00, 0x00, 0x80, 0x00, 0x00, 0x00, 0x00, 0x00, 0x00, 0x00, 0x00, 0x00, 0x00, 0x00, 0x00,
  0x00, 0x00, 0x80, 0x3f, 0x00, 0x00, 0x80, 0x3f, 0x00, 0x00, 0x00, 0x00, 0x00, 0x00, 0x00, 0x00,
  0x00, 0x00, 0x00, 0x00, 0x00, 0x00, 0x00, 0x00, 0x00, 0x00, 0x80, 0x3f, 0x00, 0x00, 0x00, 0x00,
  0x00, 0x00, 0x00, 0x00, 0x00, 0x00, 0x00, 0x00, 0x00, 0x00, 0x00, 0x00, 0x00, 0x00, 0x80, 0x3f,
  0x00, 0x00, 0x00, 0x00, 0x00, 0x00, 0x00, 0x00, 0x00, 0x00, 0x00, 0x00, 0x00, 0x00, 0x00, 0x00,
  0x00, 0x00, 0x80, 0x3f, 0x00, 0x00, 0x80, 0x3f, 0x00, 0x00, 0x00, 0x00, 0x00, 0x00, 0x00, 0x00,
  0x00, 0x00, 0x00, 0x00, 0x94, 0xad, 0x2a, 0x41, 0x00, 0x00, 0x00, 0x00, 0x00, 0x00, 0x00, 0x00,
  0x00, 0x00, 0x07, 0x00, 0x28, 0x45, 0x01, 0x03, 0x00, 0x00, 0x00, 0x00, 0x00, 0x00, 0x00, 0x00,
  0x00, 0x00, 0x00, 0x00, 0x00, 0x00, 0x00, 0x00, 0x00, 0x00, 0x00, 0x00, 0x00, 0x00, 0x00, 0x00,
  0x00, 0x00, 0x00, 0x00, 0x00, 0x00, 0x00, 0x00, 0x00, 0x00, 0x00, 0x00, 0x00, 0x00, 0x00, 0x00,
  0x00, 0x00, 0x00, 0x00, 0x00, 0x00, 0x00, 0x00, 0x00, 0x00, 0x00, 0x00, 0x00, 0x00, 0x00, 0x00,
  0x03, 0x00, 0x00, 0x00, 0x01, 0x00, 0x00, 0x00, 0x01, 0x00, 0x00, 0x00, 0x01, 0x00, 0x03, 0x00,
  0x00, 0x00, 0x00, 0x00, 0x00, 0x00, 0x0c, 0x42, 0x00, 0x00, 0x80, 0x3f, 0x00, 0x00, 0x80, 0x3f,
  0x00, 0x00, 0x00, 0x00, 0xcd, 0xcc, 0xcc, 0x3d, 0x00, 0x00, 0xfa, 0x43, 0x00, 0x00, 0x00, 0x00,
  0x00, 0x00, 0x00, 0x00, 0x00, 0x00, 0x00, 0x00, 0x00, 0x00, 0x00, 0x00, 0x00, 0x00, 0x00, 0x00,
  0x00, 0x00, 0x00, 0x00, 0x00, 0x00, 0x00, 0x00, 0x00, 0x00, 0x00, 0x00, 0x20, 0x00, 0x01, 0x00,
  0x07, 0x00, 0xaf, 0x00, 0x00, 0x00, 0x00, 0x00, 0x01, 0x00, 0x00, 0x00, 0x03, 0x00, 0x00, 0x00,
  0xe8, 0xc5, 0x3f, 0x40, 0x00, 0x00, 0x00, 0x00, 0x00, 0x00, 0x00, 0x00, 0x00, 0x00, 0x00, 0x00,
  0x00, 0x00, 0x00, 0x00, 0xe8, 0xc5, 0x3f, 0x40, 0x00, 0x00, 0x00, 0x00, 0x00, 0x00, 0x00, 0x00,
  0x00, 0x00, 0x00, 0x00, 0x00, 0x00, 0x00, 0x00, 0xe8, 0xc5, 0x3f, 0x40, 0x00, 0x00, 0x00, 0x00,
  0x00, 0x00, 0x00, 0x00, 0x00, 0x00, 0x00, 0x00, 0x00, 0x00, 0x00, 0x00, 0x00, 0x00, 0x80, 0x3f,
  0x00, 0x00, 0x00, 0x00, 0x00, 0x00, 0x00, 0x00, 0x00, 0x00, 0x00, 0x00, 0x00, 0x00, 0x00, 0x00,
  0x00, 0x00, 0x00, 0x00, 0x00, 0x00, 0x00, 0x00, 0x00, 0x00, 0x00, 0x00, 0x00, 0x00, 0x00, 0x00,
  0x00, 0x00, 0x00, 0x00, 0x00, 0x00, 0x00, 0x00, 0x00, 0x00, 0x00, 0x00, 0x00, 0x00, 0x00, 0x00,
  0x00, 0x00, 0x00, 0x00, 0x00, 0x00, 0x00, 0x00, 0x00, 0x00, 0x00, 0x00, 0x00, 0x00, 0x00, 0x00,
  0x00, 0x00, 0x00, 0x00, 0x00, 0x00, 0x00, 0x00, 0x00, 0x00, 0x00, 0x00, 0x00, 0x00, 0x00, 0x00,
  0x00, 0x00, 0x08, 0x18, 0x00, 0x00, 0x0a, 0x00, 0x00, 0x00, 0x00, 0x00, 0x00, 0x00, 0x00, 0x00,
  0x00, 0x00, 0x00, 0x00, 0x00, 0x00, 0x00, 0x00, 0x00, 0x00, 0x00, 0x00, 0x00, 0x00, 0x00, 0x00,
  0x00, 0x00, 0x00, 0x00, 0x00, 0x00, 0x00, 0x00, 0x00, 0x00, 0x00, 0x00, 0x44, 0x41, 0x54, 0x41,
  0xc8, 0x01, 0x00, 0x00, 0xf0, 0x74, 0xf0, 0x06, 0x94, 0x00, 0x00, 0x00, 0x01, 0x00, 0x00, 0x00,
  0x00, 0x00, 0x00, 0x00, 0x28, 0x39, 0xfb, 0x02, 0x05, 0x00, 0x00, 0x00, 0x33, 0x33, 0x33, 0x3f,
  0x20, 0xcb, 0x85, 0x0f, 0x00, 0x00, 0x00, 0x00, 0x00, 0x00, 0x00, 0x00, 0x00, 0x00, 0x00, 0x00,
  0x00, 0x00, 0x00, 0x00, 0x00, 0x00, 0x00, 0x00, 0x14, 0x00, 0x00, 0x00, 0x00, 0x00, 0x00, 0x00,
  0x00, 0x00, 0x00, 0x00, 0x00, 0x00, 0x00, 0x00, 0x00, 0x00, 0x00, 0x00, 0x00, 0x00, 0x00, 0x00,
  0x00, 0x00, 0x00, 0x00, 0x2f, 0x00, 0x00, 0x00, 0x00, 0x00, 0x00, 0x00, 0x00, 0x00, 0x00, 0x00,
  0x00, 0x00, 0x00, 0x00, 0x00, 0x00, 0x00, 0x00, 0x00, 0x00, 0x00, 0x00, 0x00, 0x00, 0x00, 0x00,
  0x00, 0x00, 0x00, 0x00, 0x00, 0x00, 0x00, 0x00, 0x00, 0x00, 0x00, 0x00, 0x00, 0x00, 0x00, 0x00,
  0x00, 0x00, 0x00, 0x00, 0x00, 0x00, 0x00, 0x00, 0x00, 0x00, 0x00, 0x00, 0x00, 0x00, 0x00, 0x00,
  0x00, 0x00, 0x00, 0x00, 0x00, 0x00, 0x00, 0x00, 0x00, 0x00, 0x00, 0x00, 0x00, 0x00, 0x00, 0x00,
  0x00, 0x00, 0x00, 0x00, 0x00, 0x00, 0x00, 0x00, 0x00, 0x00, 0x00, 0x00, 0x00, 0x00, 0x00, 0x00,
  0x00, 0x00, 0x00, 0x00, 0x00, 0x00, 0x00, 0x00, 0x00, 0x00, 0x00, 0x00, 0x00, 0x00, 0x00, 0x00,
  0x00, 0x00, 0x00, 0x00, 0x00, 0x00, 0x00, 0x00, 0x00, 0x00, 0x00, 0x00, 0x00, 0x00, 0x00, 0x00,
  0x00, 0x00, 0x00, 0x00, 0x00, 0x00, 0x00, 0x00, 0x00, 0x00, 0x00, 0x00, 0x00, 0x00, 0x00, 0x00,
  0x00, 0x00, 0x00, 0x00, 0x00, 0x00, 0x00, 0x00, 0x00, 0x00, 0x00, 0x00, 0x00, 0x00, 0x00, 0x00,
  0x00, 0x00, 0x00, 0x00, 0x00, 0x00, 0x00, 0x00, 0x00, 0x00, 0x00, 0x00, 0x00, 0x00, 0x00, 0x00,
  0x00, 0x00, 0x00, 0x00, 0x00, 0x00, 0x00, 0x00, 0x00, 0x00, 0x00, 0x00, 0x00, 0x00, 0x00, 0x00,
  0x00, 0x00, 0x00, 0x00, 0x00, 0x00, 0x00, 0x00, 0x00, 0x00, 0x00, 0x00, 0x00, 0x00, 0x00, 0x00,
  0x00, 0x00, 0x00, 0x00, 0x00, 0x00, 0x00, 0x00, 0x00, 0x00, 0x00, 0x00, 0x00, 0x00, 0x00, 0x00,
  0x00, 0x00, 0x00, 0x00, 0x00, 0x00, 0x00, 0x00, 0x00, 0x00, 0x00, 0x00, 0x00, 0x00, 0x00, 0x00,
  0x00, 0x00, 0x00, 0x00, 0x00, 0x00, 0x00, 0x00, 0x00, 0x00, 0x00, 0x00, 0x00, 0x00, 0x00, 0x00,
  0x00, 0x00, 0x00, 0x00, 0x00, 0x00, 0x00, 0x00, 0x00, 0x00, 0x00, 0x00, 0x00, 0x00, 0x00, 0x00,
  0x00, 0x00, 0x00, 0x00, 0x00, 0x00, 0x00, 0x00, 0x00, 0x00, 0x00, 0x00, 0x00, 0x00, 0x00, 0x00,
  0x00, 0x00, 0x00, 0x00, 0x00, 0x00, 0x00, 0x00, 0x00, 0x00, 0x00, 0x00, 0x00, 0x00, 0x00, 0x00,
  0x00, 0x00, 0x00, 0x00, 0x00, 0x00, 0x00, 0x00, 0x00, 0x00, 0x00, 0x00, 0x00, 0x00, 0x00, 0x00,
  0x00, 0x00, 0x00, 0x00, 0x08, 0x00, 0x00, 0x00, 0x00, 0x00, 0x00, 0x00, 0x39, 0x00, 0x01, 0x00,
  0x00, 0x00, 0x00, 0x00, 0x00, 0x00, 0x00, 0x00, 0x00, 0x00, 0x00, 0x00, 0x00, 0x00, 0x00, 0x00,
  0x00, 0x00, 0x00, 0x00, 0x00, 0x00, 0x00, 0x00, 0xff, 0xff, 0x00, 0x00, 0x00, 0x00, 0x00, 0x00,
  0x00, 0x00, 0x00, 0x00, 0x00, 0x00, 0x00, 0x00, 0x00, 0x00, 0x00, 0x00, 0x00, 0x00, 0x00, 0x00,
  0x00, 0x00, 0x00, 0x00, 0x00, 0x00, 0x00, 0x00, 0x44, 0x41, 0x54, 0x41, 0xcc, 0x00, 0x00, 0x00,
  0x40, 0x79, 0xfa, 0x02, 0xa8, 0x00, 0x00, 0x00, 0x01, 0x00, 0x00, 0x00, 0x40, 0x7a, 0xfa, 0x02,
  0x40, 0x78, 0xfa, 0x02, 0x08, 0xb0, 0xf0, 0x06, 0xc0, 0xaf, 0xf0, 0x06, 0x30, 0xaf, 0xf0, 0x06,
  0x90, 0x41, 0xf0, 0x06, 0x00, 0x00, 0x00, 0x00, 0x01, 0xb8, 0x9d, 0x3f, 0x00, 0x00, 0x00, 0x00,
  0x00, 0x00, 0x00, 0x00, 0x00, 0x00, 0x00, 0x00, 0x00, 0x00, 0x00, 0x00, 0x00, 0x00, 0x8c, 0x3f,
  0x00, 0x00, 0x00, 0x00, 0x00, 0x00, 0x00, 0x00, 0x00, 0x00, 0x00, 0x00, 0x00, 0x00, 0x00, 0x00,
  0x50, 0x01, 0x80, 0xbf, 0x00, 0x00, 0x80, 0xbf, 0x00, 0x00, 0x00, 0x00, 0x00, 0x00, 0x00, 0x00,
  0xe1, 0xd7, 0xa3, 0xbc, 0x00, 0x00, 0x00, 0x00, 0x9d, 0x01, 0x00, 0x00, 0xe8, 0x03, 0x00, 0x00,
  0x00, 0x00, 0x00, 0x00, 0x05, 0x03, 0x00, 0x00, 0x9d, 0x01, 0x00, 0x00, 0xe8, 0x03, 0x00, 0x00,
  0x00, 0x00, 0x00, 0x00, 0x1a, 0x00, 0x00, 0x00, 0x9d, 0x01, 0x00, 0x00, 0xe8, 0x03, 0x00, 0x00,
  0x1b, 0x00, 0x00, 0x00, 0x05, 0x03, 0x00, 0x00, 0x00, 0x00, 0x00, 0x00, 0x01, 0x00, 0x09, 0x09,
  0x4c, 0x02, 0xeb, 0x02, 0x03, 0x00, 0x03, 0x00, 0xa5, 0x02, 0x00, 0x00, 0x07, 0x00, 0x00, 0x00,
  0x00, 0x00, 0x00, 0x00, 0x00, 0x00, 0x00, 0x00, 0x00, 0x00, 0x00, 0x00, 0x00, 0x00, 0x00, 0x00,
  0xd0, 0xbe, 0xf0, 0x06, 0xe8, 0x76, 0xf0, 0x06, 0x00, 0x00, 0x00, 0x00, 0x00, 0x00, 0x00, 0x00,
  0xa0, 0x8c, 0xf0, 0x06, 0xa0, 0x8c, 0xf0, 0x06, 0x44, 0x41, 0x54, 0x41, 0xe4, 0x00, 0x00, 0x00,
  0xa0, 0x8c, 0xf0, 0x06, 0xa7, 0x00, 0x00, 0x00, 0x01, 0x00, 0x00, 0x00, 0x00, 0x00, 0x00, 0x00,
  0x00, 0x00, 0x00, 0x00, 0x54, 0x72, 0x61, 0x6e, 0x73, 0x66, 0x6f, 0x72, 0x6d, 0x20, 0x50, 0x72,
  0x6f, 0x70, 0x65, 0x72, 0x74, 0x69, 0x65, 0x73, 0x00, 0x00, 0x00, 0x00, 0x00, 0x00, 0x00, 0x00,
  0x00, 0x00, 0x00, 0x00, 0x00, 0x00, 0x00, 0x00, 0x00, 0x00, 0x00, 0x00, 0x00, 0x00, 0x00, 0x00,
  0x00, 0x00, 0x00, 0x00, 0x00, 0x00, 0x00, 0x00, 0x00, 0x00, 0x00, 0x00, 0x00, 0x00, 0x00, 0x00,
  0x00, 0x00, 0x00, 0x00, 0x49, 0x70, 0x6f, 0x00, 0x00, 0x00, 0x00, 0x00, 0x00, 0x00, 0x00, 0x00,
  0x00, 0x00, 0x00, 0x00, 0x00, 0x00, 0x00, 0x00, 0x00, 0x00, 0x00, 0x00, 0x00, 0x00, 0x00, 0x00,
  0x00, 0x00, 0x00, 0x00, 0x00, 0x00, 0x00, 0x00, 0x00, 0x00, 0x00, 0x00, 0x00, 0x00, 0x00, 0x00,
  0x00, 0x00, 0x00, 0x00, 0x00, 0x00, 0x00, 0x00, 0x00, 0x00, 0x00, 0x00, 0x00, 0x00, 0x00, 0x00,
  0x00, 0x00, 0x00, 0x00, 0x00, 0x00, 0x00, 0x00, 0x00, 0x00, 0x00, 0x00, 0x00, 0x00, 0x00, 0x00,
  0x00, 0x00, 0x00, 0x00, 0x00, 0x00, 0x00, 0x00, 0x00, 0x00, 0x00, 0x00, 0x00, 0x00, 0x00, 0x00,
  0x00, 0x00, 0x00, 0x00, 0x00, 0x00, 0x00, 0x00, 0x00, 0x00, 0x00, 0x00, 0x00, 0x00, 0x00, 0x00,
  0x00, 0x00, 0x00, 0x00, 0x00, 0x00, 0x00, 0x00, 0x00, 0x00, 0x00, 0x00, 0x00, 0x00, 0x00, 0x00,
  0x00, 0x00, 0x00, 0x00, 0x21, 0x00, 0xa7, 0x00, 0x3e, 0x01, 0xcc, 0x00, 0x00, 0x00, 0x00, 0x00,
  0xa2, 0x00, 0x00, 0x00, 0x00, 0x00, 0x00, 0x00, 0x00, 0x00, 0x00, 0x00, 0x00, 0x00, 0x00, 0x00,
  0x44, 0x41, 0x54, 0x41, 0x80, 0x00, 0x00, 0x00, 0xd0, 0xbe, 0xf0, 0x06, 0x98, 0x00, 0x00, 0x00,
  0x01, 0x00, 0x00, 0x00, 0xb0, 0xe7, 0xf7, 0x02, 0x00, 0x00, 0x00, 0x00, 0x09, 0x00, 0x00, 0x00,
  0x33, 0x33, 0x33, 0x3f, 0x20, 0xeb, 0x85, 0x0f, 0x00, 0x00, 0x00, 0x00, 0x00, 0x00, 0x00, 0x00,
  0x00, 0x00, 0x00, 0x00, 0x00, 0x00, 0x00, 0x00, 0x58, 0x14, 0xf0, 0x06, 0x00, 0x00, 0x00, 0x00,
  0x3e, 0x00, 0x00, 0x00, 0x00, 0x00, 0x01, 0x00, 0x00, 0x00, 0x00, 0x00, 0x0c, 0x00, 0x00, 0x00,
  0x00, 0x00, 0x00, 0x00, 0x00, 0x00, 0x00, 0x00, 0x02, 0x00, 0x00, 0x00, 0x00, 0x00, 0x00, 0x00,
  0x00, 0x00, 0x00, 0x00, 0x00, 0x00, 0x00, 0x00, 0xcd, 0xcc, 0xcc, 0x3d, 0x05, 0x00, 0x00, 0x00,
  0x11, 0x00, 0x00, 0x00, 0xe1, 0x02, 0x00, 0x00, 0xe3, 0x02, 0x00, 0x00, 0x05, 0x00, 0x00, 0x00,
  0x11, 0x00, 0x00, 0x00, 0xcf, 0x02, 0x00, 0x00, 0xe3, 0x02, 0x00, 0x00, 0x00, 0x00, 0x00, 0x00,
  0x00, 0x00, 0x00, 0x00, 0x44, 0x41, 0x54, 0x41, 0x08, 0x01, 0x00, 0x00, 0xb0, 0xe7, 0xf7, 0x02,
  0x96, 0x00, 0x00, 0x00, 0x01, 0x00, 0x00, 0x00, 0xc0, 0x4b, 0xf0, 0x06, 0xd0, 0xbe, 0xf0, 0x06,
  0x06, 0x00, 0x00, 0x00, 0x33, 0x33, 0x33, 0x3f, 0x20, 0xeb, 0x85, 0x0f, 0x00, 0x00, 0x00, 0x00,
  0x00, 0x00, 0x00, 0x00, 0x00, 0x00, 0x00, 0x00, 0x00, 0x00, 0x00, 0x00, 0x00, 0x00, 0x00, 0x00,
  0x00, 0x00, 0x80, 0x43, 0x00, 0x00, 0x00, 0x00, 0x00, 0x00, 0x80, 0x43, 0x00, 0x00, 0x78, 0xbe,
  0x00, 0x00, 0x9f, 0x3f, 0x00, 0x00, 0xf2, 0xbe, 0x00, 0x80, 0xbc, 0x3f, 0x00, 0x00, 0x00, 0x00,
  0x00, 0x00, 0x00, 0x00, 0x00, 0x00, 0x00, 0x00, 0x00, 0x00, 0x00, 0x00, 0x00, 0x00, 0x00, 0x00,
  0x00, 0x00, 0x00, 0x00, 0x00, 0x00, 0x00, 0x00, 0x00, 0x00, 0x00, 0x00, 0x00, 0x00, 0x00, 0x00,
  0x7c, 0x01, 0x00, 0x00, 0x00, 0x00, 0x00, 0x00, 0xf2, 0x01, 0x00, 0x00, 0x00, 0x00, 0x00, 0x00,
  0x00, 0x00, 0x00, 0x00, 0x00, 0x00, 0x00, 0x00, 0x00, 0x00, 0x00, 0x00, 0x00, 0x00, 0x00, 0x00,
  0x00, 0x00, 0x00, 0x00, 0x00, 0x00, 0x00, 0x00, 0x00, 0x00, 0x00, 0x00, 0x00, 0x00, 0x00, 0x00,
  0x00, 0x00, 0x00, 0x00, 0x00, 0x00, 0x00, 0x00, 0x00, 0x00, 0x00, 0x00, 0x00, 0x00, 0x00, 0x00,
  0x00, 0x00, 0x00, 0x00, 0x00, 0x00, 0x00, 0x00, 0x00, 0x00, 0x00, 0x00, 0x00, 0x00, 0x00, 0x00,
  0x00, 0x00, 0x00, 0x00, 0x00, 0x00, 0x00, 0x00, 0x02, 0x00, 0x00, 0x00, 0x00, 0x00, 0x01, 0x00,
  0x00, 0x00, 0x00, 0x00, 0x00, 0x00, 0x00, 0x00, 0x00, 0x00, 0x00, 0x00, 0x00, 0x00, 0x00, 0x00,
  0x00, 0x00, 0x00, 0x00, 0x00, 0x00, 0x00, 0x00, 0x00, 0x00, 0x00, 0x00, 0x00, 0x00, 0x00, 0x00,
  0x00, 0x00, 0x80, 0x3f, 0x00, 0x00, 0x00, 0x00, 0x00, 0x00, 0x00, 0x00, 0x00, 0x00, 0x00, 0x00,
  0x00, 0x00, 0x00, 0x00, 0x00, 0x00, 0x00, 0x00, 0x00, 0x00, 0x00, 0x00, 0x00, 0x00, 0x00, 0x00,
  0x44, 0x41, 0x54, 0x41, 0x58, 0x01, 0x00, 0x00, 0xc0, 0x4b, 0xf0, 0x06, 0x91, 0x00, 0x00, 0x00,
  0x01, 0x00, 0x00, 0x00, 0xe8, 0xe8, 0xf7, 0x02, 0xb0, 0xe7, 0xf7, 0x02, 0x02, 0x00, 0x00, 0x00,
  0x33, 0x33, 0x33, 0x3f, 0x20, 0xeb, 0x85, 0x0f, 0x00, 0x00, 0x00, 0x00, 0x00, 0x00, 0x00, 0x00,
  0x00, 0x00, 0x00, 0x00, 0x00, 0x00, 0x00, 0x00, 0x00, 0x00, 0x00, 0x00, 0x00, 0x00, 0x00, 0x00,
  0x00, 0x00, 0x00, 0x00, 0x00, 0x00, 0x7a, 0x43, 0xcd, 0xcc, 0xcc, 0xbd, 0xcd, 0xcc, 0x8c, 0x3f,
  0x00, 0x00, 0x00, 0x00, 0x00, 0x00, 0x7a, 0x43, 0x00, 0x00, 0xa0, 0xc0, 0x00, 0x00, 0xa0, 0x40,
  0x00, 0x00, 0x00, 0x00, 0x10, 0x00, 0x00, 0x00, 0x00, 0x00, 0x00, 0x00, 0xf2, 0x01, 0x00, 0x00,
  0x10, 0x00, 0x00, 0x00, 0x3b, 0x01, 0x00, 0x00, 0x00, 0x00, 0x00, 0x00, 0x10, 0x00, 0x00, 0x00,
  0x10, 0x00, 0x00, 0x00, 0x3b, 0x01, 0x00, 0x00, 0x10, 0x00, 0x00, 0x00, 0xf2, 0x01, 0x00, 0x00,
  0x0a, 0xd7, 0x23, 0x3c, 0x0a, 0xd7, 0x23, 0x3c, 0x00, 0x60, 0x6a, 0x46, 0x00, 0x00, 0x7a, 0x44,
  0x00, 0x00, 0x00, 0x00, 0x00, 0x00, 0x00, 0x00, 0x09, 0x00, 0x00, 0x00, 0x00, 0x00, 0x00, 0x00,
  0x00, 0x00, 0x00, 0x00, 0x00, 0x00, 0x00, 0x00, 0x00, 0x00, 0x00, 0x00, 0x00, 0x00, 0x00, 0x00,
  0x00, 0x00, 0x00, 0x00, 0x00, 0x00, 0x00, 0x00, 0x00, 0x00, 0x00, 0x00, 0x00, 0x00, 0x00, 0x00,
  0x00, 0x00, 0x00, 0x00, 0x00, 0x00, 0x00, 0x00, 0xb0, 0x48, 0x01, 0x03, 0x00, 0x00, 0x00, 0x00,
  0x00, 0x00, 0x00, 0x00, 0x00, 0x00, 0x00, 0x00, 0x00, 0x00, 0x00, 0x00, 0x00, 0x00, 0x00, 0x00,
  0x00, 0x00, 0x00, 0x00, 0x00, 0x00, 0x00, 0x00, 0x00, 0x00, 0x00, 0x00, 0x00, 0x00, 0x00, 0x00,
  0x00, 0x00, 0x00, 0x00, 0x00, 0x00, 0x00, 0x00, 0x00, 0x00, 0x00, 0x00, 0x00, 0x00, 0x00, 0x00,
  0x00, 0x00, 0x00, 0x00, 0x00, 0x00, 0x00, 0x00, 0x00, 0x00, 0x00, 0x00, 0x00, 0x00, 0x00, 0x00,
  0x00, 0x00, 0x00, 0x00, 0x00, 0x00, 0x00, 0x00, 0x00, 0x00, 0x00, 0x00, 0x00, 0x00, 0x00, 0x00,
  0x00, 0x00, 0x00, 0x00, 0x00, 0x00, 0x00, 0x00, 0x00, 0x00, 0x00, 0x00, 0x1d, 0x00, 0x00, 0x00,
  0x00, 0x00, 0x00, 0x00, 0x00, 0x00, 0x4f, 0x42, 0x01, 0x00, 0x00, 0x00, 0x00, 0x00, 0x00, 0x00,
  0x00, 0x00, 0x00, 0x00, 0x00, 0x00, 0x00, 0x00, 0x00, 0x00, 0x00, 0x00, 0x00, 0x00, 0x00, 0x00,
  0x00, 0x00, 0x7a, 0x43, 0xcd, 0xcc, 0xcc, 0xbd, 0xcd, 0xcc, 0x8c, 0x3f, 0x44, 0x41, 0x54, 0x41,
  0x08, 0x01, 0x00, 0x00, 0xe8, 0xe8, 0xf7, 0x02, 0x95, 0x00, 0x00, 0x00, 0x01, 0x00, 0x00, 0x00,
  0x80, 0xbf, 0xf0, 0x06, 0xc0, 0x4b, 0xf0, 0x06, 0x03, 0x00, 0x00, 0x00, 0x33, 0x33, 0x33, 0x3f,
  0x20, 0xeb, 0x85, 0x0f, 0x00, 0x00, 0x00, 0x00, 0x00, 0x00, 0x00, 0x00, 0x00, 0x00, 0x00, 0x00,
  0x00, 0x00, 0x00, 0x00, 0x00, 0x00, 0x00, 0x00, 0x00, 0x00, 0xb6, 0x43, 0x00, 0x00, 0xd1, 0xc3,
  0x00, 0x00, 0x00, 0x00, 0x00, 0x00, 0x00, 0x00, 0x00, 0x00, 0xb6, 0x43, 0x00, 0x00, 0xbe, 0xc3,
  0x00, 0x00, 0x00, 0xb5, 0x00, 0x00, 0x00, 0x00, 0x10, 0x00, 0x00, 0x00, 0x00, 0x00, 0x00, 0x00,
  0x7c, 0x01, 0x00, 0x00, 0x00, 0x00, 0x00, 0x00, 0x00, 0x00, 0x00, 0x00, 0x00, 0x00, 0x00, 0x00,
  0x00, 0x00, 0x00, 0x00, 0x10, 0x00, 0x00, 0x00, 0x7c, 0x01, 0x00, 0x00, 0x00, 0x00, 0x00, 0x00,
  0x7c, 0x01, 0x00, 0x00, 0x00, 0x00, 0xbe, 0xc3, 0x00, 0x00, 0xbe, 0xc3, 0x00, 0x00, 0x00, 0x00,
  0x00, 0x00, 0x00, 0x00, 0x00, 0x00, 0x80, 0x3f, 0x00, 0x00, 0x80, 0x3f, 0x01, 0x00, 0x01, 0x00,
  0x01, 0x00, 0x01, 0x00, 0x6c, 0x01, 0x7c, 0x01, 0x00, 0x00, 0x00, 0x00, 0x00, 0x00, 0x00, 0x00,
  0x00, 0x00, 0x00, 0x00, 0x00, 0x00, 0x00, 0x00, 0x00, 0x00, 0x00, 0x00, 0xd0, 0xe1, 0xe9, 0x06,
  0xf0, 0xe2, 0xe9, 0x06, 0x00, 0x00, 0x8e, 0x03, 0x01, 0x00, 0x00, 0x00, 0x00, 0x00, 0x00, 0x00,
  0x00, 0x00, 0x00, 0x00, 0x00, 0x00, 0x00, 0x00, 0x00, 0x00, 0x00, 0x00, 0x00, 0x00, 0x00, 0x00,
  0x00, 0x00, 0x00, 0x00, 0x00, 0x00, 0x00, 0x00, 0x00, 0x00, 0x00, 0x00, 0x00, 0x00, 0x00, 0x00,
  0x00, 0x00, 0x00, 0x00, 0x00, 0x00, 0x00, 0x00, 0x00, 0x00, 0x00, 0x00, 0x00, 0x00, 0x00, 0x00,
  0x00, 0x00, 0x00, 0x00, 0x00, 0x00, 0x00, 0x00, 0x00, 0x00, 0x00, 0x00, 0x00, 0x00, 0x00, 0x00,
  0x00, 0x00, 0x00, 0x00, 0x00, 0x00, 0x00, 0x00, 0x44, 0x41, 0x54, 0x41, 0x2c, 0x00, 0x00, 0x00,
  0xd0, 0xe1, 0xe9, 0x06, 0xc0, 0x00, 0x00, 0x00, 0x01, 0x00, 0x00, 0x00, 0x30, 0xe2, 0xe9, 0x06,
  0x00, 0x00, 0x00, 0x00, 0x42, 0x4f, 0x00, 0x00, 0x00, 0x00, 0x00, 0x00, 0x00, 0x00, 0x00, 0x00,
  0x00, 0x00, 0x60, 0x41, 0x00, 0x00, 0x00, 0x00, 0x00, 0x00, 0x00, 0x00, 0x38, 0x4c, 0x01, 0x03,
  0x00, 0x00, 0x00, 0x00, 0x00, 0x00, 0x00, 0x00, 0x44, 0x41, 0x54, 0x41, 0x2c, 0x00, 0x00, 0x00,
  0x30, 0xe2, 0xe9, 0x06, 0xc0, 0x00, 0x00, 0x00, 0x01, 0x00, 0x00, 0x00, 0x90, 0xe2, 0xe9, 0x06,
  0xd0, 0xe1, 0xe9, 0x06, 0x42, 0x4f, 0x00, 0x00, 0x00, 0x00, 0x00, 0x00, 0x00, 0x00, 0x00, 0x00,
  0xa4, 0x70, 0x3d, 0x41, 0x00, 0x00, 0x00, 0x00, 0x00, 0x00, 0x00, 0x00, 0x28, 0x45, 0x01, 0x03,
  0x00, 0x00, 0x00, 0x00, 0x00, 0x00, 0x00, 0x00, 0x44, 0x41, 0x54, 0x41, 0x2c, 0x00, 0x00, 0x00,
  0x90, 0xe2, 0xe9, 0x06, 0xc0, 0x00, 0x00, 0x00, 0x01, 0x00, 0x00, 0x00, 0xf0, 0xe2, 0xe9, 0x06,
  0x30, 0xe2, 0xe9, 0x06, 0x42, 0x4f, 0x00, 0x00, 0x00, 0x00, 0x00, 0x00, 0x00, 0x00, 0x00, 0x00,
  0x71, 0x3d, 0x0a, 0xc0, 0x00, 0x00, 0x00, 0x00, 0x00, 0x00, 0x00, 0x00, 0xb0, 0x48, 0x01, 0x03,
  0x00, 0x00, 0x00, 0x00, 0x00, 0x00, 0x00, 0x00, 0x44, 0x41, 0x54, 0x41, 0x2c, 0x00, 0x00, 0x00,
  0xf0, 0xe2, 0xe9, 0x06, 0xc0, 0x00, 0x00, 0x00, 0x01, 0x00, 0x00, 0x00, 0x00, 0x00, 0x00, 0x00,
  0x90, 0xe2, 0xe9, 0x06, 0x45, 0x4d, 0x04, 0x00, 0x00, 0x00, 0x00, 0x00, 0x00, 0x00, 0x00, 0x00,
  0x15, 0xae, 0x8f, 0x41, 0x00, 0x00, 0x00, 0x00, 0x00, 0x00, 0x00, 0x00, 0x60, 0xce, 0xf0, 0x06,
  0x00, 0x00, 0x00, 0x00, 0x00, 0x00, 0x00, 0x00, 0x44, 0x41, 0x54, 0x41, 0xb0, 0x00, 0x00, 0x00,
  0x80, 0xbf, 0xf0, 0x06, 0xea, 0x00, 0x00, 0x00, 0x01, 0x00, 0x00, 0x00, 0x60, 0xc0, 0xf0, 0x06,
  0xe8, 0xe8, 0xf7, 0x02, 0x0b, 0x00, 0x00, 0x00, 0x33, 0x33, 0x33, 0x3f, 0x20, 0xeb, 0x85, 0x0f,
  0x00, 0x00, 0x80, 0xc0, 0x00, 0x00, 0x7a, 0x43, 0x00, 0x00, 0x80, 0xc0, 0x00, 0x00, 0x7f, 0x43,
  0x00, 0x00, 0x80, 0xc0, 0x00, 0x00, 0x48, 0x42, 0x00, 0x00, 0x80, 0xc0, 0x00, 0x00, 0x7f, 0x43,
  0x00, 0x00, 0x00, 0x00, 0x00, 0x00, 0x00, 0x00, 0x00, 0x00, 0x00, 0x00, 0x00, 0x00, 0x00, 0x00,
  0x00, 0x00, 0x00, 0x00, 0x7c, 0x01, 0x00, 0x00, 0x00, 0x00, 0x00, 0x00, 0x10, 0x00, 0x00, 0x00,
  0x00, 0x00, 0x00, 0x00, 0x7c, 0x01, 0x00, 0x00, 0x10, 0x00, 0x00, 0x00, 0x7c, 0x01, 0x00, 0x00,
  0x00, 0x00, 0x80, 0x3f, 0x00, 0x80, 0x81, 0x43, 0x00, 0x00, 0xfa, 0x46, 0x00, 0x80, 0x81, 0x43,
  0xcd, 0xcc, 0xcc, 0x3d, 0x00, 0x00, 0x20, 0x41, 0x08, 0x00, 0x00, 0x00, 0x00, 0x00, 0x00, 0x00,
  0x00, 0x00, 0x00, 0x00, 0x00, 0x00, 0x00, 0x00, 0x00, 0x00, 0x00, 0x00, 0x00, 0x00, 0x00, 0x00,
  0x00, 0x00, 0x00, 0x00, 0x00, 0x00, 0x00, 0x00, 0x00, 0x00, 0x00, 0x00, 0x00, 0x00, 0x00, 0x00,
  0x00, 0x00, 0x00, 0x00, 0x00, 0x00, 0x00, 0x00, 0x00, 0x00, 0x00, 0x00, 0x44, 0x41, 0x54, 0x41,
  0xb4, 0x00, 0x00, 0x00, 0x60, 0xc0, 0xf0, 0x06, 0x97, 0x00, 0x00, 0x00, 0x01, 0x00, 0x00, 0x00,
  0x48, 0xc1, 0xf0, 0x06, 0x80, 0xbf, 0xf0, 0x06, 0x0d, 0x00, 0x00, 0x00, 0x33, 0x33, 0x33, 0x3f,
  0x20, 0xeb, 0x85, 0x0f, 0x00, 0x00, 0x00, 0x00, 0x00, 0x00, 0x00, 0x00, 0x00, 0x00, 0x00, 0x00,
  0x00, 0x00, 0x00, 0x00, 0x00, 0x00, 0x00, 0x00, 0x00, 0x00, 0x00, 0x00, 0x00, 0x00, 0x80, 0x3f,
  0x00, 0x00, 0x7a, 0x44, 0x00, 0x00, 0x00, 0x00, 0x00, 0x00, 0x7a, 0x44, 0x00, 0x00, 0xa0, 0xc0,
  0x00, 0x00, 0x82, 0x42, 0x00, 0x00, 0x00, 0x00, 0x00, 0x00, 0xb6, 0x43, 0x6c, 0x01, 0x00, 0x00,
  0x7c, 0x01, 0x00, 0x00, 0x00, 0x00, 0x00, 0x00, 0x7c, 0x01, 0x00, 0x00, 0xc4, 0x00, 0x00, 0x00,
  0x6c, 0x01, 0x00, 0x00, 0x00, 0x00, 0x00, 0x00, 0x10, 0x00, 0x00, 0x00, 0xc4, 0x00, 0x00, 0x00,
  0x6c, 0x01, 0x00, 0x00, 0x10, 0x00, 0x00, 0x00, 0x7c, 0x01, 0x00, 0x00, 0x00, 0x00, 0x00, 0x00,
  0x00, 0x00, 0x00, 0x00, 0x00, 0x00, 0x7a, 0x44, 0x00, 0x00, 0x7a, 0x44, 0xcd, 0xcc, 0xcc, 0x3d,
  0x00, 0x00, 0x48, 0x42, 0x0a, 0x00, 0x00, 0x00, 0x00, 0x00, 0x00, 0x02, 0x00, 0x00, 0x00, 0x00,
  0x00, 0x00, 0x00, 0x00, 0x00, 0x00, 0x00, 0x00, 0x00, 0x00, 0x00, 0x00, 0x00, 0x00, 0x00, 0x00,
  0x00, 0x00, 0x00, 0x00, 0x44, 0x41, 0x54, 0x41, 0xc0, 0x00, 0x00, 0x00, 0x48, 0xc1, 0xf0, 0x06,
  0xf4, 0x00, 0x00, 0x00, 0x01, 0x00, 0x00, 0x00, 0xf0, 0x16, 0xed, 0x06, 0x60, 0xc0, 0xf0, 0x06,
  0x0c, 0x00, 0x00, 0x00, 0x33, 0x33, 0x33, 0x3f, 0x20, 0xeb, 0x85, 0x0f, 0x00, 0x00, 0x00, 0x00,
  0x00, 0x00, 0x00, 0x00, 0x00, 0x00, 0x00, 0x00, 0x00, 0x00, 0x00, 0x00, 0x00, 0x00, 0x00, 0xbf,
  0x00, 0x00, 0x02, 0x42, 0x00, 0x00, 0x7a, 0xc4, 0x00, 0x00, 0x00, 0x00, 0x00, 0x00, 0x00, 0xbf,
  0x00, 0x00, 0x02, 0x42, 0x00, 0x00, 0x96, 0xc2, 0x00, 0x00, 0xa0, 0x40, 0x6c, 0x01, 0x00, 0x00,
  0x7c, 0x01, 0x00, 0x00, 0x00, 0x00, 0x00, 0x00, 0x0e, 0x02, 0x00, 0x00, 0x80, 0x00, 0x00, 0x00,
  0x6c, 0x01, 0x00, 0x00, 0x00, 0x00, 0x00, 0x00, 0x10, 0x00, 0x00, 0x00, 0x80, 0x00, 0x00, 0x00,
  0x6c, 0x01, 0x00, 0x00, 0x10, 0x00, 0x00, 0x00, 0x0e, 0x02, 0x00, 0x00, 0x00, 0x00, 0x00, 0x00,
  0x00, 0x00, 0x00, 0x00, 0x00, 0x00, 0xfa, 0x46, 0x00, 0x00, 0x7a, 0x44, 0x0a, 0xd7, 0x23, 0x3c,
  0x00, 0x00, 0x48, 0x42, 0x0a, 0x00, 0x00, 0x00, 0x00, 0x00, 0x00, 0x02, 0x00, 0x00, 0x00, 0x00,
  0x00, 0x00, 0x00, 0x00, 0x00, 0x00, 0x00, 0x00, 0x00, 0x00, 0x00, 0x00, 0x00, 0x00, 0x00, 0x00,
  0x00, 0x00, 0x00, 0x00, 0x00, 0x00, 0x00, 0x00, 0x00, 0x00, 0x00, 0x00, 0x01, 0x00, 0x00, 0x00,
  0x00, 0x00, 0x00, 0x00, 0x00, 0x00, 0x00, 0x00, 0x44, 0x41, 0x54, 0x41, 0x1c, 0x03, 0x00, 0x00,
  0xf0, 0x16, 0xed, 0x06, 0x8d, 0x00, 0x00, 0x00, 0x01, 0x00, 0x00, 0x00, 0xe8, 0x76, 0xf0, 0x06,
  0x48, 0xc1, 0xf0, 0x06, 0x01, 0x00, 0x00, 0x00, 0x33, 0x33, 0x33, 0x3f, 0x20, 0xeb, 0x85, 0x0f,
  0x00, 0x00, 0x00, 0x00, 0x00, 0x00, 0x00, 0x00, 0x00, 0x00, 0x00, 0x00, 0x00, 0x00, 0x00, 0x00,
  0x00, 0x00, 0x80, 0x3f, 0x00, 0x00, 0x00, 0x00, 0x00, 0x00, 0x00, 0x00, 0x00, 0x00, 0x00, 0x00,
  0x00, 0x00, 0x00, 0x00, 0x00, 0x00, 0x80, 0x3f, 0x00, 0x00, 0x00, 0x00, 0x00, 0x00, 0x00, 0x00,
  0x00, 0x00, 0x00, 0x00, 0x00, 0x00, 0x00, 0x00, 0x00, 0x00, 0x80, 0x3f, 0x00, 0x00, 0x00, 0x00,
  0x00, 0x00, 0x00, 0x00, 0x00, 0x00, 0x00, 0x00, 0x00, 0x00, 0x20, 0xc1, 0x00, 0x00, 0x80, 0x3f,
  0x00, 0x00, 0x80, 0x3f, 0x00, 0x00, 0x00, 0x00, 0x00, 0x00, 0x00, 0x00, 0x00, 0x00, 0x00, 0x00,
  0x00, 0x00, 0x00, 0x00, 0x00, 0x00, 0x80, 0x3f, 0x00, 0x00, 0x00, 0x00, 0x00, 0x00, 0x00, 0x00,
  0x00, 0x00, 0x00, 0x00, 0x00, 0x00, 0x00, 0x00, 0x00, 0x00, 0x80, 0x3f, 0x00, 0x00, 0x00, 0x00,
  0x00, 0x00, 0x00, 0x00, 0x00, 0x00, 0x00, 0x00, 0x00, 0x00, 0x20, 0x41, 0x00, 0x00, 0x80, 0x3f,
  0x01, 0xb8, 0x9d, 0x3f, 0x00, 0x00, 0x00, 0x00, 0x00, 0x00, 0x00, 0x00, 0x00, 0x00, 0x00, 0x00,
  0x00, 0x00, 0x00, 0x00, 0x00, 0x00, 0x8c, 0x3f, 0x00, 0x00, 0x00, 0x00, 0x00, 0x00, 0x00, 0x00,
  0x00, 0x00, 0x00, 0x00, 0x00, 0x00, 0x00, 0x00, 0x50, 0x01, 0x80, 0xbf, 0x00, 0x00, 0x80, 0xbf,
  0x00, 0x00, 0x00, 0x00, 0x00, 0x00, 0x00, 0x00, 0xb8, 0xaf, 0x1f, 0x41, 0x00, 0x00, 0x20, 0x41,
  0x21, 0xc3, 0x4f, 0x3f, 0x00, 0x00, 0x00, 0x00, 0x00, 0x00, 0x00, 0x00, 0x00, 0x00, 0x00, 0x00,
  0x00, 0x00, 0x00, 0x00, 0xa1, 0x0e, 0x6a, 0x3f, 0x00, 0x00, 0x00, 0x00, 0x00, 0x00, 0x00, 0x00,
  0x00, 0x00, 0x00, 0x00, 0x00, 0x00, 0x00, 0x00, 0x1d, 0xfe, 0xf9, 0xc3, 0x7d, 0xfe, 0x47, 0xc2,
  0x00, 0x00, 0x00, 0x00, 0x00, 0x00, 0x00, 0x00, 0xad, 0x80, 0xf9, 0x43, 0x8a, 0x00, 0x48, 0x42,
  0x00, 0x00, 0x00, 0x00, 0x00, 0x00, 0x00, 0x00, 0x00, 0x00, 0x00, 0x00, 0x00, 0x00, 0x00, 0x00,
  0x00, 0x00, 0x00, 0x00, 0x00, 0x00, 0x00, 0x00, 0x00, 0x00, 0x00, 0x00, 0x00, 0x00, 0x00, 0x00,
  0x00, 0x00, 0x00, 0x00, 0x00, 0x00, 0x00, 0x00, 0x00, 0x00, 0x00, 0x00, 0x00, 0x00, 0x00, 0x00,
  0x00, 0x00, 0x00, 0x00, 0x00, 0x00, 0x00, 0x00, 0x00, 0x00, 0x00, 0x00, 0x00, 0x00, 0x00, 0x00,
  0x00, 0x00, 0x00, 0x00, 0x00, 0x00, 0x00, 0x00, 0x00, 0x00, 0x00, 0x00, 0x00, 0x00, 0x00, 0x00,
  0x00, 0x00, 0x00, 0x00, 0x00, 0x00, 0x00, 0x00, 0x00, 0x00, 0x00, 0x00, 0x00, 0x00, 0x00, 0x00,
  0x00, 0x00, 0x00, 0x00, 0x00, 0x00, 0x00, 0x00, 0x00, 0x00, 0x00, 0x00, 0x00, 0x00, 0x00, 0x00,
  0x00, 0x00, 0x00, 0x00, 0x00, 0x00, 0x00, 0x00, 0x00, 0x00, 0x00, 0x00, 0x00, 0x00, 0x00, 0x00,
  0x00, 0x00, 0x80, 0x3f, 0x00, 0x00, 0x00, 0x00, 0x00, 0x00, 0x00, 0x00, 0x00, 0x00, 0x00, 0x00,
  0x00, 0x00, 0x20, 0x41, 0x00, 0x00, 0x00, 0x00, 0x00, 0x00, 0x00, 0x00, 0x01, 0x00, 0x07, 0x00,
  0x28, 0x45, 0x01, 0x03, 0x00, 0x00, 0x00, 0x00, 0x00, 0x00, 0x00, 0x00, 0x00, 0x00, 0x00, 0x00,
  0x00, 0x00, 0x00, 0x00, 0x00, 0x00, 0x00, 0x00, 0x00, 0x00, 0x00, 0x00, 0x00, 0x00, 0x00, 0x00,
  0x00, 0x00, 0x00, 0x00, 0x00, 0x00, 0x00, 0x00, 0x00, 0x00, 0x00, 0x00, 0x00, 0x00, 0x00, 0x00,
  0x00, 0x00, 0x00, 0x00, 0x00, 0x00, 0x00, 0x00, 0x00, 0x00, 0x00, 0x00, 0x02, 0x00, 0x00, 0x00,
  0x01, 0x00, 0x00, 0x00, 0x01, 0x00, 0x00, 0x00, 0x01, 0x00, 0x03, 0x00, 0x00, 0x00, 0x00, 0x00,
  0x00, 0x00, 0x0c, 0x42, 0x00, 0x00, 0x80, 0x3f, 0x00, 0x00, 0x00, 0x00, 0x00, 0x00, 0x00, 0x00,
  0x0a, 0xd7, 0x23, 0x3c, 0x00, 0x00, 0xfa, 0x43, 0x00, 0x00, 0x00, 0x00, 0x00, 0x00, 0x00, 0x00,
  0x00, 0x00, 0x00, 0x00, 0x00, 0x00, 0x00, 0x00, 0x00, 0x00, 0x00, 0x00, 0x00, 0x00, 0x00, 0x00,
  0x00, 0x00, 0x00, 0x00, 0x00, 0x00, 0x00, 0x00, 0x14, 0x00, 0x00, 0x00, 0x07, 0x00, 0x00, 0x00,
  0x00, 0x00, 0x00, 0x00, 0x01, 0x00, 0x00, 0x00, 0x00, 0x00, 0x00, 0x00, 0x00, 0x00, 0x00, 0x00,
  0x00, 0x00, 0x00, 0x00, 0x00, 0x00, 0x00, 0x00, 0x00, 0x00, 0x00, 0x00, 0x00, 0x00, 0x00, 0x00,
  0x00, 0x00, 0x00, 0x00, 0x00, 0x00, 0x00, 0x00, 0x00, 0x00, 0x00, 0x00, 0x00, 0x00, 0x00, 0x00,
  0x00, 0x00, 0x00, 0x00, 0x00, 0x00, 0x00, 0x00, 0x00, 0x00, 0x00, 0x00, 0x00, 0x00, 0x00, 0x00,
  0x00, 0x00, 0x00, 0x00, 0x00, 0x00, 0x00, 0x00, 0x00, 0x00, 0x00, 0x00, 0x00, 0x00, 0x00, 0x00,
  0x00, 0x00, 0x00, 0x00, 0x00, 0x00, 0x00, 0x00, 0x00, 0x00, 0x00, 0x00, 0x00, 0x00, 0x00, 0x00,
  0x00, 0x00, 0x00, 0x00, 0x00, 0x00, 0x00, 0x00, 0x00, 0x00, 0x00, 0x00, 0x00, 0x00, 0x00, 0x00,
  0x00, 0x00, 0x00, 0x00, 0x00, 0x00, 0x00, 0x00, 0x00, 0x00, 0x00, 0x00, 0x00, 0x00, 0x00, 0x00,
  0x00, 0x00, 0x00, 0x00, 0x00, 0x00, 0x00, 0x00, 0x00, 0x00, 0x00, 0x00, 0x00, 0x00, 0x00, 0x00,
  0x00, 0x00, 0x00, 0x00, 0x00, 0x00, 0x00, 0x00, 0x00, 0x00, 0x00, 0x00, 0x00, 0x00, 0x00, 0x18,
  0x00, 0x00, 0x0a, 0x00, 0x00, 0x00, 0x00, 0x00, 0x00, 0x00, 0x00, 0x00, 0x00, 0x00, 0x00, 0x00,
  0x00, 0x00, 0x00, 0x00, 0x00, 0x00, 0x00, 0x00, 0x00, 0x00, 0x00, 0x00, 0x00, 0x00, 0x00, 0x00,
  0x00, 0x00, 0x00, 0x00, 0x00, 0x00, 0x00, 0x00, 0x44, 0x41, 0x54, 0x41, 0xc8, 0x01, 0x00, 0x00,
  0xe8, 0x76, 0xf0, 0x06, 0x94, 0x00, 0x00, 0x00, 0x01, 0x00, 0x00, 0x00, 0x00, 0x00, 0x00, 0x00,
  0xf0, 0x16, 0xed, 0x06, 0x05, 0x00, 0x00, 0x00, 0x33, 0x33, 0x33, 0x3f, 0x20, 0xeb, 0x85, 0x0f,
  0x00, 0x00, 0x00, 0x00, 0x00, 0x00, 0x00, 0x00, 0x00, 0x00, 0x00, 0x00, 0x00, 0x00, 0x00, 0x00,
  0x00, 0x00, 0x00, 0x00, 0x14, 0x00, 0x00, 0x00, 0x00, 0x00, 0x00, 0x00, 0x00, 0x00, 0x00, 0x00,
  0x00, 0x00, 0x00, 0x00, 0x00, 0x00, 0x00, 0x00, 0x00, 0x00, 0x00, 0x00, 0x00, 0x00, 0x00, 0x00,
  0x2f, 0x00, 0x00, 0x00, 0x00, 0x00, 0x00, 0x00, 0x00, 0x00, 0x00, 0x00, 0x00, 0x00, 0x00, 0x00,
  0x00, 0x00, 0x00, 0x00, 0x00, 0x00, 0x00, 0x00, 0x00, 0x00, 0x00, 0x00, 0x00, 0x00, 0x00, 0x00,
  0x00, 0x00, 0x00, 0x00, 0x00, 0x00, 0x00, 0x00, 0x00, 0x00, 0x00, 0x00, 0x00, 0x00, 0x00, 0x00,
  0x00, 0x00, 0x00, 0x00, 0x00, 0x00, 0x00, 0x00, 0x00, 0x00, 0x00, 0x00, 0x00, 0x00, 0x00, 0x00,
  0x00, 0x00, 0x00, 0x00, 0x00, 0x00, 0x00, 0x00, 0x00, 0x00, 0x00, 0x00, 0x00, 0x00, 0x00, 0x00,
  0x00, 0x00, 0x00, 0x00, 0x00, 0x00, 0x00, 0x00, 0x00, 0x00, 0x00, 0x00, 0x00, 0x00, 0x00, 0x00,
  0x00, 0x00, 0x00, 0x00, 0x00, 0x00, 0x00, 0x00, 0x00, 0x00, 0x00, 0x00, 0x00, 0x00, 0x00, 0x00,
  0x00, 0x00, 0x00, 0x00, 0x00, 0x00, 0x00, 0x00, 0x00, 0x00, 0x00, 0x00, 0x00, 0x00, 0x00, 0x00,
  0x00, 0x00, 0x00, 0x00, 0x00, 0x00, 0x00, 0x00, 0x00, 0x00, 0x00, 0x00, 0x00, 0x00, 0x00, 0x00,
  0x00, 0x00, 0x00, 0x00, 0x00, 0x00, 0x00, 0x00, 0x00, 0x00, 0x00, 0x00, 0x00, 0x00, 0x00, 0x00,
  0x00, 0x00, 0x00, 0x00, 0x00, 0x00, 0x00, 0x00, 0x00, 0x00, 0x00, 0x00, 0x00, 0x00, 0x00, 0x00,
  0x00, 0x00, 0x00, 0x00, 0x00, 0x00, 0x00, 0x00, 0x00, 0x00, 0x00, 0x00, 0x00, 0x00, 0x00, 0x00,
  0x00, 0x00, 0x00, 0x00, 0x00, 0x00, 0x00, 0x00, 0x00, 0x00, 0x00, 0x00, 0x00, 0x00, 0x00, 0x00,
  0x00, 0x00, 0x00, 0x00, 0x00, 0x00, 0x00, 0x00, 0x00, 0x00, 0x00, 0x00, 0x00, 0x00, 0x00, 0x00,
  0x00, 0x00, 0x00, 0x00, 0x00, 0x00, 0x00, 0x00, 0x00, 0x00, 0x00, 0x00, 0x00, 0x00, 0x00, 0x00,
  0x00, 0x00, 0x00, 0x00, 0x00, 0x00, 0x00, 0x00, 0x00, 0x00, 0x00, 0x00, 0x00, 0x00, 0x00, 0x00,
  0x00, 0x00, 0x00, 0x00, 0x00, 0x00, 0x00, 0x00, 0x00, 0x00, 0x00, 0x00, 0x00, 0x00, 0x00, 0x00,
  0x00, 0x00, 0x00, 0x00, 0x00, 0x00, 0x00, 0x00, 0x00, 0x00, 0x00, 0x00, 0x00, 0x00, 0x00, 0x00,
  0x00, 0x00, 0x00, 0x00, 0x00, 0x00, 0x00, 0x00, 0x00, 0x00, 0x00, 0x00, 0x00, 0x00, 0x00, 0x00,
  0x00, 0x00, 0x00, 0x00, 0x00, 0x00, 0x00, 0x00, 0x00, 0x00, 0x00, 0x00, 0x00, 0x00, 0x00, 0x00,
  0x08, 0x00, 0x00, 0x00, 0x00, 0x00, 0x00, 0x00, 0x39, 0x00, 0x01, 0x00, 0x00, 0x00, 0x00, 0x00,
  0x00, 0x00, 0x00, 0x00, 0x00, 0x00, 0x00, 0x00, 0x00, 0x00, 0x00, 0x00, 0x00, 0x00, 0x00, 0x00,
  0x00, 0x00, 0x00, 0x00, 0xff, 0xff, 0x00, 0x00, 0x00, 0x00, 0x00, 0x00, 0x00, 0x00, 0x00, 0x00,
  0x00, 0x00, 0x00, 0x00, 0x00, 0x00, 0x00, 0x00, 0x00, 0x00, 0x00, 0x00, 0x00, 0x00, 0x00, 0x00,
  0x00, 0x00, 0x00, 0x00, 0x44, 0x41, 0x54, 0x41, 0xcc, 0x00, 0x00, 0x00, 0x40, 0x7a, 0xfa, 0x02,
  0xa8, 0x00, 0x00, 0x00, 0x01, 0x00, 0x00, 0x00, 0x00, 0x00, 0x00, 0x00, 0x40, 0x79, 0xfa, 0x02,
  0xb8, 0x40, 0xf0, 0x06, 0xd8, 0x41, 0xf0, 0x06, 0x78, 0xaf, 0xf0, 0x06, 0x08, 0xb0, 0xf0, 0x06,
  0x00, 0x00, 0x00, 0x00, 0x00, 0x00, 0x00, 0x00, 0x00, 0x00, 0x00, 0x00, 0x00, 0x00, 0x00, 0x00,
  0x00, 0x00, 0x00, 0x00, 0x00, 0x00, 0x00, 0x00, 0x00, 0x00, 0x00, 0x00, 0x00, 0x00, 0x00, 0x00,
  0x00, 0x00, 0x00, 0x00, 0x00, 0x00, 0x00, 0x00, 0x00, 0x00, 0x00, 0x00, 0x00, 0x00, 0x00, 0x00,
  0x00, 0x00, 0x00, 0x00, 0x00, 0x00, 0x00, 0x00, 0x00, 0x00, 0x00, 0x00, 0x00, 0x00, 0x00, 0x00,
  0x00, 0x00, 0x00, 0x00, 0x00, 0x00, 0x00, 0x00, 0x9b, 0x01, 0x00, 0x00, 0x00, 0x00, 0x00, 0x00,
  0xd3, 0x00, 0x00, 0x00, 0x00, 0x00, 0x00, 0x00, 0x9b, 0x01, 0x00, 0x00, 0xb9, 0x00, 0x00, 0x00,
  0xd3, 0x00, 0x00, 0x00, 0x00, 0x00, 0x00, 0x00, 0x9b, 0x01, 0x00, 0x00, 0x00, 0x00, 0x00, 0x00,
  0xb8, 0x00, 0x00, 0x00, 0x00, 0x00, 0x00, 0x00, 0x02, 0x00, 0x04, 0x04, 0x9c, 0x01, 0xb9, 0x00,
  0x03, 0x00, 0x03, 0x00, 0x4f, 0x01, 0x00, 0x00, 0x07, 0x00, 0x00, 0x00, 0x00, 0x00, 0x00, 0x00,
  0x00, 0x00, 0x00, 0x00, 0x00, 0x00, 0x00, 0x00, 0x00, 0x00, 0x00, 0x00, 0x08, 0x9d, 0xf0, 0x06,
  0xe0, 0x78, 0xf0, 0x06, 0x00, 0x00, 0x00, 0x00, 0x00, 0x00, 0x00, 0x00, 0xb8, 0x8d, 0xf0, 0x06,
  0xf0, 0x9b, 0xf0, 0x06, 0x44, 0x41, 0x54, 0x41, 0xe4, 0x00, 0x00, 0x00, 0xb8, 0x8d, 0xf0, 0x06,
  0xa7, 0x00, 0x00, 0x00, 0x01, 0x00, 0x00, 0x00, 0xd0, 0x8e, 0xf0, 0x06, 0x00, 0x00, 0x00, 0x00,
  0x4c, 0x69, 0x6e, 0x6b, 0x20, 0x61, 0x6e, 0x64, 0x20, 0x4d, 0x61, 0x74, 0x65, 0x72, 0x69, 0x61,
  0x6c, 0x73, 0x00, 0x00, 0x00, 0x00, 0x00, 0x00, 0x00, 0x00, 0x00, 0x00, 0x00, 0x00, 0x00, 0x00,
  0x00, 0x00, 0x00, 0x00, 0x00, 0x00, 0x00, 0x00, 0x00, 0x00, 0x00, 0x00, 0x00, 0x00, 0x00, 0x00,
  0x00, 0x00, 0x00, 0x00, 0x00, 0x00, 0x00, 0x00, 0x00, 0x00, 0x00, 0x00, 0x00, 0x00, 0x00, 0x00,
  0x45, 0x64, 0x69, 0x74, 0x69, 0x6e, 0x67, 0x00, 0x00, 0x00, 0x00, 0x00, 0x00, 0x00, 0x00, 0x00,
  0x00, 0x00, 0x00, 0x00, 0x00, 0x00, 0x00, 0x00, 0x00, 0x00, 0x00, 0x00, 0x00, 0x00, 0x00, 0x00,
  0x00, 0x00, 0x00, 0x00, 0x00, 0x00, 0x00, 0x00, 0x00, 0x00, 0x00, 0x00, 0x00, 0x00, 0x00, 0x00,
  0x00, 0x00, 0x00, 0x00, 0x00, 0x00, 0x00, 0x00, 0x00, 0x00, 0x00, 0x00, 0x00, 0x00, 0x00, 0x00,
  0x00, 0x00, 0x00, 0x00, 0x00, 0x00, 0x00, 0x00, 0x00, 0x00, 0x00, 0x00, 0x00, 0x00, 0x00, 0x00,
  0x00, 0x00, 0x00, 0x00, 0x00, 0x00, 0x00, 0x00, 0x00, 0x00, 0x00, 0x00, 0x00, 0x00, 0x00, 0x00,
  0x00, 0x00, 0x00, 0x00, 0x00, 0x00, 0x00, 0x00, 0x00, 0x00, 0x00, 0x00, 0x00, 0x00, 0x00, 0x00,
  0x00, 0x00, 0x00, 0x00, 0x00, 0x00, 0x00, 0x00, 0x00, 0x00, 0x00, 0x00, 0x00, 0x00, 0x00, 0x00,
  0x00, 0x00, 0x00, 0x00, 0x3e, 0x01, 0xcc, 0x00, 0x00, 0x00, 0x00, 0x00, 0x01, 0x00, 0x00, 0x00,
  0x00, 0x00, 0x00, 0x00, 0x00, 0x00, 0x00, 0x00, 0x00, 0x00, 0x00, 0x00, 0x44, 0x41, 0x54, 0x41,
  0xe4, 0x00, 0x00, 0x00, 0xd0, 0x8e, 0xf0, 0x06, 0xa7, 0x00, 0x00, 0x00, 0x01, 0x00, 0x00, 0x00,
  0xe8, 0x8f, 0xf0, 0x06, 0xb8, 0x8d, 0xf0, 0x06, 0x4d, 0x65, 0x73, 0x68, 0x00, 0x00, 0x00, 0x00,
  0x00, 0x00, 0x00, 0x00, 0x00, 0x00, 0x00, 0x00, 0x00, 0x00, 0x00, 0x00, 0x00, 0x00, 0x00, 0x00,
  0x00, 0x00, 0x00, 0x00, 0x00, 0x00, 0x00, 0x00, 0x00, 0x00, 0x00, 0x00, 0x00, 0x00, 0x00, 0x00,
  0x00, 0x00, 0x00, 0x00, 0x00, 0x00, 0x00, 0x00, 0x00, 0x00, 0x00, 0x00, 0x00, 0x00, 0x00, 0x00,
  0x00, 0x00, 0x00, 0x00, 0x00, 0x00, 0x00, 0x00, 0x45, 0x64, 0x69, 0x74, 0x69, 0x6e, 0x67, 0x00,
  0x00, 0x00, 0x00, 0x00, 0x00, 0x00, 0x00, 0x00, 0x00, 0x00, 0x00, 0x00, 0x00, 0x00, 0x00, 0x00,
  0x00, 0x00, 0x00, 0x00, 0x00, 0x00, 0x00, 0x00, 0x00, 0x00, 0x00, 0x00, 0x00, 0x00, 0x00, 0x00,
  0x00, 0x00, 0x00, 0x00, 0x00, 0x00, 0x00, 0x00, 0x00, 0x00, 0x00, 0x00, 0x00, 0x00, 0x00, 0x00,
  0x00, 0x00, 0x00, 0x00, 0x00, 0x00, 0x00, 0x00, 0x00, 0x00, 0x00, 0x00, 0x00, 0x00, 0x00, 0x00,
  0x00, 0x00, 0x00, 0x00, 0x00, 0x00, 0x00, 0x00, 0x00, 0x00, 0x00, 0x00, 0x00, 0x00, 0x00, 0x00,
  0x00, 0x00, 0x00, 0x00, 0x00, 0x00, 0x00, 0x00, 0x00, 0x00, 0x00, 0x00, 0x00, 0x00, 0x00, 0x00,
  0x00, 0x00, 0x00, 0x00, 0x00, 0x00, 0x00, 0x00, 0x00, 0x00, 0x00, 0x00, 0x00, 0x00, 0x00, 0x00,
  0x00, 0x00, 0x00, 0x00, 0x00, 0x00, 0x00, 0x00, 0x46, 0x01, 0x00, 0x00, 0x3e, 0x01, 0xcc, 0x00,
  0x00, 0x00, 0x00, 0x00, 0x01, 0x00, 0x00, 0x00, 0x00, 0x00, 0x00, 0x00, 0x00, 0x00, 0x00, 0x00,
  0x00, 0x00, 0x00, 0x00, 0x44, 0x41, 0x54, 0x41, 0xe4, 0x00, 0x00, 0x00, 0xe8, 0x8f, 0xf0, 0x06,
  0xa7, 0x00, 0x00, 0x00, 0x01, 0x00, 0x00, 0x00, 0x00, 0x91, 0xf0, 0x06, 0xd0, 0x8e, 0xf0, 0x06,
  0x41, 0x6e, 0x69, 0x6d, 0x20, 0x73, 0x65, 0x74, 0x74, 0x69, 0x6e, 0x67, 0x73, 0x00, 0x00, 0x00,
  0x00, 0x00, 0x00, 0x00, 0x00, 0x00, 0x00, 0x00, 0x00, 0x00, 0x00, 0x00, 0x00, 0x00, 0x00, 0x00,
  0x00, 0x00, 0x00, 0x00, 0x00, 0x00, 0x00, 0x00, 0x00, 0x00, 0x00, 0x00, 0x00, 0x00, 0x00, 0x00,
  0x00, 0x00, 0x00, 0x00, 0x00, 0x00, 0x00, 0x00, 0x00, 0x00, 0x00, 0x00, 0x00, 0x00, 0x00, 0x00,
  0x4f, 0x62, 0x6a, 0x65, 0x63, 0x74, 0x00, 0x00, 0x00, 0x00, 0x00, 0x00, 0x00, 0x00, 0x00, 0x00,
  0x00, 0x00, 0x00, 0x00, 0x00, 0x00, 0x00, 0x00, 0x00, 0x00, 0x00, 0x00, 0x00, 0x00, 0x00, 0x00,
  0x00, 0x00, 0x00, 0x00, 0x00, 0x00, 0x00, 0x00, 0x00, 0x00, 0x00, 0x00, 0x00, 0x00, 0x00, 0x00,
  0x00, 0x00, 0x00, 0x00, 0x00, 0x00, 0x00, 0x00, 0x00, 0x00, 0x00, 0x00, 0x00, 0x00, 0x00, 0x00,
  0x00, 0x00, 0x00, 0x00, 0x00, 0x00, 0x00, 0x00, 0x00, 0x00, 0x00, 0x00, 0x00, 0x00, 0x00, 0x00,
  0x00, 0x00, 0x00, 0x00, 0x00, 0x00, 0x00, 0x00, 0x00, 0x00, 0x00, 0x00, 0x00, 0x00, 0x00, 0x00,
  0x00, 0x00, 0x00, 0x00, 0x00, 0x00, 0x00, 0x00, 0x00, 0x00, 0x00, 0x00, 0x00, 0x00, 0x00, 0x00,
  0x00, 0x00, 0x00, 0x00, 0x00, 0x00, 0x00, 0x00, 0x00, 0x00, 0x00, 0x00, 0x00, 0x00, 0x00, 0x00,
  0x00, 0x00, 0x00, 0x00, 0x3e, 0x01, 0xcc, 0x00, 0x00, 0x00, 0x00, 0x00, 0x01, 0x00, 0x00, 0x00,
  0x00, 0x00, 0x00, 0x00, 0x00, 0x00, 0x00, 0x00, 0x00, 0x00, 0x00, 0x00, 0x44, 0x41, 0x54, 0x41,
  0xe4, 0x00, 0x00, 0x00, 0x00, 0x91, 0xf0, 0x06, 0xa7, 0x00, 0x00, 0x00, 0x01, 0x00, 0x00, 0x00,
  0x18, 0x92, 0xf0, 0x06, 0xe8, 0x8f, 0xf0, 0x06, 0x44, 0x72, 0x61, 0x77, 0x00, 0x00, 0x00, 0x00,
  0x00, 0x00, 0x00, 0x00, 0x00, 0x00, 0x00, 0x00, 0x00, 0x00, 0x00, 0x00, 0x00, 0x00, 0x00, 0x00,
  0x00, 0x00, 0x00, 0x00, 0x00, 0x00, 0x00, 0x00, 0x00, 0x00, 0x00, 0x00, 0x00, 0x00, 0x00, 0x00,
  0x00, 0x00, 0x00, 0x00, 0x00, 0x00, 0x00, 0x00, 0x00, 0x00, 0x00, 0x00, 0x00, 0x00, 0x00, 0x00,
  0x00, 0x00, 0x00, 0x00, 0x00, 0x00, 0x00, 0x00, 0x4f, 0x62, 0x6a, 0x65, 0x63, 0x74, 0x00, 0x00,
  0x00, 0x00, 0x00, 0x00, 0x00, 0x00, 0x00, 0x00, 0x00, 0x00, 0x00, 0x00, 0x00, 0x00, 0x00, 0x00,
  0x00, 0x00, 0x00, 0x00, 0x00, 0x00, 0x00, 0x00, 0x00, 0x00, 0x00, 0x00, 0x00, 0x00, 0x00, 0x00,
  0x00, 0x00, 0x00, 0x00, 0x00, 0x00, 0x00, 0x00, 0x00, 0x00, 0x00, 0x00, 0x00, 0x00, 0x00, 0x00,
  0x00, 0x00, 0x00, 0x00, 0x00, 0x00, 0x00, 0x00, 0x00, 0x00, 0x00, 0x00, 0x00, 0x00, 0x00, 0x00,
  0x00, 0x00, 0x00, 0x00, 0x00, 0x00, 0x00, 0x00, 0x00, 0x00, 0x00, 0x00, 0x00, 0x00, 0x00, 0x00,
  0x00, 0x00, 0x00, 0x00, 0x00, 0x00, 0x00, 0x00, 0x00, 0x00, 0x00, 0x00, 0x00, 0x00, 0x00, 0x00,
  0x00, 0x00, 0x00, 0x00, 0x00, 0x00, 0x00, 0x00, 0x00, 0x00, 0x00, 0x00, 0x00, 0x00, 0x00, 0x00,
  0x00, 0x00, 0x00, 0x00, 0x00, 0x00, 0x00, 0x00, 0x46, 0x01, 0x00, 0x00, 0x3e, 0x01, 0xcc, 0x00,
  0x00, 0x00, 0x00, 0x00, 0x01, 0x00, 0x00, 0x00, 0x00, 0x00, 0x00, 0x00, 0x00, 0x00, 0x00, 0x00,
  0x00, 0x00, 0x00, 0x00, 0x44, 0x41, 0x54, 0x41, 0xe4, 0x00, 0x00, 0x00, 0x18, 0x92, 0xf0, 0x06,
  0xa7, 0x00, 0x00, 0x00, 0x01, 0x00, 0x00, 0x00, 0x30, 0x93, 0xf0, 0x06, 0x00, 0x91, 0xf0, 0x06,
  0x43, 0x6f, 0x6e, 0x73, 0x74, 0x72, 0x61, 0x69, 0x6e, 0x74, 0x73, 0x00, 0x00, 0x00, 0x00, 0x00,
  0x00, 0x00, 0x00, 0x00, 0x00, 0x00, 0x00, 0x00, 0x00, 0x00, 0x00, 0x00, 0x00, 0x00, 0x00, 0x00,
  0x00, 0x00, 0x00, 0x00, 0x00, 0x00, 0x00, 0x00, 0x00, 0x00, 0x00, 0x00, 0x00, 0x00, 0x00, 0x00,
  0x00, 0x00, 0x00, 0x00, 0x00, 0x00, 0x00, 0x00, 0x00, 0x00, 0x00, 0x00, 0x00, 0x00, 0x00, 0x00,
  0x4f, 0x62, 0x6a, 0x65, 0x63, 0x74, 0x00, 0x00, 0x00, 0x00, 0x00, 0x00, 0x00, 0x00, 0x00, 0x00,
  0x00, 0x00, 0x00, 0x00, 0x00, 0x00, 0x00, 0x00, 0x00, 0x00, 0x00, 0x00, 0x00, 0x00, 0x00, 0x00,
  0x00, 0x00, 0x00, 0x00, 0x00, 0x00, 0x00, 0x00, 0x00, 0x00, 0x00, 0x00, 0x00, 0x00, 0x00, 0x00,
  0x00, 0x00, 0x00, 0x00, 0x00, 0x00, 0x00, 0x00, 0x00, 0x00, 0x00, 0x00, 0x00, 0x00, 0x00, 0x00,
  0x00, 0x00, 0x00, 0x00, 0x00, 0x00, 0x00, 0x00, 0x00, 0x00, 0x00, 0x00, 0x00, 0x00, 0x00, 0x00,
  0x00, 0x00, 0x00, 0x00, 0x00, 0x00, 0x00, 0x00, 0x00, 0x00, 0x00, 0x00, 0x00, 0x00, 0x00, 0x00,
  0x00, 0x00, 0x00, 0x00, 0x00, 0x00, 0x00, 0x00, 0x00, 0x00, 0x00, 0x00, 0x00, 0x00, 0x00, 0x00,
  0x00, 0x00, 0x00, 0x00, 0x00, 0x00, 0x00, 0x00, 0x00, 0x00, 0x00, 0x00, 0x00, 0x00, 0x00, 0x00,
  0x8c, 0x02, 0x00, 0x00, 0x3e, 0x01, 0xcc, 0x00, 0x00, 0x00, 0x00, 0x00, 0x01, 0x00, 0x00, 0x00,
  0x00, 0x00, 0x00, 0x00, 0x00, 0x00, 0x00, 0x00, 0x00, 0x00, 0x00, 0x00, 0x44, 0x41, 0x54, 0x41,
  0xe4, 0x00, 0x00, 0x00, 0x30, 0x93, 0xf0, 0x06, 0xa7, 0x00, 0x00, 0x00, 0x01, 0x00, 0x00, 0x00,
  0x48, 0x94, 0xf0, 0x06, 0x18, 0x92, 0xf0, 0x06, 0x45, 0x66, 0x66, 0x65, 0x63, 0x74, 0x73, 0x00,
  0x00, 0x00, 0x00, 0x00, 0x00, 0x00, 0x00, 0x00, 0x00, 0x00, 0x00, 0x00, 0x00, 0x00, 0x00, 0x00,
  0x00, 0x00, 0x00, 0x00, 0x00, 0x00, 0x00, 0x00, 0x00, 0x00, 0x00, 0x00, 0x00, 0x00, 0x00, 0x00,
  0x00, 0x00, 0x00, 0x00, 0x00, 0x00, 0x00, 0x00, 0x00, 0x00, 0x00, 0x00, 0x00, 0x00, 0x00, 0x00,
  0x00, 0x00, 0x00, 0x00, 0x00, 0x00, 0x00, 0x00, 0x4f, 0x62, 0x6a, 0x65, 0x63, 0x74, 0x00, 0x00,
  0x00, 0x00, 0x00, 0x00, 0x00, 0x00, 0x00, 0x00, 0x00, 0x00, 0x00, 0x00, 0x00, 0x00, 0x00, 0x00,
  0x00, 0x00, 0x00, 0x00, 0x00, 0x00, 0x00, 0x00, 0x00, 0x00, 0x00, 0x00, 0x00, 0x00, 0x00, 0x00,
  0x00, 0x00, 0x00, 0x00, 0x00, 0x00, 0x00, 0x00, 0x00, 0x00, 0x00, 0x00, 0x00, 0x00, 0x00, 0x00,
  0x00, 0x00, 0x00, 0x00, 0x00, 0x00, 0x00, 0x00, 0x00, 0x00, 0x00, 0x00, 0x00, 0x00, 0x00, 0x00,
  0x00, 0x00, 0x00, 0x00, 0x00, 0x00, 0x00, 0x00, 0x00, 0x00, 0x00, 0x00, 0x00, 0x00, 0x00, 0x00,
  0x00, 0x00, 0x00, 0x00, 0x00, 0x00, 0x00, 0x00, 0x00, 0x00, 0x00, 0x00, 0x00, 0x00, 0x00, 0x00,
  0x00, 0x00, 0x00, 0x00, 0x00, 0x00, 0x00, 0x00, 0x00, 0x00, 0x00, 0x00, 0x00, 0x00, 0x00, 0x00,
  0x00, 0x00, 0x00, 0x00, 0x00, 0x00, 0x00, 0x00, 0xd2, 0x03, 0x00, 0x00, 0xa2, 0x01, 0xcc, 0x00,
  0x00, 0x00, 0x00, 0x00, 0x01, 0x00, 0x00, 0x00, 0x00, 0x00, 0x00, 0x00, 0x00, 0x00, 0x00, 0x00,
  0x00, 0x00, 0x00, 0x00, 0x44, 0x41, 0x54, 0x41, 0xe4, 0x00, 0x00, 0x00, 0x48, 0x94, 0xf0, 0x06,
  0xa7, 0x00, 0x00, 0x00, 0x01, 0x00, 0x00, 0x00, 0x60, 0x95, 0xf0, 0x06, 0x30, 0x93, 0xf0, 0x06,
  0x48, 0x6f, 0x6f, 0x6b, 0x73, 0x00, 0x00, 0x00, 0x00, 0x00, 0x00, 0x00, 0x00, 0x00, 0x00, 0x00,
  0x00, 0x00, 0x00, 0x00, 0x00, 0x00, 0x00, 0x00, 0x00, 0x00, 0x00, 0x00, 0x00, 0x00, 0x00, 0x00,
  0x00, 0x00, 0x00, 0x00, 0x00, 0x00, 0x00, 0x00, 0x00, 0x00, 0x00, 0x00, 0x00, 0x00, 0x00, 0x00,
  0x00, 0x00, 0x00, 0x00, 0x00, 0x00, 0x00, 0x00, 0x00, 0x00, 0x00, 0x00, 0x00, 0x00, 0x00, 0x00,
  0x4f, 0x62, 0x6a, 0x65, 0x63, 0x74, 0x00, 0x00, 0x00, 0x00, 0x00, 0x00, 0x00, 0x00, 0x00, 0x00,
  0x00, 0x00, 0x00, 0x00, 0x00, 0x00, 0x00, 0x00, 0x00, 0x00, 0x00, 0x00, 0x00, 0x00, 0x00, 0x00,
  0x00, 0x00, 0x00, 0x00, 0x00, 0x00, 0x00, 0x00, 0x00, 0x00, 0x00, 0x00, 0x00, 0x00, 0x00, 0x00,
  0x00, 0x00, 0x00, 0x00, 0x00, 0x00, 0x00, 0x00, 0x00, 0x00, 0x00, 0x00, 0x00, 0x00, 0x00, 0x00,
  0x00, 0x00, 0x00, 0x00, 0x00, 0x00, 0x00, 0x00, 0x00, 0x00, 0x00, 0x00, 0x00, 0x00, 0x00, 0x00,
  0x00, 0x00, 0x00, 0x00, 0x00, 0x00, 0x00, 0x00, 0x00, 0x00, 0x00, 0x00, 0x00, 0x00, 0x00, 0x00,
  0x00, 0x00, 0x00, 0x00, 0x00, 0x00, 0x00, 0x00, 0x00, 0x00, 0x00, 0x00, 0x00, 0x00, 0x00, 0x00,
  0x00, 0x00, 0x00, 0x00, 0x00, 0x00, 0x00, 0x00, 0x00, 0x00, 0x00, 0x00, 0x00, 0x00, 0x00, 0x00,
  0x46, 0x01, 0x00, 0x00, 0x3e, 0x01, 0xcc, 0x00, 0x00, 0x00, 0x00, 0x00, 0x01, 0x00, 0x00, 0x00,
  0x00, 0x00, 0x00, 0x00, 0x00, 0x00, 0x00, 0x00, 0x00, 0x91, 0xf0, 0x06, 0x44, 0x41, 0x54, 0x41,
  0xe4, 0x00, 0x00, 0x00, 0x60, 0x95, 0xf0, 0x06, 0xa7, 0x00, 0x00, 0x00, 0x01, 0x00, 0x00, 0x00,
  0x78, 0x96, 0xf0, 0x06, 0x48, 0x94, 0xf0, 0x06, 0x50, 0x61, 0x72, 0x74, 0x69, 0x63, 0x6c, 0x65,
  0x20, 0x49, 0x6e, 0x74, 0x65, 0x72, 0x61, 0x63, 0x74, 0x69, 0x6f, 0x6e, 0x00, 0x00, 0x00, 0x00,
  0x00, 0x00, 0x00, 0x00, 0x00, 0x00, 0x00, 0x00, 0x00, 0x00, 0x00, 0x00, 0x00, 0x00, 0x00, 0x00,
  0x00, 0x00, 0x00, 0x00, 0x00, 0x00, 0x00, 0x00, 0x00, 0x00, 0x00, 0x00, 0x00, 0x00, 0x00, 0x00,
  0x00, 0x00, 0x00, 0x00, 0x00, 0x00, 0x00, 0x00, 0x4f, 0x62, 0x6a, 0x65, 0x63, 0x74, 0x00, 0x00,
  0x00, 0x00, 0x00, 0x00, 0x00, 0x00, 0x00, 0x00, 0x00, 0x00, 0x00, 0x00, 0x00, 0x00, 0x00, 0x00,
  0x00, 0x00, 0x00, 0x00, 0x00, 0x00, 0x00, 0x00, 0x00, 0x00, 0x00, 0x00, 0x00, 0x00, 0x00, 0x00,
  0x00, 0x00, 0x00, 0x00, 0x00, 0x00, 0x00, 0x00, 0x00, 0x00, 0x00, 0x00, 0x00, 0x00, 0x00, 0x00,
  0x00, 0x00, 0x00, 0x00, 0x00, 0x00, 0x00, 0x00, 0x00, 0x00, 0x00, 0x00, 0x00, 0x00, 0x00, 0x00,
  0x00, 0x00, 0x00, 0x00, 0x00, 0x00, 0x00, 0x00, 0x00, 0x00, 0x00, 0x00, 0x00, 0x00, 0x00, 0x00,
  0x00, 0x00, 0x00, 0x00, 0x00, 0x00, 0x00, 0x00, 0x00, 0x00, 0x00, 0x00, 0x00, 0x00, 0x00, 0x00,
  0x00, 0x00, 0x00, 0x00, 0x00, 0x00, 0x00, 0x00, 0x00, 0x00, 0x00, 0x00, 0x00, 0x00, 0x00, 0x00,
  0x00, 0x00, 0x00, 0x00, 0x00, 0x00, 0x00, 0x00, 0x8c, 0x02, 0x00, 0x00, 0x3e, 0x01, 0xcc, 0x00,
  0x00, 0x00, 0x00, 0x00, 0x01, 0x00, 0x00, 0x00, 0x00, 0x00, 0x00, 0x00, 0x00, 0x00, 0x00, 0x00,
  0x18, 0x92, 0xf0, 0x06, 0x44, 0x41, 0x54, 0x41, 0xe4, 0x00, 0x00, 0x00, 0x78, 0x96, 0xf0, 0x06,
  0xa7, 0x00, 0x00, 0x00, 0x01, 0x00, 0x00, 0x00, 0x90, 0x97, 0xf0, 0x06, 0x60, 0x95, 0xf0, 0x06,
  0x53, 0x6f, 0x66, 0x74, 0x62, 0x6f, 0x64, 0x79, 0x00, 0x00, 0x00, 0x00, 0x00, 0x00, 0x00, 0x00,
  0x00, 0x00, 0x00, 0x00, 0x00, 0x00, 0x00, 0x00, 0x00, 0x00, 0x00, 0x00, 0x00, 0x00, 0x00, 0x00,
  0x00, 0x00, 0x00, 0x00, 0x00, 0x00, 0x00, 0x00, 0x00, 0x00, 0x00, 0x00, 0x00, 0x00, 0x00, 0x00,
  0x00, 0x00, 0x00, 0x00, 0x00, 0x00, 0x00, 0x00, 0x00, 0x00, 0x00, 0x00, 0x00, 0x00, 0x00, 0x00,
  0x4f, 0x62, 0x6a, 0x65, 0x63, 0x74, 0x00, 0x00, 0x00, 0x00, 0x00, 0x00, 0x00, 0x00, 0x00, 0x00,
  0x00, 0x00, 0x00, 0x00, 0x00, 0x00, 0x00, 0x00, 0x00, 0x00, 0x00, 0x00, 0x00, 0x00, 0x00, 0x00,
  0x00, 0x00, 0x00, 0x00, 0x00, 0x00, 0x00, 0x00, 0x00, 0x00, 0x00, 0x00, 0x00, 0x00, 0x00, 0x00,
  0x00, 0x00, 0x00, 0x00, 0x00, 0x00, 0x00, 0x00, 0x00, 0x00, 0x00, 0x00, 0x00, 0x00, 0x00, 0x00,
  0x00, 0x00, 0x00, 0x00, 0x00, 0x00, 0x00, 0x00, 0x00, 0x00, 0x00, 0x00, 0x00, 0x00, 0x00, 0x00,
  0x00, 0x00, 0x00, 0x00, 0x00, 0x00, 0x00, 0x00, 0x00, 0x00, 0x00, 0x00, 0x00, 0x00, 0x00, 0x00,
  0x00, 0x00, 0x00, 0x00, 0x00, 0x00, 0x00, 0x00, 0x00, 0x00, 0x00, 0x00, 0x00, 0x00, 0x00, 0x00,
  0x00, 0x00, 0x00, 0x00, 0x00, 0x00, 0x00, 0x00, 0x00, 0x00, 0x00, 0x00, 0x00, 0x00, 0x00, 0x00,
  0x8c, 0x02, 0x00, 0x00, 0x3e, 0x01, 0xcc, 0x00, 0x00, 0x00, 0x00, 0x00, 0x01, 0x00, 0x00, 0x00,
  0x00, 0x00, 0x00, 0x00, 0x00, 0x00, 0x00, 0x00, 0x18, 0x92, 0xf0, 0x06, 0x44, 0x41, 0x54, 0x41,
  0xe4, 0x00, 0x00, 0x00, 0x90, 0x97, 0xf0, 0x06, 0xa7, 0x00, 0x00, 0x00, 0x01, 0x00, 0x00, 0x00,
  0xa8, 0x98, 0xf0, 0x06, 0x78, 0x96, 0xf0, 0x06, 0x4f, 0x75, 0x74, 0x70, 0x75, 0x74, 0x00, 0x00,
  0x00, 0x00, 0x00, 0x00, 0x00, 0x00, 0x00, 0x00, 0x00, 0x00, 0x00, 0x00, 0x00, 0x00, 0x00, 0x00,
  0x00, 0x00, 0x00, 0x00, 0x00, 0x00, 0x00, 0x00, 0x00, 0x00, 0x00, 0x00, 0x00, 0x00, 0x00, 0x00,
  0x00, 0x00, 0x00, 0x00, 0x00, 0x00, 0x00, 0x00, 0x00, 0x00, 0x00, 0x00, 0x00, 0x00, 0x00, 0x00,
  0x00, 0x00, 0x00, 0x00, 0x00, 0x00, 0x00, 0x00, 0x52, 0x65, 0x6e, 0x64, 0x65, 0x72, 0x00, 0x00,
  0x00, 0x00, 0x00, 0x00, 0x00, 0x00, 0x00, 0x00, 0x00, 0x00, 0x00, 0x00, 0x00, 0x00, 0x00, 0x00,
  0x00, 0x00, 0x00, 0x00, 0x00, 0x00, 0x00, 0x00, 0x00, 0x00, 0x00, 0x00, 0x00, 0x00, 0x00, 0x00,
  0x00, 0x00, 0x00, 0x00, 0x00, 0x00, 0x00, 0x00, 0x00, 0x00, 0x00, 0x00, 0x00, 0x00, 0x00, 0x00,
  0x00, 0x00, 0x00, 0x00, 0x00, 0x00, 0x00, 0x00, 0x00, 0x00, 0x00, 0x00, 0x00, 0x00, 0x00, 0x00,
  0x00, 0x00, 0x00, 0x00, 0x00, 0x00, 0x00, 0x00, 0x00, 0x00, 0x00, 0x00, 0x00, 0x00, 0x00, 0x00,
  0x00, 0x00, 0x00, 0x00, 0x00, 0x00, 0x00, 0x00, 0x00, 0x00, 0x00, 0x00, 0x00, 0x00, 0x00, 0x00,
  0x00, 0x00, 0x00, 0x00, 0x00, 0x00, 0x00, 0x00, 0x00, 0x00, 0x00, 0x00, 0x00, 0x00, 0x00, 0x00,
  0x00, 0x00, 0x00, 0x00, 0x00, 0x00, 0x00, 0x00, 0x00, 0x00, 0x00, 0x00, 0x3e, 0x01, 0xcc, 0x00,
  0x00, 0x00, 0x00, 0x00, 0x01, 0x00, 0x00, 0x00, 0x00, 0x00, 0x00, 0x00, 0x00, 0x00, 0x00, 0x00,
  0x00, 0x00, 0x00, 0x00, 0x44, 0x41, 0x54, 0x41, 0xe4, 0x00, 0x00, 0x00, 0xa8, 0x98, 0xf0, 0x06,
  0xa7, 0x00, 0x00, 0x00, 0x01, 0x00, 0x00, 0x00, 0xc0, 0x99, 0xf0, 0x06, 0x90, 0x97, 0xf0, 0x06,
  0x52, 0x65, 0x6e, 0x64, 0x65, 0x72, 0x00, 0x00, 0x00, 0x00, 0x00, 0x00, 0x00, 0x00, 0x00, 0x00,
  0x00, 0x00, 0x00, 0x00, 0x00, 0x00, 0x00, 0x00, 0x00, 0x00, 0x00, 0x00, 0x00, 0x00, 0x00, 0x00,
  0x00, 0x00, 0x00, 0x00, 0x00, 0x00, 0x00, 0x00, 0x00, 0x00, 0x00, 0x00, 0x00, 0x00, 0x00, 0x00,
  0x00, 0x00, 0x00, 0x00, 0x00, 0x00, 0x00, 0x00, 0x00, 0x00, 0x00, 0x00, 0x00, 0x00, 0x00, 0x00,
  0x52, 0x65, 0x6e, 0x64, 0x65, 0x72, 0x00, 0x00, 0x00, 0x00, 0x00, 0x00, 0x00, 0x00, 0x00, 0x00,
  0x00, 0x00, 0x00, 0x00, 0x00, 0x00, 0x00, 0x00, 0x00, 0x00, 0x00, 0x00, 0x00, 0x00, 0x00, 0x00,
  0x00, 0x00, 0x00, 0x00, 0x00, 0x00, 0x00, 0x00, 0x00, 0x00, 0x00, 0x00, 0x00, 0x00, 0x00, 0x00,
  0x00, 0x00, 0x00, 0x00, 0x00, 0x00, 0x00, 0x00, 0x00, 0x00, 0x00, 0x00, 0x00, 0x00, 0x00, 0x00,
  0x00, 0x00, 0x00, 0x00, 0x00, 0x00, 0x00, 0x00, 0x00, 0x00, 0x00, 0x00, 0x00, 0x00, 0x00, 0x00,
  0x00, 0x00, 0x00, 0x00, 0x00, 0x00, 0x00, 0x00, 0x00, 0x00, 0x00, 0x00, 0x00, 0x00, 0x00, 0x00,
  0x00, 0x00, 0x00, 0x00, 0x00, 0x00, 0x00, 0x00, 0x00, 0x00, 0x00, 0x00, 0x00, 0x00, 0x00, 0x00,
  0x00, 0x00, 0x00, 0x00, 0x00, 0x00, 0x00, 0x00, 0x00, 0x00, 0x00, 0x00, 0x00, 0x00, 0x00, 0x00,
  0x46, 0x01, 0x00, 0x00, 0x3e, 0x01, 0xcc, 0x00, 0x00, 0x00, 0x00, 0x00, 0x01, 0x00, 0x00, 0x00,
  0x00, 0x00, 0x00, 0x00, 0x00, 0x00, 0x00, 0x00, 0x00, 0x00, 0x00, 0x00, 0x44, 0x41, 0x54, 0x41,
  0xe4, 0x00, 0x00, 0x00, 0xc0, 0x99, 0xf0, 0x06, 0xa7, 0x00, 0x00, 0x00, 0x01, 0x00, 0x00, 0x00,
  0xd8, 0x9a, 0xf0, 0x06, 0xa8, 0x98, 0xf0, 0x06, 0x41, 0x6e, 0x69, 0x6d, 0x00, 0x00, 0x00, 0x00,
  0x00, 0x00, 0x00, 0x00, 0x00, 0x00, 0x00, 0x00, 0x00, 0x00, 0x00, 0x00, 0x00, 0x00, 0x00, 0x00,
  0x00, 0x00, 0x00, 0x00, 0x00, 0x00, 0x00, 0x00, 0x00, 0x00, 0x00, 0x00, 0x00, 0x00, 0x00, 0x00,
  0x00, 0x00, 0x00, 0x00, 0x00, 0x00, 0x00, 0x00, 0x00, 0x00, 0x00, 0x00, 0x00, 0x00, 0x00, 0x00,
  0x00, 0x00, 0x00, 0x00, 0x00, 0x00, 0x00, 0x00, 0x52, 0x65, 0x6e, 0x64, 0x65, 0x72, 0x00, 0x00,
  0x00, 0x00, 0x00, 0x00, 0x00, 0x00, 0x00, 0x00, 0x00, 0x00, 0x00, 0x00, 0x00, 0x00, 0x00, 0x00,
  0x00, 0x00, 0x00, 0x00, 0x00, 0x00, 0x00, 0x00, 0x00, 0x00, 0x00, 0x00, 0x00, 0x00, 0x00, 0x00,
  0x00, 0x00, 0x00, 0x00, 0x00, 0x00, 0x00, 0x00, 0x00, 0x00, 0x00, 0x00, 0x00, 0x00, 0x00, 0x00,
  0x00, 0x00, 0x00, 0x00, 0x00, 0x00, 0x00, 0x00, 0x00, 0x00, 0x00, 0x00, 0x00, 0x00, 0x00, 0x00,
  0x00, 0x00, 0x00, 0x00, 0x00, 0x00, 0x00, 0x00, 0x00, 0x00, 0x00, 0x00, 0x00, 0x00, 0x00, 0x00,
  0x00, 0x00, 0x00, 0x00, 0x00, 0x00, 0x00, 0x00, 0x00, 0x00, 0x00, 0x00, 0x00, 0x00, 0x00, 0x00,
  0x00, 0x00, 0x00, 0x00, 0x00, 0x00, 0x00, 0x00, 0x00, 0x00, 0x00, 0x00, 0x00, 0x00, 0x00, 0x00,
  0x00, 0x00, 0x00, 0x00, 0x00, 0x00, 0x00, 0x00, 0x8c, 0x02, 0x00, 0x00, 0x3e, 0x01, 0xcc, 0x00,
  0x00, 0x00, 0x00, 0x00, 0x01, 0x00, 0x00, 0x00, 0x00, 0x00, 0x00, 0x00, 0x00, 0x00, 0x00, 0x00,
  0x00, 0x00, 0x00, 0x00, 0x44, 0x41, 0x54, 0x41, 0xe4, 0x00, 0x00, 0x00, 0xd8, 0x9a, 0xf0, 0x06,
  0xa7, 0x00, 0x00, 0x00, 0x01, 0x00, 0x00, 0x00, 0xf0, 0x9b, 0xf0, 0x06, 0xc0, 0x99, 0xf0, 0x06,
  0x46, 0x6f, 0x72, 0x6d, 0x61, 0x74, 0x00, 0x00, 0x00, 0x00, 0x00, 0x00, 0x00, 0x00, 0x00, 0x00,
  0x00, 0x00, 0x00, 0x00, 0x00, 0x00, 0x00, 0x00, 0x00, 0x00, 0x00, 0x00, 0x00, 0x00, 0x00, 0x00,
  0x00, 0x00, 0x00, 0x00, 0x00, 0x00, 0x00, 0x00, 0x00, 0x00, 0x00, 0x00, 0x00, 0x00, 0x00, 0x00,
  0x00, 0x00, 0x00, 0x00, 0x00, 0x00, 0x00, 0x00, 0x00, 0x00, 0x00, 0x00, 0x00, 0x00, 0x00, 0x00,
  0x52, 0x65, 0x6e, 0x64, 0x65, 0x72, 0x00, 0x00, 0x00, 0x00, 0x00, 0x00, 0x00, 0x00, 0x00, 0x00,
  0x00, 0x00, 0x00, 0x00, 0x00, 0x00, 0x00, 0x00, 0x00, 0x00, 0x00, 0x00, 0x00, 0x00, 0x00, 0x00,
  0x00, 0x00, 0x00, 0x00, 0x00, 0x00, 0x00, 0x00, 0x00, 0x00, 0x00, 0x00, 0x00, 0x00, 0x00, 0x00,
  0x00, 0x00, 0x00, 0x00, 0x00, 0x00, 0x00, 0x00, 0x00, 0x00, 0x00, 0x00, 0x00, 0x00, 0x00, 0x00,
  0x00, 0x00, 0x00, 0x00, 0x00, 0x00, 0x00, 0x00, 0x00, 0x00, 0x00, 0x00, 0x00, 0x00, 0x00, 0x00,
  0x00, 0x00, 0x00, 0x00, 0x00, 0x00, 0x00, 0x00, 0x00, 0x00, 0x00, 0x00, 0x00, 0x00, 0x00, 0x00,
  0x00, 0x00, 0x00, 0x00, 0x00, 0x00, 0x00, 0x00, 0x00, 0x00, 0x00, 0x00, 0x00, 0x00, 0x00, 0x00,
  0x00, 0x00, 0x00, 0x00, 0x00, 0x00, 0x00, 0x00, 0x00, 0x00, 0x00, 0x00, 0x00, 0x00, 0x00, 0x00,
  0xd2, 0x03, 0x00, 0x00, 0x3e, 0x01, 0xcc, 0x00, 0x00, 0x00, 0x00, 0x00, 0x01, 0x00, 0x00, 0x00,
  0x00, 0x00, 0x00, 0x00, 0x00, 0x00, 0x00, 0x00, 0x00, 0x00, 0x00, 0x00, 0x44, 0x41, 0x54, 0x41,
  0xe4, 0x00, 0x00, 0x00, 0xf0, 0x9b, 0xf0, 0x06, 0xa7, 0x00, 0x00, 0x00, 0x01, 0x00, 0x00, 0x00,
  0x00, 0x00, 0x00, 0x00, 0xd8, 0x9a, 0xf0, 0x06, 0x53, 0x63, 0x72, 0x69, 0x70, 0x74, 0x6c, 0x69,
  0x6e, 0x6b, 0x73, 0x00, 0x00, 0x00, 0x00, 0x00, 0x00, 0x00, 0x00, 0x00, 0x00, 0x00, 0x00, 0x00,
  0x00, 0x00, 0x00, 0x00, 0x00, 0x00, 0x00, 0x00, 0x00, 0x00, 0x00, 0x00, 0x00, 0x00, 0x00, 0x00,
  0x00, 0x00, 0x00, 0x00, 0x00, 0x00, 0x00, 0x00, 0x00, 0x00, 0x00, 0x00, 0x00, 0x00, 0x00, 0x00,
  0x00, 0x00, 0x00, 0x00, 0x00, 0x00, 0x00, 0x00, 0x53, 0x63, 0x72, 0x69, 0x70, 0x74, 0x00, 0x00,
  0x00, 0x00, 0x00, 0x00, 0x00, 0x00, 0x00, 0x00, 0x00, 0x00, 0x00, 0x00, 0x00, 0x00, 0x00, 0x00,
  0x00, 0x00, 0x00, 0x00, 0x00, 0x00, 0x00, 0x00, 0x00, 0x00, 0x00, 0x00, 0x00, 0x00, 0x00, 0x00,
  0x00, 0x00, 0x00, 0x00, 0x00, 0x00, 0x00, 0x00, 0x00, 0x00, 0x00, 0x00, 0x00, 0x00, 0x00, 0x00,
  0x00, 0x00, 0x00, 0x00, 0x00, 0x00, 0x00, 0x00, 0x00, 0x00, 0x00, 0x00, 0x00, 0x00, 0x00, 0x00,
  0x00, 0x00, 0x00, 0x00, 0x00, 0x00, 0x00, 0x00, 0x00, 0x00, 0x00, 0x00, 0x00, 0x00, 0x00, 0x00,
  0x00, 0x00, 0x00, 0x00, 0x00, 0x00, 0x00, 0x00, 0x00, 0x00, 0x00, 0x00, 0x00, 0x00, 0x00, 0x00,
  0x00, 0x00, 0x00, 0x00, 0x00, 0x00, 0x00, 0x00, 0x00, 0x00, 0x00, 0x00, 0x00, 0x00, 0x00, 0x00,
  0x00, 0x00, 0x00, 0x00, 0x00, 0x00, 0x00, 0x00, 0x00, 0x00, 0x00, 0x00, 0x3e, 0x01, 0xcc, 0x00,
  0x00, 0x00, 0x00, 0x00, 0x01, 0x00, 0x00, 0x00, 0x00, 0x00, 0x00, 0x00, 0x00, 0x00, 0x00, 0x00,
  0x00, 0x00, 0x00, 0x00, 0x44, 0x41, 0x54, 0x41, 0xdc, 0x00, 0x00, 0x00, 0x08, 0x9d, 0xf0, 0x06,
  0x92, 0x00, 0x00, 0x00, 0x01, 0x00, 0x00, 0x00, 0xe0, 0x78, 0xf0, 0x06, 0x00, 0x00, 0x00, 0x00,
  0x04, 0x00, 0x00, 0x00, 0x33, 0x33, 0x33, 0x3f, 0x20, 0x0b, 0x86, 0x0f, 0x00, 0x00, 0x00, 0x00,
  0x00, 0x00, 0x00, 0x00, 0x00, 0x00, 0x00, 0x00, 0x00, 0x00, 0x00, 0x00, 0x00, 0x00, 0x00, 0x00,
  0x00, 0x00, 0x00, 0x00, 0x01, 0x00, 0x00, 0x00, 0x00, 0x00, 0x00, 0xc1, 0x00, 0x00, 0xa3, 0x43,
  0x00, 0x00, 0x00, 0xc1, 0x00, 0x00, 0x68, 0x43, 0x00, 0x00, 0x00, 0xc1, 0x23, 0x9f, 0x03, 0x44,
  0x00, 0x00, 0x00, 0xc1, 0x00, 0x00, 0x68, 0x43, 0x00, 0x00, 0x00, 0x00, 0x00, 0x00, 0x00, 0x00,
  0x00, 0x00, 0x00, 0x00, 0x00, 0x00, 0x00, 0x00, 0x00, 0x00, 0x00, 0x00, 0x00, 0x00, 0x00, 0x00,
  0x00, 0x00, 0x00, 0x00, 0x00, 0x00, 0x00, 0x00, 0x00, 0x00, 0x00, 0x00, 0x00, 0x00, 0x00, 0x00,
  0x00, 0x00, 0x00, 0x00, 0x00, 0x00, 0x00, 0x00, 0x00, 0x00, 0x80, 0x43, 0x00, 0x00, 0x28, 0x42,
  0x00, 0x00, 0xc8, 0x44, 0x00, 0x00, 0xe1, 0x43, 0x00, 0x00, 0x00, 0x3f, 0xe1, 0x7a, 0xb4, 0x3f,
  0x00, 0x00, 0x01, 0x00, 0x01, 0x00, 0x01, 0x00, 0x9c, 0x01, 0xb9, 0x00, 0x00, 0x00, 0x00, 0x00,
  0x00, 0x00, 0x00, 0x00, 0x00, 0x00, 0x00, 0x00, 0x00, 0x00, 0x00, 0x00, 0x00, 0x00, 0x00, 0x00,
  0x05, 0x00, 0xff, 0xff, 0x00, 0x00, 0x05, 0x00, 0x00, 0x00, 0x00, 0x00, 0x00, 0x00, 0x00, 0x00,
  0x00, 0x00, 0x00, 0x00, 0x96, 0x01, 0x00, 0x00, 0x00, 0x00, 0x00, 0x00, 0x00, 0x00, 0x00, 0x00,
  0x00, 0x00, 0x00, 0x00, 0x44, 0x41, 0x54, 0x41, 0xc8, 0x01, 0x00, 0x00, 0xe0, 0x78, 0xf0, 0x06,
  0x94, 0x00, 0x00, 0x00, 0x01, 0x00, 0x00, 0x00, 0x00, 0x00, 0x00, 0x00, 0x08, 0x9d, 0xf0, 0x06,
  0x05, 0x00, 0x00, 0x00, 0x33, 0x33, 0x33, 0x3f, 0x20, 0x0b, 0x86, 0x0f, 0x00, 0x00, 0x00, 0x00,
  0x00, 0x00, 0x00, 0x00, 0x00, 0x00, 0x00, 0x00, 0x00, 0x00, 0x00, 0x00, 0x00, 0x00, 0x00, 0x00,
  0x14, 0x00, 0x00, 0x00, 0x00, 0x00, 0x00, 0x00, 0x00, 0x00, 0x00, 0x00, 0x00, 0x00, 0x00, 0x00,
  0x00, 0x00, 0x00, 0x00, 0x00, 0x00, 0x00, 0x00, 0x00, 0x00, 0x00, 0x00, 0x2f, 0x00, 0x00, 0x00,
  0x00, 0x00, 0x00, 0x00, 0x00, 0x00, 0x00, 0x00, 0x00, 0x00, 0x00, 0x00, 0x00, 0x00, 0x00, 0x00,
  0x00, 0x00, 0x00, 0x00, 0x00, 0x00, 0x00, 0x00, 0x00, 0x00, 0x00, 0x00, 0x00, 0x00, 0x00, 0x00,
  0x00, 0x00, 0x00, 0x00, 0x00, 0x00, 0x00, 0x00, 0x00, 0x00, 0x00, 0x00, 0x00, 0x00, 0x00, 0x00,
  0x00, 0x00, 0x00, 0x00, 0x00, 0x00, 0x00, 0x00, 0x00, 0x00, 0x00, 0x00, 0x00, 0x00, 0x00, 0x00,
  0x00, 0x00, 0x00, 0x00, 0x00, 0x00, 0x00, 0x00, 0x00, 0x00, 0x00, 0x00, 0x00, 0x00, 0x00, 0x00,
  0x00, 0x00, 0x00, 0x00, 0x00, 0x00, 0x00, 0x00, 0x00, 0x00, 0x00, 0x00, 0x00, 0x00, 0x00, 0x00,
  0x00, 0x00, 0x00, 0x00, 0x00, 0x00, 0x00, 0x00, 0x00, 0x00, 0x00, 0x00, 0x00, 0x00, 0x00, 0x00,
  0x00, 0x00, 0x00, 0x00, 0x00, 0x00, 0x00, 0x00, 0x00, 0x00, 0x00, 0x00, 0x00, 0x00, 0x00, 0x00,
  0x00, 0x00, 0x00, 0x00, 0x00, 0x00, 0x00, 0x00, 0x00, 0x00, 0x00, 0x00, 0x00, 0x00, 0x00, 0x00,
  0x00, 0x00, 0x00, 0x00, 0x00, 0x00, 0x00, 0x00, 0x00, 0x00, 0x00, 0x00, 0x00, 0x00, 0x00, 0x00,
  0x00, 0x00, 0x00, 0x00, 0x00, 0x00, 0x00, 0x00, 0x00, 0x00, 0x00, 0x00, 0x00, 0x00, 0x00, 0x00,
  0x00, 0x00, 0x00, 0x00, 0x00, 0x00, 0x00, 0x00, 0x00, 0x00, 0x00, 0x00, 0x00, 0x00, 0x00, 0x00,
  0x00, 0x00, 0x00, 0x00, 0x00, 0x00, 0x00, 0x00, 0x00, 0x00, 0x00, 0x00, 0x00, 0x00, 0x00, 0x00,
  0x00, 0x00, 0x00, 0x00, 0x00, 0x00, 0x00, 0x00, 0x00, 0x00, 0x00, 0x00, 0x00, 0x00, 0x00, 0x00,
  0x00, 0x00, 0x00, 0x00, 0x00, 0x00, 0x00, 0x00, 0x00, 0x00, 0x00, 0x00, 0x00, 0x00, 0x00, 0x00,
  0x00, 0x00, 0x00, 0x00, 0x00, 0x00, 0x00, 0x00, 0x00, 0x00, 0x00, 0x00, 0x00, 0x00, 0x00, 0x00,
  0x00, 0x00, 0x00, 0x00, 0x00, 0x00, 0x00, 0x00, 0x00, 0x00, 0x00, 0x00, 0x00, 0x00, 0x00, 0x00,
  0x00, 0x00, 0x00, 0x00, 0x00, 0x00, 0x00, 0x00, 0x00, 0x00, 0x00, 0x00, 0x00, 0x00, 0x00, 0x00,
  0x00, 0x00, 0x00, 0x00, 0x00, 0x00, 0x00, 0x00, 0x00, 0x00, 0x00, 0x00, 0x00, 0x00, 0x00, 0x00,
  0x00, 0x00, 0x00, 0x00, 0x00, 0x00, 0x00, 0x00, 0x00, 0x00, 0x00, 0x00, 0x08, 0x00, 0x00, 0x00,
  0x00, 0x00, 0x00, 0x00, 0x39, 0x00, 0x02, 0x00, 0x00, 0x00, 0x00, 0x00, 0x00, 0x00, 0x00, 0x00,
  0x00, 0x00, 0x00, 0x00, 0x00, 0x00, 0x00, 0x00, 0x00, 0x00, 0x00, 0x00, 0x00, 0x00, 0x00, 0x00,
  0xff, 0xff, 0x00, 0x00, 0x00, 0x00, 0x00, 0x00, 0x00, 0x00, 0x00, 0x00, 0x00, 0x00, 0x00, 0x00,
  0x00, 0x00, 0x00, 0x00, 0x00, 0x00, 0x00, 0x00, 0x00, 0x00, 0x00, 0x00, 0x00, 0x00, 0x00, 0x00,
  0x53, 0x43, 0x00, 0x00, 0x60, 0x05, 0x00, 0x00, 0x38, 0xc2, 0xf0, 0x06, 0x8b, 0x00, 0x00, 0x00,
  0x01, 0x00, 0x00, 0x00, 0x00, 0x00, 0x00, 0x00, 0x00, 0x00, 0x00, 0x00, 0x00, 0x00, 0x00, 0x00,
  0x00, 0x00, 0x00, 0x00, 0x53, 0x43, 0x53, 0x63, 0x65, 0x6e, 0x65, 0x00, 0x74, 0x61, 0x67, 0x65,
  0x00, 0x61, 0x69, 0x6e, 0x00, 0x00, 0x00, 0x00, 0x00, 0x00, 0x00, 0x00, 0x01, 0x00, 0x00, 0x00,
  0x00, 0x00, 0x00, 0x00, 0x00, 0x00, 0x00, 0x00, 0x28, 0x45, 0x01, 0x03, 0x70, 0xc9, 0xf0, 0x06,
  0x00, 0x00, 0x00, 0x00, 0x00, 0x00, 0x00, 0x00, 0x10, 0xca, 0xe9, 0x06, 0xb0, 0xca, 0xe9, 0x06,
  0x10, 0xca, 0xe9, 0x06, 0x00, 0x00, 0x00, 0x00, 0x00, 0x00, 0x00, 0x00, 0x00, 0x00, 0x00, 0x00,
  0x00, 0x00, 0x00, 0x00, 0x00, 0x00, 0x00, 0x00, 0x00, 0x00, 0x00, 0x00, 0x00, 0x00, 0x00, 0x00,
  0x00, 0x00, 0x00, 0x00, 0x00, 0x00, 0x00, 0x00, 0x00, 0x00, 0x00, 0x00, 0x00, 0x00, 0x00, 0x00,
  0x00, 0x00, 0x00, 0x00, 0x01, 0x00, 0x00, 0x00, 0xcd, 0xcc, 0xcc, 0x3d, 0x01, 0x00, 0x00, 0x00,
  0x00, 0x00, 0x00, 0x00, 0x00, 0x00, 0x00, 0x00, 0x02, 0x00, 0x00, 0x00, 0x00, 0x00, 0x00, 0x00,
  0x00, 0x00, 0x00, 0x00, 0xa0, 0x78, 0xe9, 0x06, 0x00, 0x00, 0x00, 0x00, 0x00, 0x00, 0x00, 0x00,
  0x00, 0x00, 0x00, 0x00, 0x00, 0x00, 0x00, 0x00, 0xc8, 0xc7, 0xf0, 0x06, 0x00, 0x00, 0x00, 0x00,
  0x00, 0x00, 0x00, 0x00, 0x00, 0x00, 0x00, 0x00, 0x00, 0x00, 0x00, 0x00, 0x00, 0x00, 0x00, 0x00,
  0x00, 0x00, 0x00, 0x00, 0x00, 0x00, 0x00, 0x00, 0x00, 0x00, 0x00, 0x00, 0x00, 0x00, 0x00, 0x00,
  0x00, 0x00, 0x00, 0x00, 0x00, 0x00, 0x00, 0x00, 0x00, 0x00, 0x00, 0x00, 0x00, 0x00, 0x00, 0x00,
  0x00, 0x00, 0x00, 0x00, 0x00, 0x00, 0x00, 0x00, 0x01, 0x00, 0x00, 0x00, 0x01, 0x00, 0x00, 0x00,
  0xfa, 0x00, 0x00, 0x00, 0x00, 0x00, 0x00, 0x00, 0x00, 0x00, 0x00, 0x00, 0x64, 0x00, 0x00, 0x00,
  0x64, 0x00, 0x00, 0x00, 0x00, 0x00, 0x01, 0x00, 0x00, 0x00, 0x00, 0x00, 0x00, 0x00, 0x80, 0x3f,
  0x00, 0x00, 0x00, 0x3f, 0x00, 0x00, 0x00, 0x00, 0x00, 0x00, 0x00, 0x00, 0x00, 0x00, 0x00, 0x00,
  0x00, 0x00, 0x80, 0x02, 0xe0, 0x01, 0x3c, 0x00, 0x20, 0x00, 0x00, 0x00, 0x00, 0x00, 0x00, 0x00,
  0x01, 0x00, 0x00, 0x00, 0x05, 0x00, 0x64, 0x00, 0x8d, 0x00, 0x20, 0x03, 0x58, 0x02, 0x04, 0x00,
  0x04, 0x00, 0x00, 0x00, 0x18, 0x00, 0x04, 0x00, 0x00, 0x00, 0x00, 0x00, 0x5a, 0x00, 0x00, 0x00,
  0x00, 0x00, 0x00, 0x00, 0x10, 0x00, 0x00, 0x00, 0x17, 0x00, 0x21, 0x00, 0x00, 0x00, 0x80, 0x00,
  0x00, 0x00, 0x08, 0x00, 0x19, 0x00, 0x0a, 0x00, 0x00, 0x00, 0x00, 0x00, 0x00, 0x00, 0x80, 0x3f,
  0x00, 0x00, 0x00, 0x00, 0x00, 0x00, 0x80, 0x3f, 0x00, 0x00, 0x00, 0x00, 0x00, 0x00, 0x00, 0x00,
  0x00, 0x00, 0x00, 0x00, 0x00, 0x00, 0x00, 0x00, 0x00, 0x00, 0x00, 0x00, 0x00, 0x00, 0x00, 0x00,
  0x00, 0x00, 0x00, 0x00, 0x00, 0x00, 0x00, 0x00, 0xb0, 0xa5, 0xed, 0x06, 0xb0, 0xa5, 0xed, 0x06,
  0x00, 0x00, 0x00, 0x00, 0x00, 0x00, 0xc8, 0x42, 0x00, 0x00, 0xc8, 0x42, 0x00, 0x00, 0x80, 0x3f,
  0x00, 0x00, 0x80, 0x3f, 0x00, 0x00, 0x80, 0x3f, 0x00, 0x00, 0x80, 0x3f, 0x00, 0x00, 0x00, 0x00,
  0x00, 0x00, 0x80, 0x3f, 0x00, 0x00, 0x00, 0x00, 0x05, 0x00, 0x02, 0x00, 0x01, 0x00, 0x01, 0x00,
  0x00, 0x00, 0x00, 0x00, 0x00, 0x00, 0x00, 0x00, 0x00, 0x00, 0x00, 0x00, 0x00, 0x00, 0x00, 0x00,
  0x00, 0x00, 0x00, 0x00, 0x00, 0x00, 0x00, 0x00, 0x00, 0x00, 0x00, 0x00, 0x00, 0x00, 0x00, 0x00,
  0x00, 0x00, 0x00, 0x00, 0x00, 0x00, 0x00, 0x00, 0x00, 0x00, 0x00, 0x00, 0x00, 0x00, 0x00, 0x00,
  0x00, 0x00, 0x00, 0x00, 0x00, 0x00, 0x00, 0x00, 0x00, 0x00, 0x00, 0x00, 0x00, 0x00, 0x00, 0x00,
  0x00, 0x00, 0x00, 0x00, 0x00, 0x00, 0x00, 0x00, 0x00, 0x00, 0x00, 0x00, 0x00, 0x00, 0x00, 0x00,
  0x00, 0x00, 0x00, 0x00, 0x00, 0x00, 0x00, 0x00, 0x00, 0x00, 0x00, 0x00, 0x00, 0x00, 0x00, 0x00,
  0x00, 0x00, 0x00, 0x00, 0x00, 0x00, 0x00, 0x00, 0x00, 0x00, 0x00, 0x00, 0x00, 0x00, 0x00, 0x00,
  0x2f, 0x2f, 0x62, 0x61, 0x63, 0x6b, 0x62, 0x75, 0x66, 0x00, 0x00, 0x00, 0x00, 0x00, 0x00, 0x00,
  0x00, 0x00, 0x00, 0x00, 0x00, 0x00, 0x00, 0x00, 0x00, 0x00, 0x00, 0x00, 0x00, 0x00, 0x00, 0x00,
  0x00, 0x00, 0x00, 0x00, 0x00, 0x00, 0x00, 0x00, 0x00, 0x00, 0x00, 0x00, 0x00, 0x00, 0x00, 0x00,
  0x00, 0x00, 0x00, 0x00, 0x00, 0x00, 0x00, 0x00, 0x00, 0x00, 0x00, 0x00, 0x00, 0x00, 0x00, 0x00,
  0x00, 0x00, 0x00, 0x00, 0x00, 0x00, 0x00, 0x00, 0x00, 0x00, 0x00, 0x00, 0x00, 0x00, 0x00, 0x00,
  0x00, 0x00, 0x00, 0x00, 0x00, 0x00, 0x00, 0x00, 0x00, 0x00, 0x00, 0x00, 0x00, 0x00, 0x00, 0x00,
  0x00, 0x00, 0x00, 0x00, 0x00, 0x00, 0x00, 0x00, 0x00, 0x00, 0x00, 0x00, 0x00, 0x00, 0x00, 0x00,
  0x00, 0x00, 0x00, 0x00, 0x00, 0x00, 0x00, 0x00, 0x00, 0x00, 0x00, 0x00, 0x00, 0x00, 0x00, 0x00,
  0x00, 0x00, 0x00, 0x00, 0x00, 0x00, 0x00, 0x00, 0x00, 0x00, 0x00, 0x00, 0x00, 0x00, 0x00, 0x00,
  0x00, 0x00, 0x00, 0x00, 0x00, 0x00, 0x00, 0x00, 0x00, 0x00, 0x00, 0x00, 0x00, 0x00, 0x00, 0x00,
  0x2f, 0x74, 0x6d, 0x70, 0x5c, 0x00, 0x00, 0x00, 0x00, 0x00, 0x00, 0x00, 0x00, 0x00, 0x00, 0x00,
  0x00, 0x00, 0x00, 0x00, 0x00, 0x00, 0x00, 0x00, 0x00, 0x00, 0x00, 0x00, 0x00, 0x00, 0x00, 0x00,
  0x00, 0x00, 0x00, 0x00, 0x00, 0x00, 0x00, 0x00, 0x00, 0x00, 0x00, 0x00, 0x00, 0x00, 0x00, 0x00,
  0x00, 0x00, 0x00, 0x00, 0x00, 0x00, 0x00, 0x00, 0x00, 0x00, 0x00, 0x00, 0x00, 0x00, 0x00, 0x00,
  0x00, 0x00, 0x00, 0x00, 0x00, 0x00, 0x00, 0x00, 0x00, 0x00, 0x00, 0x00, 0x00, 0x00, 0x00, 0x00,
  0x00, 0x00, 0x00, 0x00, 0x00, 0x00, 0x00, 0x00, 0x00, 0x00, 0x00, 0x00, 0x00, 0x00, 0x00, 0x00,
  0x00, 0x00, 0x00, 0x00, 0x00, 0x00, 0x00, 0x00, 0x00, 0x00, 0x00, 0x00, 0x00, 0x00, 0x00, 0x00,
  0x00, 0x00, 0x00, 0x00, 0x00, 0x00, 0x00, 0x00, 0x00, 0x00, 0x00, 0x00, 0x00, 0x00, 0x00, 0x00,
  0x00, 0x00, 0x00, 0x00, 0x00, 0x00, 0x00, 0x00, 0x00, 0x00, 0x00, 0x00, 0x00, 0x00, 0x00, 0x00,
  0x00, 0x00, 0x00, 0x00, 0x00, 0x00, 0x00, 0x00, 0x00, 0x00, 0x00, 0x00, 0x00, 0x00, 0x00, 0x00,
  0x00, 0x00, 0x00, 0x00, 0x00, 0x00, 0x00, 0x00, 0x00, 0x00, 0x00, 0x00, 0x00, 0x00, 0x00, 0x00,
  0x00, 0x00, 0x00, 0x00, 0x00, 0x00, 0x00, 0x00, 0x00, 0x00, 0x00, 0x00, 0x00, 0x00, 0x00, 0x00,
  0x00, 0x00, 0x00, 0x00, 0x00, 0x00, 0x00, 0x00, 0x00, 0x00, 0x00, 0x00, 0x00, 0x00, 0x00, 0x00,
  0x00, 0x00, 0x00, 0x00, 0x00, 0x00, 0x00, 0x00, 0x00, 0x00, 0x00, 0x00, 0x00, 0x00, 0x00, 0x00,
  0x00, 0x00, 0x00, 0x00, 0x00, 0x00, 0x00, 0x00, 0x00, 0x00, 0x00, 0x00, 0x00, 0x00, 0x00, 0x00,
  0x00, 0x00, 0x00, 0x00, 0x00, 0x00, 0x00, 0x00, 0x00, 0x00, 0x00, 0x00, 0x00, 0x00, 0x00, 0x00,
  0x00, 0x00, 0x00, 0x00, 0x00, 0x00, 0x00, 0x00, 0x00, 0x00, 0x00, 0x00, 0x00, 0x00, 0x00, 0x00,
  0x00, 0x00, 0x00, 0x00, 0x00, 0x00, 0x00, 0x00, 0x00, 0x00, 0x00, 0x00, 0x00, 0x00, 0x00, 0x00,
  0x00, 0x00, 0x00, 0x00, 0x00, 0x00, 0x00, 0x00, 0x00, 0x00, 0x00, 0x00, 0x00, 0x00, 0x00, 0x00,
  0x00, 0x00, 0x00, 0x00, 0x00, 0x00, 0x00, 0x00, 0x00, 0x00, 0x00, 0x00, 0x00, 0x00, 0x00, 0x00,
  0x00, 0x00, 0x00, 0x00, 0x00, 0x00, 0x00, 0x00, 0xcd, 0xcc, 0x4c, 0x3f, 0xcd, 0xcc, 0x4c, 0x3f,
  0xcd, 0xcc, 0x4c, 0x3f, 0x00, 0x00, 0x80, 0x3f, 0x00, 0x00, 0x00, 0x00, 0x00, 0x00, 0x00, 0x00,
  0x00, 0x00, 0x00, 0x00, 0x00, 0x00, 0x80, 0x3e, 0x06, 0x00, 0x00, 0x00, 0x10, 0x00, 0x00, 0x00,
  0x00, 0x00, 0x80, 0x3f, 0x00, 0x00, 0x80, 0x3f, 0xad, 0x02, 0x5f, 0x00, 0x9a, 0x99, 0xd9, 0x3f,
  0x44, 0xac, 0x00, 0x00, 0x00, 0x00, 0x00, 0x00, 0x00, 0x00, 0x00, 0x00, 0x00, 0x00, 0x00, 0x00,
  0x00, 0x00, 0x00, 0x00, 0x00, 0x00, 0x00, 0x00, 0x00, 0x00, 0x00, 0x00, 0x00, 0x00, 0x00, 0x00,
  0x00, 0x00, 0x00, 0x00, 0x00, 0x00, 0x00, 0x00, 0x00, 0x00, 0x00, 0x00, 0x00, 0x00, 0x00, 0x00,
  0x0a, 0x00, 0x00, 0x00, 0x00, 0x00, 0x00, 0x00, 0xe8, 0xc7, 0xfa, 0x02, 0x01, 0x00, 0x00, 0x00,
  0x00, 0x00, 0x01, 0x00, 0x00, 0x00, 0x00, 0x00, 0x00, 0x00, 0x00, 0x00, 0x00, 0x00, 0x00, 0x00,
  0x00, 0x00, 0x00, 0x00, 0x00, 0x00, 0x00, 0x00, 0x00, 0x00, 0x00, 0x00, 0x00, 0x00, 0x00, 0x00,
  0x00, 0x00, 0x00, 0x00, 0x00, 0x00, 0x00, 0x00, 0x00, 0x00, 0x00, 0x00, 0x00, 0x00, 0x00, 0x00,
  0x00, 0x00, 0x00, 0x00, 0x00, 0x00, 0x00, 0x00, 0x00, 0x00, 0x00, 0x00, 0x00, 0x00, 0x00, 0x00,
  0x00, 0x00, 0x00, 0x00, 0x00, 0x00, 0x00, 0x00, 0x00, 0x00, 0x00, 0x00, 0x00, 0x00, 0x00, 0x00,
  0x20, 0xea, 0xf7, 0x02, 0x00, 0x00, 0x00, 0x00, 0x00, 0x00, 0x00, 0x00, 0x00, 0x00, 0x00, 0x00,
  0x00, 0x00, 0x00, 0x00, 0x00, 0x00, 0x00, 0x00, 0x00, 0x00, 0x00, 0x00, 0x00, 0x00, 0x00, 0x00,
  0x00, 0x00, 0x00, 0x00, 0x00, 0x00, 0x00, 0x00, 0x00, 0x00, 0x00, 0x00, 0x00, 0x00, 0x00, 0x00,
  0x00, 0x00, 0x00, 0x00, 0x00, 0x00, 0x00, 0x00, 0x00, 0x00, 0x00, 0x00, 0x00, 0x00, 0x00, 0x00,
  0x00, 0x00, 0x00, 0x00, 0x00, 0x00, 0x00, 0x00, 0x00, 0x00, 0x00, 0x00, 0x00, 0x00, 0x00, 0x00,
  0x00, 0x00, 0x00, 0x00, 0x00, 0x00, 0x00, 0x00, 0x00, 0x00, 0x00, 0x00, 0x01, 0x00, 0x00, 0x00,
  0x00, 0x00, 0x00, 0x00, 0x44, 0x41, 0x54, 0x41, 0x1c, 0x00, 0x00, 0x00, 0x10, 0xca, 0xe9, 0x06,
  0x7a, 0x00, 0x00, 0x00, 0x01, 0x00, 0x00, 0x00, 0x60, 0xca, 0xe9, 0x06, 0x00, 0x00, 0x00, 0x00,
  0x01, 0x00, 0x00, 0x00, 0x01, 0x00, 0x00, 0x00, 0x01, 0x00, 0x00, 0x00, 0xfb, 0x02, 0xa4, 0x01,
  0xb0, 0x48, 0x01, 0x03, 0x44, 0x41, 0x54, 0x41, 0x1c, 0x00, 0x00, 0x00, 0x60, 0xca, 0xe9, 0x06,
  0x7a, 0x00, 0x00, 0x00, 0x01, 0x00, 0x00, 0x00, 0xb0, 0xca, 0xe9, 0x06, 0x10, 0xca, 0xe9, 0x06,
  0x01, 0x00, 0x00, 0x00, 0x02, 0x00, 0x00, 0x00, 0x00, 0x04, 0x00, 0x00, 0xe0, 0x2e, 0x33, 0x03,
  0x38, 0x4c, 0x01, 0x03, 0x44, 0x41, 0x54, 0x41, 0x1c, 0x00, 0x00, 0x00, 0xb0, 0xca, 0xe9, 0x06,
  0x7a, 0x00, 0x00, 0x00, 0x01, 0x00, 0x00, 0x00, 0x00, 0x00, 0x00, 0x00, 0x60, 0xca, 0xe9, 0x06,
  0x01, 0x00, 0x00, 0x00, 0x03, 0x00, 0x00, 0x00, 0x00, 0x04, 0x00, 0x00, 0xe0, 0x2e, 0x19, 0x00,
  0x28, 0x45, 0x01, 0x03, 0x44, 0x41, 0x54, 0x41, 0x28, 0x00, 0x00, 0x00, 0xa0, 0x78, 0xe9, 0x06,
  0x79, 0x00, 0x00, 0x00, 0x01, 0x00, 0x00, 0x00, 0x2c, 0x01, 0x00, 0x00, 0x01, 0x00, 0x02, 0x00,
  0x01, 0x00, 0x02, 0x00, 0x00, 0x00, 0x01, 0x00, 0xf4, 0x01, 0xc8, 0x00, 0x64, 0x00, 0x14, 0x00,
  0x10, 0x27, 0x00, 0x00, 0xcd, 0xcc, 0xcc, 0x3d, 0x00, 0x00, 0xf0, 0x41, 0x00, 0x00, 0x00, 0x40,
  0x44, 0x41, 0x54, 0x41, 0xbc, 0x00, 0x00, 0x00, 0xc8, 0xc7, 0xf0, 0x06, 0x88, 0x00, 0x00, 0x00,
  0x01, 0x00, 0x00, 0x00, 0x01, 0x00, 0x01, 0x00, 0xcd, 0xcc, 0x4c, 0x3f, 0x00, 0x00, 0xb4, 0x42,
  0x09, 0x00, 0x01, 0x00, 0x00, 0x00, 0x80, 0x3f, 0x6f, 0x12, 0x83, 0x3a, 0x20, 0x00, 0x20, 0x00,
  0x20, 0x00, 0x01, 0x00, 0x00, 0x00, 0x80, 0x3f, 0x00, 0x00, 0x80, 0x3f, 0x01, 0x00, 0x01, 0x00,
  0x01, 0x00, 0x00, 0x00, 0x00, 0x00, 0x00, 0x00, 0x00, 0x00, 0x00, 0x00, 0x00, 0x00, 0x00, 0x00,
  0x07, 0x00, 0x05, 0x00, 0x05, 0x00, 0xff, 0xff, 0x32, 0x00, 0x32, 0x00, 0x0a, 0x00, 0x00, 0x00,
  0x32, 0x00, 0x64, 0x00, 0x0a, 0x00, 0x00, 0x00, 0x32, 0x00, 0x32, 0x00, 0x0a, 0x00, 0x00, 0x00,
  0x32, 0x00, 0x32, 0x00, 0x0a, 0x00, 0x00, 0x00, 0x32, 0x00, 0x32, 0x00, 0x0a, 0x00, 0x00, 0x00,
  0x32, 0x00, 0x32, 0x00, 0x0a, 0x00, 0x00, 0x00, 0x32, 0x00, 0x32, 0x00, 0x0a, 0x00, 0x00, 0x00,
  0x00, 0x00, 0x80, 0x3e, 0x00, 0x00, 0x00, 0x00, 0x0a, 0xd7, 0x23, 0x3c, 0xcd, 0xcc, 0xcc, 0x3d,
  0x00, 0x00, 0x00, 0x00, 0x00, 0x00, 0x32, 0x00, 0x0a, 0xd7, 0x23, 0x3c, 0x0a, 0xd7, 0x23, 0x3c,
  0x66, 0x66, 0xa6, 0x3f, 0x00, 0x00, 0xc0, 0x3f, 0x00, 0x00, 0x34, 0x42, 0x48, 0xe1, 0x7a, 0x3f,
  0xcd, 0xcc, 0xcc, 0x3d, 0x03, 0x00, 0x00, 0x01, 0x02, 0x00, 0x01, 0x00, 0x00, 0x00, 0x00, 0x00,
  0x44, 0x41, 0x54, 0x41, 0x08, 0x01, 0x00, 0x00, 0x20, 0xea, 0xf7, 0x02, 0x24, 0x01, 0x00, 0x00,
  0x01, 0x00, 0x00, 0x00, 0x01, 0x00, 0x00, 0x00, 0x00, 0x00, 0x00, 0x00, 0x00, 0x00, 0x00, 0x00,
  0x00, 0x00, 0x80, 0x3f, 0x00, 0x00, 0x00, 0x00, 0x00, 0x00, 0x80, 0x3f, 0x00, 0x00, 0x00, 0x00,
  0x00, 0x00, 0x80, 0x3f, 0x00, 0x00, 0x00, 0x00, 0x00, 0x00, 0x80, 0x3f, 0x06, 0x00, 0x00, 0x00,
  0x00, 0x00, 0x80, 0x43, 0x00, 0x00, 0x00, 0x00, 0x00, 0x00, 0x80, 0x3f, 0x4e, 0x0a, 0x7f, 0xbf,
  0x23, 0x2c, 0xb1, 0x3d, 0x50, 0x0a, 0x7f, 0xbf, 0xd8, 0x2b, 0xb1, 0x3d, 0x38, 0xa5, 0xed, 0x06,
  0x00, 0x00, 0x00, 0x00, 0x00, 0x00, 0x00, 0x00, 0x00, 0x00, 0x00, 0x00, 0x00, 0x00, 0x00, 0x00,
  0x00, 0x00, 0x00, 0x00, 0x00, 0x00, 0x00, 0x00, 0x00, 0x00, 0x00, 0x00, 0x00, 0x00, 0x00, 0x00,
  0x00, 0x00, 0x00, 0x00, 0x00, 0x00, 0x00, 0x00, 0x00, 0x00, 0x00, 0x00, 0x00, 0x00, 0x00, 0x00,
  0x00, 0x00, 0x00, 0x00, 0x00, 0x00, 0x00, 0x00, 0x00, 0x00, 0x00, 0x00, 0x00, 0x00, 0x00, 0x00,
  0x00, 0x00, 0x00, 0x00, 0x00, 0x00, 0x00, 0x00, 0x00, 0x00, 0x00, 0x00, 0x00, 0x00, 0x00, 0x00,
  0x00, 0x00, 0x00, 0x00, 0x00, 0x00, 0x00, 0x00, 0x00, 0x00, 0x00, 0x00, 0x00, 0x00, 0x00, 0x00,
  0x00, 0x00, 0x00, 0x00, 0x00, 0x00, 0x00, 0x00, 0x00, 0x00, 0x00, 0x00, 0x00, 0x00, 0x00, 0x00,
  0x00, 0x00, 0x00, 0x00, 0x00, 0x00, 0x00, 0x00, 0x00, 0x00, 0x00, 0x00, 0x00, 0x00, 0x00, 0x00,
  0x00, 0x00, 0x00, 0x00, 0x00, 0x00, 0x00, 0x00, 0x00, 0x00, 0x00, 0x00, 0x00, 0x00, 0x00, 0x00,
  0x00, 0x00, 0x00, 0x00, 0x00, 0x00, 0x00, 0x00, 0x00, 0x00, 0x80, 0x3f, 0x00, 0x00, 0x80, 0x3f,
  0x00, 0x00, 0x80, 0x3f, 0x00, 0x00, 0x80, 0x3f, 0x00, 0x00, 0x80, 0x3f, 0x00, 0x00, 0x80, 0x3f,
  0x00, 0x00, 0x00, 0x00, 0x00, 0x00, 0x00, 0x00, 0x00, 0x00, 0x00, 0x00, 0x44, 0x41, 0x54, 0x41,
  0x48, 0x00, 0x00, 0x00, 0x38, 0xa5, 0xed, 0x06, 0x22, 0x01, 0x00, 0x00, 0x06, 0x00, 0x00, 0x00,
  0x00, 0x00, 0x00, 0x00, 0x00, 0x00, 0x80, 0x3f, 0x00, 0x00, 0x00, 0x00, 0xcd, 0xcc, 0xcc, 0x3d,
  0x56, 0xbc, 0x79, 0x3f, 0x00, 0x00, 0x00, 0x00, 0x9a, 0x99, 0x99, 0x3e, 0x60, 0x3c, 0x4b, 0x3f,
  0x00, 0x00, 0x00, 0x00, 0x33, 0x33, 0x33, 0x3f, 0x80, 0x0e, 0x53, 0x3e, 0x00, 0x00, 0x00, 0x00,
  0x66, 0x66, 0x66, 0x3f, 0x4f, 0x75, 0xc8, 0x3c, 0x00, 0x00, 0x00, 0x00, 0x00, 0x00, 0x80, 0x3f,
  0x00, 0x00, 0x00, 0x00, 0x00, 0x00, 0x00, 0x00, 0x44, 0x41, 0x54, 0x41, 0x48, 0x00, 0x00, 0x00,
  0xb0, 0xa5, 0xed, 0x06, 0x7f, 0x00, 0x00, 0x00, 0x01, 0x00, 0x00, 0x00, 0x00, 0x00, 0x00, 0x00,
  0x00, 0x00, 0x00, 0x00, 0x31, 0x20, 0x52, 0x65, 0x6e, 0x64, 0x65, 0x72, 0x4c, 0x61, 0x79, 0x65,
  0x72, 0x00, 0x00, 0x00, 0x00, 0x00, 0x00, 0x00, 0x00, 0x00, 0x00, 0x00, 0x00, 0x00, 0x00, 0x00,
  0x00, 0x00, 0x00, 0x00, 0x00, 0x00, 0x00, 0x00, 0x00, 0x00, 0x00, 0x00, 0xff, 0xff, 0x0f, 0x00,
  0x00, 0x00, 0x00, 0x00, 0xff, 0x7f, 0x00, 0x00, 0x00, 0x00, 0x00, 0x00, 0x03, 0x00, 0x00, 0x00,
  0x00, 0x00, 0x00, 0x00, 0x43, 0x41, 0x00, 0x00, 0x84, 0x00, 0x00, 0x00, 0xb8, 0xc8, 0xf0, 0x06,
  0x1e, 0x00, 0x00, 0x00, 0x01, 0x00, 0x00, 0x00, 0x00, 0x00, 0x00, 0x00, 0x00, 0x00, 0x00, 0x00,
  0x00, 0x00, 0x00, 0x00, 0x00, 0x00, 0x00, 0x00, 0x43, 0x41, 0x43, 0x61, 0x6d, 0x65, 0x72, 0x61,
  0x00, 0x61, 0x6d, 0x65, 0x72, 0x61, 0x2e, 0x30, 0x30, 0x31, 0x00, 0x00, 0x00, 0x00, 0x00, 0x00,
  0x01, 0x00, 0x00, 0x00, 0x00, 0x00, 0x00, 0x00, 0x00, 0x00, 0x00, 0x00, 0x00, 0x00, 0x08, 0x00,
  0xcd, 0xcc, 0x4c, 0x3e, 0x91, 0x89, 0x44, 0x42, 0xcd, 0xcc, 0xcc, 0x3d, 0x00, 0x00, 0xc8, 0x42,
  0x00, 0x00, 0x0c, 0x42, 0xa1, 0x0e, 0xea, 0x40, 0x00, 0x00, 0x00, 0x3f, 0x00, 0x00, 0x00, 0x00,
  0x00, 0x00, 0x00, 0x00, 0x00, 0x00, 0x00, 0x00, 0x00, 0x00, 0x00, 0x00, 0x00, 0x00, 0x00, 0x00,
  0x00, 0x00, 0x00, 0x00, 0x00, 0x00, 0x00, 0x00, 0x00, 0x00, 0x00, 0x00, 0x00, 0x00, 0x00, 0x00,
  0x00, 0x00, 0x00, 0x00, 0x00, 0x00, 0x00, 0x00, 0x00, 0x00, 0x00, 0x00, 0x4c, 0x41, 0x00, 0x00,
  0x80, 0x01, 0x00, 0x00, 0xc8, 0x6d, 0xfb, 0x02, 0x28, 0x00, 0x00, 0x00, 0x01, 0x00, 0x00, 0x00,
  0x00, 0x00, 0x00, 0x00, 0x00, 0x00, 0x00, 0x00, 0x00, 0x00, 0x00, 0x00, 0x00, 0x00, 0x00, 0x00,
  0x4c, 0x41, 0x53, 0x70, 0x6f, 0x74, 0x00, 0x00, 0x00, 0x00, 0x00, 0x00, 0x00, 0x00, 0x00, 0x00,
  0x00, 0x00, 0x00, 0x00, 0x00, 0x00, 0x00, 0x00, 0x01, 0x00, 0x00, 0x00, 0x00, 0x00, 0x00, 0x00,
  0x00, 0x00, 0x00, 0x00, 0x00, 0x00, 0x00, 0x00, 0x00, 0x20, 0x00, 0x00, 0x00, 0x00, 0x00, 0x00,
  0x00, 0x00, 0x80, 0x3f, 0x00, 0x00, 0x80, 0x3f, 0x00, 0x00, 0x80, 0x3f, 0x00, 0x00, 0x80, 0x3f,
  0x00, 0x00, 0x00, 0x00, 0x00, 0x00, 0x00, 0x00, 0x00, 0x00, 0x00, 0x00, 0x00, 0x00, 0x00, 0x00,
  0x00, 0x00, 0x80, 0x3f, 0xf7, 0xff, 0xef, 0x41, 0x00, 0x00, 0x96, 0x42, 0x9a, 0x99, 0x19, 0x3e,
  0x00, 0x00, 0x80, 0x3f, 0x00, 0x00, 0x00, 0x00, 0x00, 0x00, 0x80, 0x3f, 0x58, 0xeb, 0xf7, 0x02,
  0x01, 0x00, 0x00, 0x00, 0x2e, 0x1a, 0x80, 0x3f, 0x19, 0x04, 0xf0, 0x41, 0x00, 0x00, 0x34, 0x42,
  0x00, 0x00, 0x80, 0x3f, 0x00, 0x00, 0x40, 0x40, 0x40, 0x0b, 0x03, 0x00, 0x01, 0x00, 0x00, 0x00,
  0x00, 0x00, 0x01, 0x00, 0x01, 0x00, 0x01, 0x00, 0x00, 0x00, 0x00, 0x00, 0x00, 0x00, 0x80, 0x3f,
  0x00, 0x00, 0x80, 0x3f, 0x00, 0x00, 0x80, 0x3f, 0x6f, 0x12, 0x83, 0x3a, 0x01, 0x00, 0x00, 0x00,
  0x00, 0x00, 0x00, 0x00, 0x00, 0x00, 0x01, 0x00, 0x00, 0x00, 0x80, 0x3f, 0x00, 0x00, 0x80, 0x3f,
  0x00, 0x00, 0x80, 0x3f, 0x00, 0x00, 0x80, 0x3f, 0x00, 0x00, 0x80, 0x3f, 0x00, 0x00, 0x80, 0x3f,
  0x00, 0x00, 0x00, 0x40, 0x00, 0x00, 0x80, 0x3f, 0x00, 0x00, 0x80, 0x3f, 0x00, 0x00, 0x80, 0x3f,
  0x00, 0x00, 0x80, 0x3f, 0x00, 0x00, 0x80, 0x3f, 0x00, 0x00, 0x00, 0x00, 0x00, 0x00, 0x00, 0x00,
  0x00, 0x00, 0x00, 0x00, 0x00, 0x00, 0x00, 0x00, 0x00, 0x00, 0x00, 0x00, 0x00, 0x00, 0x00, 0x00,
  0x00, 0x00, 0x00, 0x00, 0x00, 0x00, 0x00, 0x00, 0x00, 0x00, 0x00, 0x00, 0x00, 0x00, 0x00, 0x00,
  0x00, 0x00, 0x00, 0x00, 0x00, 0x00, 0x00, 0x00, 0x00, 0x00, 0x00, 0x00, 0x00, 0x00, 0x00, 0x00,
  0x00, 0x00, 0x00, 0x00, 0x00, 0x00, 0x00, 0x00, 0x00, 0x00, 0x00, 0x00, 0x00, 0x00, 0x00, 0x00,
  0x00, 0x00, 0x00, 0x00, 0x00, 0x00, 0x00, 0x00, 0x00, 0x00, 0x00, 0x00, 0x00, 0x00, 0x00, 0x00,
  0x00, 0x00, 0x00, 0x00, 0x00, 0x00, 0x00, 0x00, 0x00, 0x00, 0x00, 0x00, 0x00, 0x00, 0x00, 0x00,
  0x00, 0x00, 0x00, 0x00, 0x00, 0x00, 0x00, 0x00, 0x00, 0x00, 0x00, 0x00, 0x00, 0x00, 0x00, 0x00,
  0x00, 0x00, 0x00, 0x00, 0x00, 0x00, 0x00, 0x00, 0x00, 0x00, 0x00, 0x00, 0x00, 0x00, 0x00, 0x00,
  0x44, 0x41, 0x54, 0x41, 0x08, 0x01, 0x00, 0x00, 0x58, 0xeb, 0xf7, 0x02, 0x24, 0x01, 0x00, 0x00,
  0x01, 0x00, 0x00, 0x00, 0x01, 0x00, 0x00, 0x00, 0x00, 0x00, 0x00, 0x00, 0x00, 0x00, 0x00, 0x00,
  0x00, 0x00, 0x80, 0x3f, 0x00, 0x00, 0x00, 0x00, 0x00, 0x00, 0x80, 0x3f, 0x00, 0x00, 0x00, 0x00,
  0x00, 0x00, 0x80, 0x3f, 0x00, 0x00, 0x00, 0x00, 0x00, 0x00, 0x80, 0x3f, 0x02, 0x00, 0x01, 0x00,
  0x00, 0x00, 0x80, 0x43, 0x00, 0x00, 0x00, 0x00, 0x00, 0x00, 0x80, 0x3f, 0xf3, 0x04, 0x35, 0xbf,
  0xf2, 0x04, 0x35, 0x3f, 0xf2, 0x04, 0x35, 0xbf, 0xf3, 0x04, 0x35, 0x3f, 0x88, 0xb4, 0xf0, 0x06,
  0x00, 0x00, 0x00, 0x00, 0x00, 0x00, 0x00, 0x00, 0x00, 0x00, 0x00, 0x00, 0x00, 0x00, 0x00, 0x00,
  0x00, 0x00, 0x00, 0x00, 0x00, 0x00, 0x00, 0x00, 0x00, 0x00, 0x00, 0x00, 0x00, 0x00, 0x00, 0x00,
  0x00, 0x00, 0x00, 0x00, 0x00, 0x00, 0x00, 0x00, 0x00, 0x00, 0x00, 0x00, 0x00, 0x00, 0x00, 0x00,
  0x00, 0x00, 0x00, 0x00, 0x00, 0x00, 0x00, 0x00, 0x00, 0x00, 0x00, 0x00, 0x00, 0x00, 0x00, 0x00,
  0x00, 0x00, 0x00, 0x00, 0x00, 0x00, 0x00, 0x00, 0x00, 0x00, 0x00, 0x00, 0x00, 0x00, 0x00, 0x00,
  0x00, 0x00, 0x00, 0x00, 0x00, 0x00, 0x00, 0x00, 0x00, 0x00, 0x00, 0x00, 0x00, 0x00, 0x00, 0x00,
  0x00, 0x00, 0x00, 0x00, 0x00, 0x00, 0x00, 0x00, 0x00, 0x00, 0x00, 0x00, 0x00, 0x00, 0x00, 0x00,
  0x00, 0x00, 0x00, 0x00, 0x00, 0x00, 0x00, 0x00, 0x00, 0x00, 0x00, 0x00, 0x00, 0x00, 0x00, 0x00,
  0x00, 0x00, 0x00, 0x00, 0x00, 0x00, 0x00, 0x00, 0x00, 0x00, 0x00, 0x00, 0x00, 0x00, 0x00, 0x00,
  0x00, 0x00, 0x00, 0x00, 0x00, 0x00, 0x00, 0x00, 0x00, 0x00, 0x80, 0x3f, 0x00, 0x00, 0x80, 0x3f,
  0x00, 0x00, 0x80, 0x3f, 0x00, 0x00, 0x80, 0x3f, 0x00, 0x00, 0x80, 0x3f, 0x00, 0x00, 0x80, 0x3f,
  0x00, 0x00, 0x00, 0x00, 0x00, 0x00, 0x00, 0x00, 0x00, 0x00, 0x00, 0x00, 0x44, 0x41, 0x54, 0x41,
  0x18, 0x00, 0x00, 0x00, 0x88, 0xb4, 0xf0, 0x06, 0x22, 0x01, 0x00, 0x00, 0x02, 0x00, 0x00, 0x00,
  0x00, 0x00, 0x00, 0x00, 0x00, 0x00, 0x80, 0x3f, 0x00, 0x00, 0x00, 0x00, 0x00, 0x00, 0x80, 0x3f,
  0x00, 0x00, 0x00, 0x00, 0x00, 0x00, 0x00, 0x00, 0x57, 0x4f, 0x00, 0x00, 0x64, 0x01, 0x00, 0x00,
  0x70, 0xc9, 0xf0, 0x06, 0x78, 0x00, 0x00, 0x00, 0x01, 0x00, 0x00, 0x00, 0x00, 0x00, 0x00, 0x00,
  0x00, 0x00, 0x00, 0x00, 0x00, 0x00, 0x00, 0x00, 0x00, 0x00, 0x00, 0x00, 0x57, 0x4f, 0x57, 0x6f,
  0x72, 0x6c, 0x64, 0x00, 0x00, 0x00, 0x00, 0x00, 0x00, 0x00, 0x00, 0x00, 0x00, 0x00, 0x00, 0x00,
  0x00, 0x00, 0x00, 0x00, 0x01, 0x00, 0x00, 0x00, 0x00, 0x00, 0x00, 0x00, 0x00, 0x00, 0x00, 0x00,
  0x00, 0x00, 0x00, 0x00, 0x00, 0x00, 0x00, 0x00, 0x80, 0xae, 0x67, 0x3d, 0x70, 0x1d, 0x62, 0x3e,
  0xcd, 0xcc, 0xcc, 0x3e, 0x00, 0x00, 0x00, 0x00, 0xcd, 0xcc, 0xcc, 0x3d, 0xcd, 0xcc, 0xcc, 0x3d,
  0xcd, 0xcc, 0xcc, 0x3d, 0x00, 0x00, 0x00, 0x00, 0x00, 0x00, 0x00, 0x00, 0x00, 0x00, 0x00, 0x00,
  0x00, 0x00, 0x00, 0x00, 0x00, 0x00, 0x00, 0x00, 0x00, 0x00, 0x00, 0x00, 0x00, 0x00, 0x80, 0x3f,
  0x00, 0x00, 0x00, 0x00, 0x00, 0x00, 0x80, 0x3f, 0x00, 0x00, 0x00, 0x00, 0x00, 0x00, 0x00, 0x00,
  0xcd, 0xcc, 0x1c, 0x41, 0x00, 0x00, 0x00, 0x00, 0x00, 0x00, 0x00, 0x00, 0x05, 0x00, 0x00, 0x00,
  0x00, 0x00, 0x00, 0x00, 0x00, 0x00, 0x00, 0x00, 0x00, 0x00, 0x00, 0x00, 0x00, 0x00, 0x00, 0x00,
  0x00, 0x00, 0x00, 0x00, 0x00, 0x00, 0x00, 0x00, 0x00, 0x00, 0x00, 0x00, 0x00, 0x00, 0x00, 0x00,
  0x00, 0x00, 0x00, 0x40, 0x00, 0x00, 0x00, 0x00, 0x00, 0x00, 0x70, 0x41, 0x00, 0x00, 0x00, 0x00,
  0x00, 0x00, 0x00, 0x00, 0x00, 0x00, 0x00, 0x00, 0x00, 0x00, 0x20, 0x41, 0x00, 0x00, 0x00, 0x00,
  0x00, 0x00, 0x80, 0x3f, 0xcd, 0xcc, 0x4c, 0x3d, 0x00, 0x00, 0x05, 0x00, 0x00, 0x00, 0x00, 0x00,
  0x0a, 0xd7, 0xa3, 0x3b, 0x00, 0x00, 0x00, 0x00, 0x00, 0x00, 0x80, 0x3e, 0x00, 0x00, 0x00, 0x00,
  0x02, 0x00, 0x00, 0x00, 0x00, 0x00, 0x00, 0x00, 0x00, 0x00, 0x00, 0x00, 0x00, 0x00, 0x00, 0x00,
  0x00, 0x00, 0x00, 0x00, 0x00, 0x00, 0x00, 0x00, 0x00, 0x00, 0x00, 0x00, 0x00, 0x00, 0x00, 0x00,
  0x00, 0x00, 0x00, 0x00, 0x00, 0x00, 0x00, 0x00, 0x00, 0x00, 0x00, 0x00, 0x00, 0x00, 0x00, 0x00,
  0x00, 0x00, 0x00, 0x00, 0x00, 0x00, 0x00, 0x00, 0x00, 0x00, 0x00, 0x00, 0x00, 0x00, 0x00, 0x00,
  0x00, 0x00, 0x00, 0x00, 0x00, 0x00, 0x00, 0x00, 0x00, 0x00, 0x00, 0x00, 0x00, 0x00, 0x00, 0x00,
  0x00, 0x00, 0x00, 0x00, 0x00, 0x00, 0x00, 0x00, 0x00, 0x00, 0x00, 0x00, 0x00, 0x00, 0x00, 0x00,
  0x00, 0x00, 0x00, 0x00, 0x00, 0x00, 0x00, 0x00, 0x00, 0x00, 0x00, 0x00, 0x00, 0x00, 0x00, 0x00,
  0x54, 0x58, 0x00, 0x00, 0x78, 0x00, 0x00, 0x00, 0x58, 0x14, 0xf0, 0x06, 0x1c, 0x00, 0x00, 0x00,
  0x01, 0x00, 0x00, 0x00, 0x00, 0x00, 0x00, 0x00, 0x00, 0x00, 0x00, 0x00, 0x00, 0x00, 0x00, 0x00,
  0x00, 0x00, 0x00, 0x00, 0x54, 0x58, 0x54, 0x65, 0x78, 0x74, 0x00, 0x00, 0x00, 0x00, 0x00, 0x00,
  0x00, 0x00, 0x00, 0x00, 0x00, 0x00, 0x00, 0x00, 0x00, 0x00, 0x00, 0x00, 0x01, 0x00, 0x00, 0x00,
  0x00, 0x00, 0x00, 0x00, 0x00, 0x00, 0x00, 0x00, 0x00, 0x00, 0x00, 0x00, 0x07, 0x00, 0x00, 0x00,
  0x01, 0x00, 0x00, 0x00, 0xd0, 0xb4, 0xf0, 0x06, 0xd0, 0xb4, 0xf0, 0x06, 0xd0, 0xb4, 0xf0, 0x06,
  0xd0, 0xb4, 0xf0, 0x06, 0x00, 0x00, 0x00, 0x00, 0x00, 0x00, 0x00, 0x00, 0x00, 0x00, 0x00, 0x00,
  0x00, 0x00, 0x00, 0x00, 0xb0, 0x43, 0xe9, 0x06, 0xff, 0xff, 0xff, 0xff, 0x00, 0x04, 0x00, 0x00,
  0x00, 0x00, 0x00, 0x00, 0x00, 0x00, 0x00, 0x00, 0x00, 0x00, 0x00, 0x00, 0x44, 0x41, 0x54, 0x41,
  0x18, 0x00, 0x00, 0x00, 0xd0, 0xb4, 0xf0, 0x06, 0x1a, 0x00, 0x00, 0x00, 0x01, 0x00, 0x00, 0x00,
  0x00, 0x00, 0x00, 0x00, 0x00, 0x00, 0x00, 0x00, 0x48, 0xc5, 0xf7, 0x02, 0x00, 0x00, 0x00, 0x00,
  0x00, 0x00, 0x00, 0x00, 0x45, 0x45, 0x52, 0x46, 0x44, 0x41, 0x54, 0x41, 0x04, 0x00, 0x00, 0x00,
  0x48, 0xc5, 0xf7, 0x02, 0x00, 0x00, 0x00, 0x00, 0x01, 0x00, 0x00, 0x00, 0x00, 0x00, 0x01, 0x00,
  0x4f, 0x42, 0x00, 0x00, 0x48, 0x03, 0x00, 0x00, 0x28, 0x45, 0x01, 0x03, 0x70, 0x00, 0x00, 0x00,
  0x01, 0x00, 0x00, 0x00, 0xb0, 0x48, 0x01, 0x03, 0x00, 0x00, 0x00, 0x00, 0x00, 0x00, 0x00, 0x00,
  0x00, 0x00, 0x00, 0x00, 0x4f, 0x42, 0x43, 0x61, 0x6d, 0x65, 0x72, 0x61, 0x00, 0x61, 0x6d, 0x65,
  0x72, 0x61, 0x2e, 0x30, 0x30, 0x31, 0x00, 0x00, 0x00, 0x00, 0x00, 0x00, 0x01, 0x00, 0x00, 0x04,
  0x00, 0x00, 0x00, 0x00, 0x00, 0x00, 0x00, 0x00, 0x0b, 0x00, 0x00, 0x00, 0x00, 0x00, 0x00, 0x00,
  0x00, 0x00, 0x00, 0x00, 0x00, 0x00, 0x00, 0x00, 0x00, 0x00, 0x00, 0x00, 0x00, 0x00, 0x00, 0x00,
  0x00, 0x00, 0x00, 0x00, 0x00, 0x00, 0x00, 0x00, 0x00, 0x00, 0x00, 0x00, 0x00, 0x00, 0x00, 0x00,
  0x00, 0x00, 0x00, 0x00, 0x00, 0x00, 0x00, 0x00, 0x00, 0x00, 0x00, 0x00, 0x00, 0x00, 0x00, 0x00,
  0x00, 0x00, 0x00, 0x00, 0x00, 0x00, 0x00, 0x00, 0x00, 0x00, 0x00, 0x00, 0x00, 0x00, 0x00, 0x00,
  0x00, 0x00, 0x00, 0x00, 0x00, 0x00, 0x00, 0x00, 0x00, 0x00, 0x00, 0x00, 0x00, 0x00, 0x00, 0x00,
  0x00, 0x00, 0x00, 0x00, 0xb8, 0xc8, 0xf0, 0x06, 0x00, 0x00, 0x00, 0x00, 0x00, 0x00, 0x00, 0x00,
  0x00, 0x00, 0x00, 0x00, 0x00, 0x00, 0x00, 0x00, 0x00, 0x00, 0x00, 0x00, 0x00, 0x00, 0x00, 0x00,
  0x00, 0x00, 0x00, 0x00, 0x00, 0x00, 0x00, 0x00, 0x00, 0x00, 0x00, 0x00, 0x00, 0x00, 0x00, 0x00,
  0x00, 0x00, 0x00, 0x00, 0x6e, 0x65, 0xef, 0x40, 0x96, 0x3e, 0xd0, 0xc0, 0x4e, 0xff, 0xaa, 0x40,
  0x00, 0x00, 0x00, 0x00, 0x00, 0x00, 0x00, 0x00, 0x00, 0x00, 0x00, 0x00, 0x00, 0x00, 0x00, 0x00,
  0x00, 0x00, 0x00, 0x00, 0x00, 0x00, 0x00, 0x00, 0x00, 0x00, 0x80, 0x3f, 0x00, 0x00, 0x80, 0x3f,
  0x00, 0x00, 0x80, 0x3f, 0x00, 0x00, 0x00, 0x00, 0x00, 0x00, 0x00, 0x00, 0x00, 0x00, 0x00, 0x00,
  0x2a, 0xfe, 0x8d, 0x3f, 0xc0, 0x39, 0x31, 0x3c, 0x22, 0x9f, 0x50, 0x3f, 0x00, 0x00, 0x00, 0x00,
  0x00, 0x00, 0x00, 0x00, 0x00, 0x00, 0x00, 0x00, 0xde, 0x95, 0x2f, 0x3f, 0x35, 0x46, 0x3a, 0x3f,
  0xde, 0x38, 0x31, 0xbc, 0x00, 0x00, 0x00, 0x00, 0x56, 0x7e, 0xa2, 0xbe, 0xe3, 0xfb, 0x9f, 0x3e,
  0x37, 0x35, 0x65, 0x3f, 0x00, 0x00, 0x00, 0x00, 0x07, 0xa5, 0x27, 0x3f, 0x95, 0x54, 0x1c, 0xbf,
  0x33, 0xf7, 0xe3, 0x3e, 0x00, 0x00, 0x00, 0x00, 0x6e, 0x65, 0xef, 0x40, 0x96, 0x3e, 0xd0, 0xc0,
  0x4e, 0xff, 0xaa, 0x40, 0x00, 0x00, 0x80, 0x3f, 0x00, 0x00, 0x80, 0x3f, 0x00, 0x00, 0x00, 0x00,
  0x00, 0x00, 0x00, 0x00, 0x00, 0x00, 0x00, 0x00, 0x00, 0x00, 0x00, 0x00, 0x00, 0x00, 0x80, 0x3f,
  0x00, 0x00, 0x00, 0x00, 0x00, 0x00, 0x00, 0x00, 0x00, 0x00, 0x00, 0x00, 0x00, 0x00, 0x00, 0x00,
  0x00, 0x00, 0x80, 0x3f, 0x00, 0x00, 0x00, 0x00, 0x00, 0x00, 0x00, 0x00, 0x00, 0x00, 0x00, 0x00,
  0x00, 0x00, 0x00, 0x00, 0x00, 0x00, 0x80, 0x3f, 0x00, 0x00, 0x80, 0x3f, 0x7d, 0x67, 0x85, 0x33,
  0xb0, 0xdb, 0xc2, 0xb2, 0x00, 0x00, 0x00, 0x00, 0xbe, 0x20, 0x42, 0x33, 0x01, 0x00, 0x80, 0x3f,
  0xa8, 0xc8, 0x99, 0x33, 0x00, 0x00, 0x00, 0x00, 0x20, 0xce, 0x12, 0xb3, 0x7e, 0x7e, 0x95, 0x32,
  0x01, 0x00, 0x80, 0x3f, 0x00, 0x00, 0x00, 0x00, 0xf1, 0xfb, 0x85, 0x34, 0xac, 0xb6, 0x1b, 0xb4,
  0xae, 0xec, 0xfc, 0x33, 0x00, 0x00, 0x80, 0x3f, 0x00, 0x00, 0x80, 0x3f, 0x9d, 0xbe, 0xd7, 0x31,
  0xa7, 0xaa, 0x04, 0x34, 0x00, 0x00, 0x00, 0x80, 0x81, 0x74, 0x9d, 0xb2, 0x01, 0x00, 0x80, 0x3f,
  0x21, 0x45, 0x0f, 0x33, 0x00, 0x00, 0x00, 0x80, 0x49, 0xfe, 0x43, 0x33, 0xf3, 0x61, 0x6a, 0x31,
  0x00, 0x00, 0x80, 0x3f, 0x00, 0x00, 0x00, 0x80, 0x03, 0x00, 0x40, 0x34, 0xb7, 0xa4, 0x9d, 0x27,
  0x00, 0x00, 0x80, 0x35, 0x00, 0x00, 0x80, 0x3f, 0x01, 0x00, 0x00, 0x00, 0x00, 0x04, 0x00, 0x00,
  0x00, 0x00, 0x00, 0x00, 0x05, 0x00, 0x01, 0x00, 0x00, 0x00, 0x00, 0x00, 0x4f, 0x42, 0x00, 0x00,
  0x00, 0x00, 0x00, 0x00, 0x01, 0x00, 0x00, 0x00, 0x00, 0x00, 0x00, 0x00, 0x01, 0x00, 0x00, 0x00,
  0x64, 0x00, 0x00, 0x00, 0x00, 0x00, 0x00, 0x00, 0x38, 0xb4, 0x96, 0xc9, 0x00, 0x00, 0x80, 0x3f,
  0x06, 0x29, 0x64, 0x3f, 0x00, 0x00, 0x80, 0x3f, 0xcd, 0xcc, 0xcc, 0x3e, 0x06, 0x29, 0x64, 0x3f,
  0x00, 0x00, 0x00, 0x00, 0x8f, 0xc2, 0x75, 0x3d, 0x00, 0x00, 0x00, 0x00, 0x02, 0x00, 0x00, 0x00,
  0x01, 0x00, 0x00, 0x00, 0x00, 0x00, 0x80, 0x3f, 0x00, 0x00, 0x80, 0x3f, 0x00, 0x00, 0x00, 0x00,
  0x00, 0x00, 0x00, 0x00, 0x00, 0x00, 0x00, 0x00, 0x00, 0x00, 0x00, 0x00, 0x00, 0x00, 0x00, 0x00,
  0x00, 0x00, 0x00, 0x00, 0x00, 0x00, 0x00, 0x00, 0x00, 0x00, 0x00, 0x00, 0x00, 0x00, 0x00, 0x00,
  0x00, 0x00, 0x00, 0x00, 0x00, 0x00, 0x00, 0x00, 0x00, 0x00, 0x00, 0x00, 0x00, 0x00, 0x00, 0x00,
  0x00, 0x00, 0x00, 0x00, 0x00, 0x00, 0x00, 0x00, 0x00, 0x00, 0x00, 0x00, 0x00, 0x00, 0x00, 0x00,
  0x00, 0x00, 0x00, 0x00, 0x00, 0x00, 0x00, 0x00, 0x00, 0x00, 0x00, 0x00, 0x00, 0x00, 0x01, 0x00,
  0x00, 0x00, 0x00, 0x00, 0x00, 0x00, 0x00, 0x00, 0x00, 0x00, 0x00, 0x00, 0x00, 0x00, 0x80, 0x3f,
  0x00, 0x00, 0x80, 0x3f, 0x00, 0x00, 0x80, 0x3f, 0x00, 0x00, 0x00, 0x00, 0x00, 0x00, 0x00, 0x00,
  0x00, 0x00, 0x00, 0x00, 0x00, 0x00, 0x00, 0x00, 0x00, 0x00, 0x00, 0x00, 0x00, 0x00, 0x00, 0x00,
  0x00, 0x00, 0x00, 0x00, 0x00, 0x00, 0x00, 0x00, 0x00, 0x00, 0x00, 0x00, 0x00, 0x00, 0x00, 0x00,
  0x00, 0x00, 0x00, 0x00, 0x00, 0x00, 0x00, 0x00, 0x00, 0x00, 0x00, 0x00, 0x00, 0x00, 0x00, 0x00,
  0x00, 0x00, 0x00, 0x00, 0x00, 0x00, 0x00, 0x00, 0x00, 0x00, 0x00, 0x00, 0x00, 0x00, 0x00, 0x00,
  0x00, 0x00, 0x00, 0x00, 0x01, 0x00, 0x00, 0x00, 0x00, 0x00, 0x00, 0x00, 0x00, 0x00, 0x00, 0x00,
  0x00, 0x00, 0x00, 0x00, 0x00, 0x00, 0x00, 0x00, 0x00, 0x00, 0x00, 0x00, 0x4f, 0x42, 0x00, 0x00,
  0x48, 0x03, 0x00, 0x00, 0xb0, 0x48, 0x01, 0x03, 0x70, 0x00, 0x00, 0x00, 0x01, 0x00, 0x00, 0x00,
  0x38, 0x4c, 0x01, 0x03, 0x28, 0x45, 0x01, 0x03, 0x00, 0x00, 0x00, 0x00, 0x00, 0x00, 0x00, 0x00,
  0x4f, 0x42, 0x43, 0x75, 0x62, 0x65, 0x00, 0x70, 0x68, 0x65, 0x72, 0x65, 0x00, 0x00, 0x00, 0x00,
  0x00, 0x00, 0x00, 0x00, 0x00, 0x00, 0x00, 0x00, 0x01, 0x00, 0x00, 0x04, 0x00, 0x00, 0x00, 0x00,
  0x00, 0x00, 0x00, 0x00, 0x01, 0x00, 0x00, 0x00, 0x00, 0x00, 0x00, 0x00, 0x00, 0x00, 0x00, 0x00,
  0x00, 0x00, 0x00, 0x00, 0x00, 0x00, 0x00, 0x00, 0x00, 0x00, 0x00, 0x00, 0x00, 0x00, 0x00, 0x00,
  0x00, 0x00, 0x00, 0x00, 0x00, 0x00, 0x00, 0x00, 0x00, 0x00, 0x00, 0x00, 0x00, 0x00, 0x00, 0x00,
  0x00, 0x00, 0x00, 0x00, 0x00, 0x00, 0x00, 0x00, 0x00, 0x00, 0x00, 0x00, 0x00, 0x00, 0x00, 0x00,
  0x00, 0x00, 0x00, 0x00, 0x00, 0x00, 0x00, 0x00, 0x00, 0x00, 0x00, 0x00, 0x00, 0x00, 0x00, 0x00,
  0x28, 0x3f, 0xfb, 0x02, 0x00, 0x00, 0x00, 0x00, 0x00, 0x00, 0x00, 0x00, 0x00, 0x00, 0x00, 0x00,
  0x60, 0xce, 0xf0, 0x06, 0x00, 0x00, 0x00, 0x00, 0x00, 0x00, 0x00, 0x00, 0x00, 0x00, 0x00, 0x00,
  0x00, 0x00, 0x00, 0x00, 0x00, 0x00, 0x00, 0x00, 0x00, 0x00, 0x00, 0x00, 0x00, 0x00, 0x00, 0x00,
  0x00, 0x00, 0x00, 0x00, 0x00, 0x00, 0x00, 0x00, 0x00, 0x00, 0x00, 0x00, 0xb8, 0xc5, 0xf7, 0x02,
  0x00, 0x00, 0x00, 0x00, 0x00, 0x00, 0x00, 0x00, 0x00, 0x00, 0x00, 0x00, 0x00, 0x00, 0x00, 0x00,
  0x00, 0x00, 0x00, 0x00, 0x00, 0x00, 0x00, 0x00, 0x00, 0x00, 0x00, 0x00, 0x00, 0x00, 0x00, 0x00,
  0x00, 0x00, 0x00, 0x00, 0x00, 0x00, 0x80, 0x3f, 0x00, 0x00, 0x80, 0x3f, 0x00, 0x00, 0x80, 0x3f,
  0x00, 0x00, 0x00, 0x00, 0x00, 0x00, 0x00, 0x00, 0x00, 0x00, 0x00, 0x00, 0x00, 0x00, 0x00, 0x00,
  0x00, 0x00, 0x00, 0x80, 0x00, 0x00, 0x00, 0x00, 0x00, 0x00, 0x00, 0x00, 0x00, 0x00, 0x00, 0x00,
  0x00, 0x00, 0x00, 0x00, 0x00, 0x00, 0x80, 0x3f, 0x00, 0x00, 0x00, 0x00, 0x00, 0x00, 0x00, 0x00,
  0x00, 0x00, 0x00, 0x00, 0x00, 0x00, 0x00, 0x00, 0x00, 0x00, 0x80, 0x3f, 0x00, 0x00, 0x00, 0x00,
  0x00, 0x00, 0x00, 0x00, 0x00, 0x00, 0x00, 0x00, 0x00, 0x00, 0x00, 0x00, 0x00, 0x00, 0x80, 0x3f,
  0x00, 0x00, 0x00, 0x00, 0x00, 0x00, 0x00, 0x00, 0x00, 0x00, 0x00, 0x00, 0x00, 0x00, 0x00, 0x00,
  0x00, 0x00, 0x80, 0x3f, 0x00, 0x00, 0x80, 0x3f, 0x00, 0x00, 0x00, 0x00, 0x00, 0x00, 0x00, 0x00,
  0x00, 0x00, 0x00, 0x00, 0x00, 0x00, 0x00, 0x00, 0x00, 0x00, 0x80, 0x3f, 0x00, 0x00, 0x00, 0x00,
  0x00, 0x00, 0x00, 0x00, 0x00, 0x00, 0x00, 0x00, 0x00, 0x00, 0x00, 0x00, 0x00, 0x00, 0x80, 0x3f,
  0x00, 0x00, 0x00, 0x00, 0x00, 0x00, 0x00, 0x00, 0x00, 0x00, 0x00, 0x00, 0x00, 0x00, 0x00, 0x00,
  0x00, 0x00, 0x80, 0x3f, 0x00, 0x00, 0x80, 0x3f, 0x00, 0x00, 0x00, 0x00, 0x00, 0x00, 0x00, 0x00,
  0x00, 0x00, 0x00, 0x00, 0x00, 0x00, 0x00, 0x00, 0x00, 0x00, 0x80, 0x3f, 0x00, 0x00, 0x00, 0x00,
  0x00, 0x00, 0x00, 0x00, 0x00, 0x00, 0x00, 0x00, 0x00, 0x00, 0x00, 0x00, 0x00, 0x00, 0x80, 0x3f,
  0x00, 0x00, 0x00, 0x00, 0x00, 0x00, 0x00, 0x00, 0x00, 0x00, 0x00, 0x00, 0x00, 0x00, 0x00, 0x00,
  0x00, 0x00, 0x80, 0x3f, 0xde, 0x95, 0x2f, 0x3f, 0x34, 0x46, 0x3a, 0x3f, 0xb3, 0x38, 0x31, 0xbc,
  0x00, 0x00, 0x00, 0x80, 0x56, 0x7e, 0xa2, 0xbe, 0xe3, 0xfb, 0x9f, 0x3e, 0x38, 0x35, 0x65, 0x3f,
  0x00, 0x00, 0x00, 0x80, 0x07, 0xa5, 0x27, 0x3f, 0x95, 0x54, 0x1c, 0xbf, 0x32, 0xf7, 0xe3, 0x3e,
  0x00, 0x00, 0x00, 0x80, 0x6e, 0x65, 0xef, 0x40, 0x97, 0x3e, 0xd0, 0xc0, 0x4d, 0xff, 0xaa, 0x40,
  0x00, 0x00, 0x80, 0x3f, 0x01, 0x00, 0x00, 0x00, 0x01, 0x00, 0x00, 0x00, 0x00, 0x00, 0x44, 0x00,
  0x01, 0x00, 0x02, 0x00, 0x00, 0x00, 0x00, 0x00, 0x4f, 0x42, 0x00, 0x00, 0x00, 0x00, 0x00, 0x00,
  0x01, 0x00, 0x00, 0x00, 0x00, 0x00, 0x00, 0x00, 0x01, 0x00, 0x00, 0x00, 0x64, 0x00, 0x00, 0x00,
  0x00, 0x00, 0x00, 0x00, 0x38, 0xb4, 0x96, 0xc9, 0x00, 0x00, 0x80, 0x3f, 0x0a, 0xd7, 0x23, 0x3d,
  0x00, 0x00, 0x80, 0x3f, 0xcd, 0xcc, 0xcc, 0x3e, 0xcd, 0xcc, 0xcc, 0x3d, 0x00, 0x00, 0x00, 0x00,
  0x8f, 0xc2, 0x75, 0x3d, 0x00, 0x00, 0x00, 0x00, 0x04, 0x00, 0x01, 0x01, 0x01, 0x00, 0x00, 0x00,
  0x00, 0x00, 0x80, 0x3f, 0x00, 0x00, 0x80, 0x3f, 0x00, 0x00, 0x00, 0x00, 0x00, 0x00, 0x00, 0x00,
  0x00, 0x00, 0x00, 0x00, 0x00, 0x00, 0x00, 0x00, 0x00, 0x00, 0x00, 0x00, 0x00, 0x00, 0x00, 0x00,
  0x00, 0x00, 0x00, 0x00, 0x00, 0x00, 0x00, 0x00, 0x00, 0x00, 0x00, 0x00, 0x00, 0x00, 0x00, 0x00,
  0x00, 0x00, 0x00, 0x00, 0x00, 0x00, 0x00, 0x00, 0x00, 0x00, 0x00, 0x00, 0x00, 0x00, 0x00, 0x00,
  0x00, 0x00, 0x00, 0x00, 0x00, 0x00, 0x00, 0x00, 0x00, 0x00, 0x00, 0x00, 0x00, 0x00, 0x00, 0x00,
  0x00, 0x00, 0x00, 0x00, 0x00, 0x00, 0x80, 0x3f, 0x00, 0x40, 0x01, 0x00, 0x00, 0x00, 0x00, 0x00,
  0x00, 0x00, 0x00, 0x00, 0x00, 0x00, 0x00, 0x00, 0x00, 0x00, 0x80, 0x3f, 0x00, 0x00, 0x80, 0x3f,
  0x00, 0x00, 0x80, 0x3f, 0x00, 0x00, 0x00, 0x00, 0x00, 0x00, 0x00, 0x00, 0x00, 0x00, 0x00, 0x00,
  0x00, 0x00, 0x00, 0x00, 0x00, 0x00, 0x00, 0x00, 0x00, 0x00, 0x00, 0x00, 0x00, 0x00, 0x00, 0x00,
  0x00, 0x00, 0x00, 0x00, 0x00, 0x00, 0x00, 0x00, 0x00, 0x00, 0x00, 0x00, 0x00, 0x00, 0x00, 0x00,
  0x00, 0x00, 0x00, 0x00, 0x00, 0x00, 0x00, 0x00, 0x00, 0x00, 0x00, 0x00, 0x00, 0x00, 0x00, 0x00,
  0x00, 0x00, 0x00, 0x00, 0x30, 0x6e, 0xf7, 0x02, 0x78, 0x6f, 0xf7, 0x02, 0x19, 0x00, 0x00, 0x00,
  0x01, 0x00, 0x00, 0x00, 0x00, 0x00, 0x00, 0x00, 0x00, 0x00, 0x00, 0x00, 0x00, 0x00, 0x00, 0x00,
  0x00, 0x00, 0x00, 0x00, 0x00, 0x00, 0x00, 0x00, 0x44, 0x41, 0x54, 0x41, 0x04, 0x00, 0x00, 0x00,
  0xb8, 0xc5, 0xf7, 0x02, 0x00, 0x00, 0x00, 0x00, 0x01, 0x00, 0x00, 0x00, 0x00, 0x00, 0x00, 0x00,
  0x4f, 0x42, 0x00, 0x00, 0x48, 0x03, 0x00, 0x00, 0x38, 0x4c, 0x01, 0x03, 0x70, 0x00, 0x00, 0x00,
  0x01, 0x00, 0x00, 0x00, 0x00, 0x00, 0x00, 0x00, 0xb0, 0x48, 0x01, 0x03, 0x00, 0x00, 0x00, 0x00,
  0x00, 0x00, 0x00, 0x00, 0x4f, 0x42, 0x4c, 0x61, 0x6d, 0x70, 0x00, 0x00, 0x00, 0x00, 0x00, 0x00,
  0x00, 0x00, 0x00, 0x00, 0x00, 0x00, 0x00, 0x00, 0x00, 0x00, 0x00, 0x00, 0x01, 0x00, 0x00, 0x04,
  0x00, 0x00, 0x00, 0x00, 0x00, 0x00, 0x00, 0x00, 0x0a, 0x00, 0x00, 0x00, 0x00, 0x00, 0x00, 0x00,
  0x00, 0x00, 0x00, 0x00, 0x00, 0x00, 0x00, 0x00, 0x00, 0x00, 0x00, 0x00, 0x00, 0x00, 0x00, 0x00,
  0x00, 0x00, 0x00, 0x00, 0x00, 0x00, 0x00, 0x00, 0x00, 0x00, 0x00, 0x00, 0x00, 0x00, 0x00, 0x00,
  0x00, 0x00, 0x00, 0x00, 0x00, 0x00, 0x00, 0x00, 0x00, 0x00, 0x00, 0x00, 0x00, 0x00, 0x00, 0x00,
  0x00, 0x00, 0x00, 0x00, 0x00, 0x00, 0x00, 0x00, 0x00, 0x00, 0x00, 0x00, 0x00, 0x00, 0x00, 0x00,
  0x00, 0x00, 0x00, 0x00, 0x00, 0x00, 0x00, 0x00, 0x00, 0x00, 0x00, 0x00, 0x00, 0x00, 0x00, 0x00,
  0x00, 0x00, 0x00, 0x00, 0xc8, 0x6d, 0xfb, 0x02, 0x00, 0x00, 0x00, 0x00, 0x00, 0x00, 0x00, 0x00,
  0x00, 0x00, 0x00, 0x00, 0x00, 0x00, 0x00, 0x00, 0x00, 0x00, 0x00, 0x00, 0x00, 0x00, 0x00, 0x00,
  0x00, 0x00, 0x00, 0x00, 0x00, 0x00, 0x00, 0x00, 0x00, 0x00, 0x00, 0x00, 0x00, 0x00, 0x00, 0x00,
  0x00, 0x00, 0x00, 0x00, 0x9a, 0x70, 0x82, 0x40, 0xb7, 0xb2, 0x80, 0x3f, 0x70, 0xec, 0xbc, 0x40,
  0x00, 0x00, 0x00, 0x00, 0x00, 0x00, 0x00, 0x00, 0x00, 0x00, 0x00, 0x00, 0x00, 0x00, 0x00, 0x00,
  0x00, 0x00, 0x00, 0x00, 0x00, 0x00, 0x00, 0x00, 0x00, 0x00, 0x80, 0x3f, 0x00, 0x00, 0x80, 0x3f,
  0x00, 0x00, 0x80, 0x3f, 0x00, 0x00, 0x00, 0x00, 0x00, 0x00, 0x00, 0x00, 0x00, 0x00, 0x00, 0x00,
  0xe5, 0x7b, 0x26, 0x3f, 0x57, 0x2b, 0x62, 0x3d, 0xe5, 0xe5, 0xee, 0x3f, 0x00, 0x00, 0x00, 0x00,
  0x00, 0x00, 0x00, 0x00, 0x00, 0x00, 0x00, 0x00, 0x36, 0xec, 0x94, 0xbe, 0x19, 0x86, 0x74, 0x3f,
  0xec, 0x0d, 0x62, 0xbd, 0x00, 0x00, 0x00, 0x00, 0xdd, 0x66, 0x45, 0xbf, 0x39, 0xae, 0x4c, 0xbe,
  0x22, 0xc2, 0x1a, 0x3f, 0x00, 0x00, 0x00, 0x00, 0x25, 0xff, 0x10, 0x3f, 0xf1, 0xa1, 0x5f, 0x3e,
  0xa4, 0x6f, 0x4b, 0x3f, 0x00, 0x00, 0x00, 0x00, 0x9a, 0x70, 0x82, 0x40, 0xb7, 0xb2, 0x80, 0x3f,
  0x70, 0xec, 0xbc, 0x40, 0x00, 0x00, 0x80, 0x3f, 0x00, 0x00, 0x80, 0x3f, 0x00, 0x00, 0x00, 0x00,
  0x00, 0x00, 0x00, 0x00, 0x00, 0x00, 0x00, 0x00, 0x00, 0x00, 0x00, 0x00, 0x00, 0x00, 0x80, 0x3f,
  0x00, 0x00, 0x00, 0x00, 0x00, 0x00, 0x00, 0x00, 0x00, 0x00, 0x00, 0x00, 0x00, 0x00, 0x00, 0x00,
  0x00, 0x00, 0x80, 0x3f, 0x00, 0x00, 0x00, 0x00, 0x00, 0x00, 0x00, 0x00, 0x00, 0x00, 0x00, 0x00,
  0x00, 0x00, 0x00, 0x00, 0x00, 0x00, 0x80, 0x3f, 0x00, 0x00, 0x80, 0x3f, 0x23, 0xe9, 0x86, 0x31,
  0xfb, 0x6e, 0x11, 0xb3, 0x00, 0x00, 0x00, 0x00, 0x31, 0x9e, 0x8d, 0x32, 0x01, 0x00, 0x80, 0x3f,
  0x7e, 0xd6, 0xed, 0x32, 0x00, 0x00, 0x00, 0x00, 0x9b, 0xf8, 0x1c, 0xb2, 0xc7, 0x8b, 0x60, 0xb1,
  0xfe, 0xff, 0x7f, 0x3f, 0x00, 0x00, 0x00, 0x00, 0x50, 0x88, 0x9f, 0xb2, 0xc0, 0x04, 0x9e, 0xb2,
  0xd1, 0x72, 0x8f, 0xb3, 0x00, 0x00, 0x80, 0x3f, 0x35, 0xec, 0x94, 0xbe, 0xde, 0x66, 0x45, 0xbf,
  0x25, 0xff, 0x10, 0x3f, 0x00, 0x00, 0x00, 0x80, 0x18, 0x86, 0x74, 0x3f, 0x39, 0xae, 0x4c, 0xbe,
  0xf0, 0xa1, 0x5f, 0x3e, 0x00, 0x00, 0x00, 0x80, 0xeb, 0x0d, 0x62, 0xbd, 0x22, 0xc2, 0x1a, 0x3f,
  0xa6, 0x6f, 0x4b, 0x3f, 0x00, 0x00, 0x00, 0x80, 0xd0, 0x13, 0x0d, 0x3f, 0xea, 0x41, 0x66, 0xbe,
  0x0a, 0x0a, 0xe7, 0xc0, 0x00, 0x00, 0x80, 0x3f, 0x01, 0x00, 0x00, 0x00, 0x00, 0x04, 0x00, 0x00,
  0x00, 0x00, 0x44, 0x00, 0x05, 0x00, 0x01, 0x00, 0x00, 0x00, 0x00, 0x00, 0x4f, 0x42, 0x00, 0x00,
  0x00, 0x00, 0x00, 0x00, 0x01, 0x00, 0x00, 0x00, 0x00, 0x00, 0x00, 0x00, 0x01, 0x00, 0x00, 0x00,
  0x64, 0x00, 0x00, 0x00, 0x00, 0x00, 0x00, 0x00, 0x38, 0xb4, 0x96, 0xc9, 0x00, 0x00, 0x80, 0x3f,
  0x0a, 0xd7, 0x23, 0x3d, 0x00, 0x00, 0x80, 0x3f, 0xcd, 0xcc, 0xcc, 0x3e, 0xcd, 0xcc, 0xcc, 0x3d,
  0x00, 0x00, 0x00, 0x00, 0x8f, 0xc2, 0x75, 0x3d, 0x00, 0x00, 0x00, 0x00, 0x04, 0x00, 0x00, 0x00,
  0x01, 0x00, 0x00, 0x00, 0x00, 0x00, 0x80, 0x3f, 0x00, 0x00, 0x80, 0x3f, 0x00, 0x00, 0x00, 0x00,
  0x00, 0x00, 0x00, 0x00, 0x00, 0x00, 0x00, 0x00, 0x00, 0x00, 0x00, 0x00, 0x00, 0x00, 0x00, 0x00,
  0x00, 0x00, 0x00, 0x00, 0x00, 0x00, 0x00, 0x00, 0x00, 0x00, 0x00, 0x00, 0x00, 0x00, 0x00, 0x00,
  0x00, 0x00, 0x00, 0x00, 0x00, 0x00, 0x00, 0x00, 0x00, 0x00, 0x00, 0x00, 0x00, 0x00, 0x00, 0x00,
  0x00, 0x00, 0x00, 0x00, 0x00, 0x00, 0x00, 0x00, 0x00, 0x00, 0x00, 0x00, 0x00, 0x00, 0x00, 0x00,
  0x00, 0x00, 0x00, 0x00, 0x00, 0x00, 0x00, 0x00, 0x00, 0x00, 0x00, 0x00, 0x00, 0x40, 0x01, 0x00,
  0x00, 0x00, 0x00, 0x00, 0x00, 0x00, 0x00, 0x00, 0x00, 0x00, 0x00, 0x00, 0x00, 0x00, 0x80, 0x3f,
  0x00, 0x00, 0x80, 0x3f, 0x00, 0x00, 0x80, 0x3f, 0x00, 0x00, 0x00, 0x00, 0x00, 0x00, 0x00, 0x00,
  0x00, 0x00, 0x00, 0x00, 0x00, 0x00, 0x00, 0x00, 0x00, 0x00, 0x00, 0x00, 0x00, 0x00, 0x00, 0x00,
  0x00, 0x00, 0x00, 0x00, 0x00, 0x00, 0x00, 0x00, 0x00, 0x00, 0x00, 0x00, 0x00, 0x00, 0x00, 0x00,
  0x00, 0x00, 0x00, 0x00, 0x00, 0x00, 0x00, 0x00, 0x00, 0x00, 0x00, 0x00, 0x00, 0x00, 0x00, 0x00,
  0x00, 0x00, 0x00, 0x00, 0x00, 0x00, 0x00, 0x00, 0x00, 0x00, 0x00, 0x00, 0x00, 0x00, 0x00, 0x00,
  0x00, 0x00, 0x00, 0x00, 0x01, 0x00, 0x00, 0x00, 0x00, 0x00, 0x00, 0x00, 0x00, 0x00, 0x00, 0x00,
  0x00, 0x00, 0x00, 0x00, 0x00, 0x00, 0x00, 0x00, 0x00, 0x00, 0x00, 0x00, 0x4d, 0x41, 0x00, 0x00,
  0x6c, 0x02, 0x00, 0x00, 0x08, 0xcb, 0xf0, 0x06, 0x2a, 0x00, 0x00, 0x00, 0x01, 0x00, 0x00, 0x00,
  0x00, 0x00, 0x00, 0x00, 0x00, 0x00, 0x00, 0x00, 0x00, 0x00, 0x00, 0x00, 0x00, 0x00, 0x00, 0x00,
  0x4d, 0x41, 0x4d, 0x61, 0x74, 0x65, 0x72, 0x69, 0x61, 0x6c, 0x00, 0x00, 0x00, 0x00, 0x00, 0x00,
  0x00, 0x00, 0x00, 0x00, 0x00, 0x00, 0x00, 0x00, 0x01, 0x00, 0x00, 0x00, 0x00, 0x00, 0x00, 0x00,
  0x00, 0x00, 0x00, 0x00, 0x00, 0x00, 0x00, 0x00, 0xcd, 0xcc, 0x4c, 0x3f, 0xcd, 0xcc, 0x4c, 0x3f,
  0xcd, 0xcc, 0x4c, 0x3f, 0x00, 0x00, 0x80, 0x3f, 0x00, 0x00, 0x80, 0x3f, 0x00, 0x00, 0x80, 0x3f,
  0x00, 0x00, 0x80, 0x3f, 0x00, 0x00, 0x80, 0x3f, 0x00, 0x00, 0x80, 0x3f, 0x00, 0x00, 0x00, 0x00,
  0x00, 0x00, 0x00, 0x00, 0x00, 0x00, 0x00, 0x00, 0x00, 0x00, 0x00, 0x3f, 0x00, 0x00, 0x00, 0x00,
  0x00, 0x00, 0x80, 0x3f, 0x00, 0x00, 0x80, 0x3f, 0x00, 0x00, 0x00, 0x00, 0x00, 0x00, 0x80, 0x3f,
  0xcd, 0xcc, 0x4c, 0x3f, 0x00, 0x00, 0x00, 0x3f, 0x00, 0x00, 0x00, 0x00, 0x00, 0x00, 0x00, 0x00,
  0x00, 0x00, 0x00, 0x00, 0x00, 0x00, 0x00, 0x00, 0x00, 0x00, 0xa0, 0x3f, 0x00, 0x00, 0x00, 0x00,
  0x00, 0x00, 0xa0, 0x3f, 0x00, 0x00, 0x00, 0x00, 0x00, 0x00, 0x00, 0x00, 0x00, 0x00, 0x80, 0x3f,
  0x02, 0x00, 0x02, 0x00, 0x32, 0x00, 0x00, 0x06, 0x00, 0x00, 0x80, 0x3f, 0x00, 0x00, 0x80, 0x3f,
  0x12, 0x00, 0x12, 0x00, 0x0a, 0xd7, 0xa3, 0x3b, 0x0a, 0xd7, 0xa3, 0x3b, 0x00, 0x00, 0x80, 0x3f,
  0x00, 0x00, 0x00, 0x00, 0x00, 0x00, 0x00, 0x00, 0x03, 0x00, 0x01, 0x03, 0x00, 0x00, 0x00, 0x00,
  0x01, 0x00, 0x04, 0x00, 0x0c, 0x00, 0x04, 0x00, 0x00, 0x00, 0x00, 0x3f, 0x00, 0x00, 0x80, 0x3f,
  0x00, 0x00, 0x80, 0x3f, 0x00, 0x00, 0x80, 0x3f, 0x00, 0x00, 0x80, 0x3f, 0x00, 0x00, 0x80, 0x3f,
  0x00, 0x00, 0x00, 0x00, 0x00, 0x00, 0x00, 0x00, 0x00, 0x00, 0x80, 0x3f, 0x00, 0x00, 0x00, 0x00,
  0x00, 0x00, 0x00, 0x00, 0x00, 0x00, 0x00, 0x00, 0x00, 0x00, 0x00, 0x00, 0x00, 0x00, 0x00, 0x00,
  0x00, 0x00, 0x00, 0x00, 0x00, 0x00, 0x00, 0x00, 0x00, 0x00, 0x00, 0x00, 0x00, 0x00, 0x00, 0x00,
  0x00, 0x00, 0x00, 0x00, 0x00, 0x00, 0x00, 0x00, 0x00, 0x00, 0x80, 0x3f, 0x00, 0x00, 0x00, 0x00,
  0x00, 0x00, 0x01, 0x00, 0x00, 0x00, 0x03, 0x00, 0x00, 0x00, 0x00, 0x00, 0x00, 0x00, 0x00, 0x00,
  0x00, 0x00, 0x00, 0x3f, 0x00, 0x00, 0x80, 0x40, 0x00, 0x00, 0x00, 0x3f, 0xcd, 0xcc, 0xcc, 0x3d,
  0x00, 0x00, 0x00, 0x3f, 0xcd, 0xcc, 0xcc, 0x3d, 0xcd, 0xcc, 0xcc, 0x3d, 0x00, 0x00, 0x80, 0x3f,
  0x01, 0x08, 0x01, 0x00, 0x00, 0x00, 0x00, 0x00, 0x00, 0x00, 0x00, 0x00, 0x00, 0x00, 0x00, 0x00,
  0x00, 0x00, 0x00, 0x00, 0x00, 0x00, 0x80, 0x3f, 0x00, 0x00, 0x80, 0x3f, 0xa8, 0xcd, 0xf0, 0x06,
  0x00, 0x00, 0x00, 0x00, 0x00, 0x00, 0x00, 0x00, 0x00, 0x00, 0x00, 0x00, 0x00, 0x00, 0x00, 0x00,
  0x00, 0x00, 0x00, 0x00, 0x00, 0x00, 0x00, 0x00, 0x00, 0x00, 0x00, 0x00, 0x00, 0x00, 0x00, 0x00,
  0x00, 0x00, 0x00, 0x00, 0x00, 0x00, 0x00, 0x00, 0x00, 0x00, 0x00, 0x00, 0x00, 0x00, 0x00, 0x00,
  0x00, 0x00, 0x00, 0x00, 0x00, 0x00, 0x00, 0x00, 0x00, 0x00, 0x00, 0x00, 0x00, 0x00, 0x00, 0x00,
  0x00, 0x00, 0x00, 0x00, 0x00, 0x00, 0x00, 0x00, 0x00, 0x00, 0x00, 0x00, 0x00, 0x00, 0x00, 0x00,
  0x00, 0x00, 0x00, 0x00, 0x00, 0x00, 0x00, 0x3f, 0x00, 0x00, 0x00, 0x00, 0x00, 0x00, 0x00, 0x00,
  0x00, 0x00, 0x00, 0x00, 0x00, 0x00, 0x00, 0x00, 0x00, 0x00, 0x00, 0x00, 0x00, 0x00, 0x80, 0x3f,
  0x00, 0x00, 0x80, 0x3f, 0x00, 0x00, 0x80, 0x3f, 0xcd, 0xcc, 0x4c, 0x3f, 0xcd, 0xcc, 0x4c, 0x3f,
  0xcd, 0xcc, 0x4c, 0x3f, 0xcd, 0xcc, 0x4c, 0x3d, 0xcd, 0xcc, 0xcc, 0x3d, 0x66, 0x66, 0xa6, 0x3f,
  0x00, 0x00, 0x80, 0x3f, 0x00, 0x00, 0x00, 0x00, 0x00, 0x00, 0x80, 0x3f, 0x00, 0x00, 0x80, 0x3f,
  0x00, 0x00, 0x00, 0x00, 0x00, 0x00, 0x00, 0x00, 0x00, 0x00, 0x00, 0x00, 0x00, 0x00, 0x00, 0x00,
  0x00, 0x00, 0x00, 0x00, 0x00, 0x00, 0x00, 0x00, 0x00, 0x00, 0x00, 0x00, 0x00, 0x00, 0x00, 0x00,
  0x00, 0x00, 0x00, 0x00, 0x00, 0x00, 0x00, 0x00, 0x00, 0x00, 0x00, 0x00, 0x00, 0x00, 0x00, 0x00,
  0x00, 0x00, 0x00, 0x00, 0x00, 0x00, 0x00, 0x00, 0x00, 0x00, 0x00, 0x00, 0x44, 0x41, 0x54, 0x41,
  0x88, 0x00, 0x00, 0x00, 0xa8, 0xcd, 0xf0, 0x06, 0x21, 0x00, 0x00, 0x00, 0x01, 0x00, 0x00, 0x00,
  0x01, 0x00, 0x01, 0x00, 0x00, 0x00, 0x00, 0x00, 0x00, 0x00, 0x00, 0x00, 0x90, 0xec, 0xf7, 0x02,
  0x00, 0x00, 0x00, 0x00, 0x00, 0x00, 0x00, 0x00, 0x00, 0x00, 0x00, 0x00, 0x00, 0x00, 0x00, 0x00,
  0x00, 0x00, 0x00, 0x00, 0x00, 0x00, 0x00, 0x00, 0x00, 0x00, 0x00, 0x00, 0x00, 0x00, 0x00, 0x00,
  0x01, 0x02, 0x03, 0x00, 0x00, 0x00, 0x00, 0x00, 0x00, 0x00, 0x00, 0x00, 0x00, 0x00, 0x00, 0x00,
  0x00, 0x00, 0x80, 0x3f, 0x00, 0x00, 0x80, 0x3f, 0x00, 0x00, 0x80, 0x3f, 0x10, 0x00, 0x00, 0x00,
  0x00, 0x00, 0x00, 0x00, 0x00, 0x00, 0x00, 0x00, 0x00, 0x00, 0x00, 0x00, 0x00, 0x00, 0x80, 0x3f,
  0x00, 0x00, 0x00, 0x00, 0x00, 0x00, 0x80, 0x3f, 0x00, 0x00, 0x80, 0x3f, 0x00, 0x00, 0x80, 0x3f,
  0x00, 0x00, 0x00, 0x00, 0x00, 0x00, 0x80, 0x3f, 0x00, 0x00, 0x00, 0x3f, 0x00, 0x00, 0x80, 0x3f,
  0xcd, 0xcc, 0x4c, 0x3e, 0x00, 0x00, 0x00, 0x00, 0x54, 0x45, 0x00, 0x00, 0x04, 0x01, 0x00, 0x00,
  0x90, 0xec, 0xf7, 0x02, 0x26, 0x00, 0x00, 0x00, 0x01, 0x00, 0x00, 0x00, 0x00, 0x00, 0x00, 0x00,
  0x00, 0x00, 0x00, 0x00, 0x00, 0x00, 0x00, 0x00, 0x00, 0x00, 0x00, 0x00, 0x54, 0x45, 0x54, 0x65,
  0x78, 0x00, 0x00, 0x00, 0x00, 0x00, 0x00, 0x00, 0x00, 0x00, 0x00, 0x00, 0x00, 0x00, 0x00, 0x00,
  0x00, 0x00, 0x00, 0x00, 0x01, 0x00, 0x00, 0x00, 0x00, 0x00, 0x00, 0x00, 0x00, 0x00, 0x00, 0x00,
  0x00, 0x00, 0x80, 0x3e, 0x00, 0x00, 0xa0, 0x40, 0x00, 0x00, 0x80, 0x3f, 0x00, 0x00, 0x80, 0x3f,
  0x00, 0x00, 0x80, 0x3f, 0x00, 0x00, 0x80, 0x3f, 0x00, 0x00, 0x80, 0x3f, 0x00, 0x00, 0x80, 0x3f,
  0x00, 0x00, 0x80, 0x3f, 0x00, 0x00, 0x00, 0x40, 0x00, 0x00, 0x00, 0x40, 0x00, 0x00, 0x80, 0x3f,
  0x00, 0x00, 0x80, 0x3f, 0x00, 0x00, 0x80, 0x3f, 0x00, 0x00, 0x80, 0x3f, 0x00, 0x00, 0x80, 0x3f,
  0x00, 0x00, 0x00, 0x00, 0x00, 0x00, 0x00, 0x00, 0x00, 0x00, 0x00, 0x00, 0x00, 0x00, 0x20, 0x40,
  0x00, 0x00, 0x00, 0x00, 0x02, 0x00, 0x00, 0x00, 0x00, 0x00, 0x00, 0x00, 0x05, 0x00, 0x08, 0x00,
  0x00, 0x00, 0x00, 0x00, 0x00, 0x00, 0x00, 0x00, 0x00, 0x00, 0x00, 0x00, 0x00, 0x00, 0x80, 0x3f,
  0x00, 0x00, 0x80, 0x3f, 0x01, 0x00, 0x01, 0x00, 0x03, 0x00, 0x02, 0x00, 0x00, 0x00, 0x00, 0x00,
  0x00, 0x00, 0x00, 0x00, 0x00, 0x00, 0x00, 0x00, 0x01, 0x00, 0x00, 0x00, 0x00, 0x00, 0x00, 0x00,
  0xcd, 0xcc, 0xcc, 0x3c, 0x00, 0x00, 0x00, 0x00, 0x00, 0x00, 0x00, 0x00, 0x00, 0x00, 0x00, 0x00,
  0x00, 0x00, 0x00, 0x00, 0x01, 0x00, 0x00, 0x00, 0x02, 0x00, 0x00, 0x00, 0x00, 0x00, 0x01, 0x00,
  0x00, 0x00, 0x00, 0x00, 0x00, 0x00, 0x00, 0x00, 0x00, 0x00, 0x00, 0x00, 0x00, 0x00, 0x00, 0x00,
  0x00, 0x00, 0x00, 0x00, 0x00, 0x00, 0x00, 0x00, 0x00, 0x00, 0x00, 0x00, 0x00, 0x00, 0x00, 0x00,
  0x4d, 0x45, 0x00, 0x00, 0x18, 0x01, 0x00, 0x00, 0x60, 0xce, 0xf0, 0x06, 0x34, 0x00, 0x00, 0x00,
  0x01, 0x00, 0x00, 0x00, 0x00, 0x00, 0x00, 0x00, 0x00, 0x00, 0x00, 0x00, 0x00, 0x00, 0x00, 0x00,
  0x00, 0x00, 0x00, 0x00, 0x4d, 0x45, 0x43, 0x75, 0x62, 0x65, 0x00, 0x70, 0x68, 0x65, 0x72, 0x65,
  0x00, 0x00, 0x00, 0x00, 0x00, 0x00, 0x00, 0x00, 0x00, 0x00, 0x00, 0x00, 0x01, 0x00, 0x00, 0x00,
  0x00, 0x00, 0x00, 0x00, 0x00, 0x00, 0x00, 0x00, 0x00, 0x00, 0x00, 0x00, 0x00, 0x00, 0x00, 0x00,
  0x00, 0x00, 0x00, 0x00, 0x00, 0x00, 0x00, 0x00, 0x00, 0x00, 0x00, 0x00, 0xf0, 0xc5, 0xf7, 0x02,
  0x00, 0x15, 0xf0, 0x06, 0x00, 0x00, 0x00, 0x00, 0x00, 0x00, 0x00, 0x00, 0xa8, 0xcf, 0xf0, 0x06,
  0x20, 0xb5, 0x70, 0x03, 0x00, 0x00, 0x00, 0x00, 0x00, 0x00, 0x00, 0x00, 0x00, 0x00, 0x00, 0x00,
  0x00, 0x00, 0x00, 0x00, 0x00, 0x00, 0x00, 0x00, 0x98, 0x5f, 0xfe, 0x02, 0x01, 0x00, 0x00, 0x00,
  0x05, 0x00, 0x00, 0x00, 0x18, 0x00, 0x00, 0x00, 0x00, 0x00, 0x00, 0x00, 0x00, 0x00, 0x00, 0x00,
  0x00, 0x61, 0xfe, 0x02, 0x01, 0x00, 0x00, 0x00, 0x05, 0x00, 0x00, 0x00, 0x0c, 0x00, 0x00, 0x00,
  0x00, 0x00, 0x00, 0x00, 0x00, 0x00, 0x00, 0x00, 0x68, 0x62, 0xfe, 0x02, 0x01, 0x00, 0x00, 0x00,
  0x05, 0x00, 0x00, 0x00, 0x14, 0x00, 0x00, 0x00, 0x00, 0x00, 0x00, 0x00, 0x00, 0x00, 0x00, 0x00,
  0x08, 0x00, 0x00, 0x00, 0x0c, 0x00, 0x00, 0x00, 0x06, 0x00, 0x00, 0x00, 0x00, 0x00, 0x00, 0x00,
  0x00, 0x00, 0x00, 0x00, 0x01, 0x00, 0x00, 0x00, 0x00, 0x00, 0x80, 0x33, 0x00, 0x00, 0x00, 0xb4,
  0x00, 0x00, 0x00, 0x00, 0x04, 0x00, 0x80, 0x3f, 0x04, 0x00, 0x80, 0x3f, 0x00, 0x00, 0x80, 0x3f,
  0x00, 0x00, 0x00, 0x00, 0x00, 0x00, 0x00, 0x00, 0x00, 0x00, 0x00, 0x00, 0x00, 0x00, 0x00, 0x00,
  0x00, 0x00, 0x00, 0x00, 0x1e, 0x00, 0x04, 0x00, 0x01, 0x00, 0x01, 0x00, 0x01, 0x00, 0x00, 0x00,
  0x00, 0x00, 0x00, 0x00, 0x00, 0x00, 0x00, 0x00, 0x00, 0x00, 0x00, 0x00, 0x44, 0x41, 0x54, 0x41,
  0x04, 0x00, 0x00, 0x00, 0xf0, 0xc5, 0xf7, 0x02, 0x00, 0x00, 0x00, 0x00, 0x01, 0x00, 0x00, 0x00,
  0x08, 0xcb, 0xf0, 0x06, 0x44, 0x41, 0x54, 0x41, 0x2c, 0x01, 0x00, 0x00, 0x98, 0x5f, 0xfe, 0x02,
  0x27, 0x01, 0x00, 0x00, 0x05, 0x00, 0x00, 0x00, 0x00, 0x00, 0x00, 0x00, 0x00, 0x00, 0x00, 0x00,
  0x00, 0x00, 0x00, 0x00, 0x00, 0x00, 0x00, 0x00, 0x00, 0x00, 0x00, 0x00, 0x00, 0x00, 0x00, 0x00,
  0x00, 0x00, 0x00, 0x00, 0x00, 0x00, 0x00, 0x00, 0x00, 0x00, 0x00, 0x00, 0x00, 0x00, 0x00, 0x00,
  0x00, 0x00, 0x00, 0x00, 0x00, 0x00, 0x00, 0x00, 0x00, 0x00, 0x00, 0x00, 0x00, 0x00, 0x00, 0x00,
  0xa8, 0xcf, 0xf0, 0x06, 0x00, 0x00, 0x00, 0x00, 0x00, 0x00, 0x00, 0x00, 0x00, 0x00, 0x00, 0x00,
  0x00, 0x00, 0x00, 0x00, 0x00, 0x00, 0x00, 0x00, 0x00, 0x00, 0x00, 0x00, 0x00, 0x00, 0x00, 0x00,
  0x00, 0x00, 0x00, 0x00, 0x00, 0x00, 0x00, 0x00, 0x00, 0x00, 0x00, 0x00, 0x00, 0x00, 0x00, 0x00,
  0x00, 0x00, 0x00, 0x00, 0x00, 0x00, 0x00, 0x00, 0x00, 0x00, 0x00, 0x00, 0x00, 0x00, 0x00, 0x00,
  0x00, 0x00, 0x00, 0x00, 0x00, 0x00, 0x00, 0x00, 0x00, 0x00, 0x00, 0x00, 0x00, 0x00, 0x00, 0x00,
  0x00, 0x00, 0x00, 0x00, 0x00, 0x00, 0x00, 0x00, 0x00, 0x00, 0x00, 0x00, 0x00, 0x00, 0x00, 0x00,
  0x00, 0x00, 0x00, 0x00, 0x00, 0x00, 0x00, 0x00, 0x00, 0x00, 0x00, 0x00, 0x00, 0x00, 0x00, 0x00,
  0x00, 0x00, 0x00, 0x00, 0x00, 0x00, 0x00, 0x00, 0x00, 0x00, 0x00, 0x00, 0x00, 0x00, 0x00, 0x00,
  0x00, 0x00, 0x00, 0x00, 0x00, 0x00, 0x00, 0x00, 0x00, 0x00, 0x00, 0x00, 0x00, 0x00, 0x00, 0x00,
  0x00, 0x00, 0x00, 0x00, 0x00, 0x00, 0x00, 0x00, 0x00, 0x00, 0x00, 0x00, 0x00, 0x00, 0x00, 0x00,
  0x00, 0x00, 0x00, 0x00, 0x00, 0x00, 0x00, 0x00, 0x00, 0x00, 0x00, 0x00, 0x00, 0x00, 0x00, 0x00,
  0x00, 0x00, 0x00, 0x00, 0x00, 0x00, 0x00, 0x00, 0x00, 0x00, 0x00, 0x00, 0x00, 0x00, 0x00, 0x00,
  0x00, 0x00, 0x00, 0x00, 0x00, 0x00, 0x00, 0x00, 0x00, 0x00, 0x00, 0x00, 0x00, 0x00, 0x00, 0x00,
  0x00, 0x00, 0x00, 0x00, 0x00, 0x00, 0x00, 0x00, 0x00, 0x00, 0x00, 0x00, 0x00, 0x00, 0x00, 0x00,
  0x00, 0x00, 0x00, 0x00, 0x00, 0x00, 0x00, 0x00, 0x00, 0x00, 0x00, 0x00, 0x00, 0x00, 0x00, 0x00,
  0x00, 0x00, 0x00, 0x00, 0x44, 0x41, 0x54, 0x41, 0xc0, 0x00, 0x00, 0x00, 0xa8, 0xcf, 0xf0, 0x06,
  0x3a, 0x00, 0x00, 0x00, 0x08, 0x00, 0x00, 0x00, 0x00, 0x00, 0x80, 0x3f, 0xff, 0xff, 0x7f, 0x3f,
  0x00, 0x00, 0x80, 0xbf, 0xe6, 0x49, 0xe6, 0x49, 0x1a, 0xb6, 0x03, 0xff, 0x00, 0x00, 0x00, 0x00,
  0x00, 0x00, 0x80, 0x3f, 0x00, 0x00, 0x80, 0xbf, 0x00, 0x00, 0x80, 0xbf, 0xe6, 0x49, 0x1a, 0xb6,
  0x1a, 0xb6, 0x03, 0xff, 0x00, 0x00, 0x00, 0x00, 0x01, 0x00, 0x80, 0xbf, 0xfd, 0xff, 0x7f, 0xbf,
  0x00, 0x00, 0x80, 0xbf, 0x1a, 0xb6, 0x1a, 0xb6, 0x1a, 0xb6, 0x03, 0xff, 0x00, 0x00, 0x00, 0x00,
  0xfa, 0xff, 0x7f, 0xbf, 0x03, 0x00, 0x80, 0x3f, 0x00, 0x00, 0x80, 0xbf, 0x1a, 0xb6, 0xe6, 0x49,
  0x1a, 0xb6, 0x03, 0xff, 0x00, 0x00, 0x00, 0x00, 0x04, 0x00, 0x80, 0x3f, 0xf7, 0xff, 0x7f, 0x3f,
  0x00, 0x00, 0x80, 0x3f, 0xe6, 0x49, 0xe6, 0x49, 0xe6, 0x49, 0x03, 0xff, 0x00, 0x00, 0x00, 0x00,
  0xf5, 0xff, 0x7f, 0x3f, 0x05, 0x00, 0x80, 0xbf, 0x00, 0x00, 0x80, 0x3f, 0xe6, 0x49, 0x1a, 0xb6,
  0xe6, 0x49, 0x03, 0xff, 0x00, 0x00, 0x00, 0x00, 0x03, 0x00, 0x80, 0xbf, 0xfa, 0xff, 0x7f, 0xbf,
  0x00, 0x00, 0x80, 0x3f, 0x1a, 0xb6, 0x1a, 0xb6, 0xe6, 0x49, 0x03, 0xff, 0x00, 0x00, 0x00, 0x00,
  0xff, 0xff, 0x7f, 0xbf, 0x00, 0x00, 0x80, 0x3f, 0x00, 0x00, 0x80, 0x3f, 0x1a, 0xb6, 0xe6, 0x49,
  0xe6, 0x49, 0x03, 0xff, 0x00, 0x00, 0x00, 0x00, 0x44, 0x41, 0x54, 0x41, 0x2c, 0x01, 0x00, 0x00,
  0x00, 0x61, 0xfe, 0x02, 0x27, 0x01, 0x00, 0x00, 0x05, 0x00, 0x00, 0x00, 0x03, 0x00, 0x00, 0x00,
  0x00, 0x00, 0x00, 0x00, 0x00, 0x00, 0x00, 0x00, 0x00, 0x00, 0x00, 0x00, 0x00, 0x00, 0x00, 0x00,
  0x00, 0x00, 0x00, 0x00, 0x00, 0x00, 0x00, 0x00, 0x00, 0x00, 0x00, 0x00, 0x00, 0x00, 0x00, 0x00,
  0x00, 0x00, 0x00, 0x00, 0x00, 0x00, 0x00, 0x00, 0x00, 0x00, 0x00, 0x00, 0x00, 0x00, 0x00, 0x00,
  0x00, 0x00, 0x00, 0x00, 0x20, 0xb5, 0x70, 0x03, 0x00, 0x00, 0x00, 0x00, 0x00, 0x00, 0x00, 0x00,
  0x00, 0x00, 0x00, 0x00, 0x00, 0x00, 0x00, 0x00, 0x00, 0x00, 0x00, 0x00, 0x00, 0x00, 0x00, 0x00,
  0x00, 0x00, 0x00, 0x00, 0x00, 0x00, 0x00, 0x00, 0x00, 0x00, 0x00, 0x00, 0x00, 0x00, 0x00, 0x00,
  0x00, 0x00, 0x00, 0x00, 0x00, 0x00, 0x00, 0x00, 0x00, 0x00, 0x00, 0x00, 0x00, 0x00, 0x00, 0x00,
  0x00, 0x00, 0x00, 0x00, 0x00, 0x00, 0x00, 0x00, 0x00, 0x00, 0x00, 0x00, 0x00, 0x00, 0x00, 0x00,
  0x00, 0x00, 0x00, 0x00, 0x00, 0x00, 0x00, 0x00, 0x00, 0x00, 0x00, 0x00, 0x00, 0x00, 0x00, 0x00,
  0x00, 0x00, 0x00, 0x00, 0x00, 0x00, 0x00, 0x00, 0x00, 0x00, 0x00, 0x00, 0x00, 0x00, 0x00, 0x00,
  0x00, 0x00, 0x00, 0x00, 0x00, 0x00, 0x00, 0x00, 0x00, 0x00, 0x00, 0x00, 0x00, 0x00, 0x00, 0x00,
  0x00, 0x00, 0x00, 0x00, 0x00, 0x00, 0x00, 0x00, 0x00, 0x00, 0x00, 0x00, 0x00, 0x00, 0x00, 0x00,
  0x00, 0x00, 0x00, 0x00, 0x00, 0x00, 0x00, 0x00, 0x00, 0x00, 0x00, 0x00, 0x00, 0x00, 0x00, 0x00,
  0x00, 0x00, 0x00, 0x00, 0x00, 0x00, 0x00, 0x00, 0x00, 0x00, 0x00, 0x00, 0x00, 0x00, 0x00, 0x00,
  0x00, 0x00, 0x00, 0x00, 0x00, 0x00, 0x00, 0x00, 0x00, 0x00, 0x00, 0x00, 0x00, 0x00, 0x00, 0x00,
  0x00, 0x00, 0x00, 0x00, 0x00, 0x00, 0x00, 0x00, 0x00, 0x00, 0x00, 0x00, 0x00, 0x00, 0x00, 0x00,
  0x00, 0x00, 0x00, 0x00, 0x00, 0x00, 0x00, 0x00, 0x00, 0x00, 0x00, 0x00, 0x00, 0x00, 0x00, 0x00,
  0x00, 0x00, 0x00, 0x00, 0x00, 0x00, 0x00, 0x00, 0x00, 0x00, 0x00, 0x00, 0x00, 0x00, 0x00, 0x00,
  0x00, 0x00, 0x00, 0x00, 0x00, 0x00, 0x00, 0x00, 0x44, 0x41, 0x54, 0x41, 0x90, 0x00, 0x00, 0x00,
  0x20, 0xb5, 0x70, 0x03, 0x37, 0x00, 0x00, 0x00, 0x0c, 0x00, 0x00, 0x00, 0x00, 0x00, 0x00, 0x00,
  0x01, 0x00, 0x00, 0x00, 0x00, 0x00, 0x23, 0x00, 0x00, 0x00, 0x00, 0x00, 0x03, 0x00, 0x00, 0x00,
  0x00, 0x00, 0x23, 0x00, 0x00, 0x00, 0x00, 0x00, 0x04, 0x00, 0x00, 0x00, 0x00, 0x00, 0x23, 0x00,
  0x01, 0x00, 0x00, 0x00, 0x02, 0x00, 0x00, 0x00, 0x00, 0x00, 0x23, 0x00, 0x01, 0x00, 0x00, 0x00,
  0x05, 0x00, 0x00, 0x00, 0x00, 0x00, 0x23, 0x00, 0x02, 0x00, 0x00, 0x00, 0x03, 0x00, 0x00, 0x00,
  0x00, 0x00, 0x23, 0x00, 0x02, 0x00, 0x00, 0x00, 0x06, 0x00, 0x00, 0x00, 0x00, 0x00, 0x23, 0x00,
  0x03, 0x00, 0x00, 0x00, 0x07, 0x00, 0x00, 0x00, 0x00, 0x00, 0x23, 0x00, 0x04, 0x00, 0x00, 0x00,
  0x05, 0x00, 0x00, 0x00, 0x00, 0x00, 0x23, 0x00, 0x04, 0x00, 0x00, 0x00, 0x07, 0x00, 0x00, 0x00,
  0x00, 0x00, 0x23, 0x00, 0x05, 0x00, 0x00, 0x00, 0x06, 0x00, 0x00, 0x00, 0x00, 0x00, 0x23, 0x00,
  0x06, 0x00, 0x00, 0x00, 0x07, 0x00, 0x00, 0x00, 0x00, 0x00, 0x23, 0x00, 0x44, 0x41, 0x54, 0x41,
  0x2c, 0x01, 0x00, 0x00, 0x68, 0x62, 0xfe, 0x02, 0x27, 0x01, 0x00, 0x00, 0x05, 0x00, 0x00, 0x00,
  0x04, 0x00, 0x00, 0x00, 0x00, 0x00, 0x00, 0x00, 0x00, 0x00, 0x00, 0x00, 0x00, 0x00, 0x00, 0x00,
  0x00, 0x00, 0x00, 0x00, 0x00, 0x00, 0x00, 0x00, 0x00, 0x00, 0x00, 0x00, 0x00, 0x00, 0x00, 0x00,
  0x00, 0x00, 0x00, 0x00, 0x00, 0x00, 0x00, 0x00, 0x00, 0x00, 0x00, 0x00, 0x00, 0x00, 0x00, 0x00,
  0x00, 0x00, 0x00, 0x00, 0x00, 0x00, 0x00, 0x00, 0x00, 0x15, 0xf0, 0x06, 0x00, 0x00, 0x00, 0x00,
  0x00, 0x00, 0x00, 0x00, 0x00, 0x00, 0x00, 0x00, 0x00, 0x00, 0x00, 0x00, 0x00, 0x00, 0x00, 0x00,
  0x00, 0x00, 0x00, 0x00, 0x00, 0x00, 0x00, 0x00, 0x00, 0x00, 0x00, 0x00, 0x00, 0x00, 0x00, 0x00,
  0x00, 0x00, 0x00, 0x00, 0x00, 0x00, 0x00, 0x00, 0x00, 0x00, 0x00, 0x00, 0x00, 0x00, 0x00, 0x00,
  0x00, 0x00, 0x00, 0x00, 0x00, 0x00, 0x00, 0x00, 0x00, 0x00, 0x00, 0x00, 0x00, 0x00, 0x00, 0x00,
  0x00, 0x00, 0x00, 0x00, 0x00, 0x00, 0x00, 0x00, 0x00, 0x00, 0x00, 0x00, 0x00, 0x00, 0x00, 0x00,
  0x00, 0x00, 0x00, 0x00, 0x00, 0x00, 0x00, 0x00, 0x00, 0x00, 0x00, 0x00, 0x00, 0x00, 0x00, 0x00,
  0x00, 0x00, 0x00, 0x00, 0x00, 0x00, 0x00, 0x00, 0x00, 0x00, 0x00, 0x00, 0x00, 0x00, 0x00, 0x00,
  0x00, 0x00, 0x00, 0x00, 0x00, 0x00, 0x00, 0x00, 0x00, 0x00, 0x00, 0x00, 0x00, 0x00, 0x00, 0x00,
  0x00, 0x00, 0x00, 0x00, 0x00, 0x00, 0x00, 0x00, 0x00, 0x00, 0x00, 0x00, 0x00, 0x00, 0x00, 0x00,
  0x00, 0x00, 0x00, 0x00, 0x00, 0x00, 0x00, 0x00, 0x00, 0x00, 0x00, 0x00, 0x00, 0x00, 0x00, 0x00,
  0x00, 0x00, 0x00, 0x00, 0x00, 0x00, 0x00, 0x00, 0x00, 0x00, 0x00, 0x00, 0x00, 0x00, 0x00, 0x00,
  0x00, 0x00, 0x00, 0x00, 0x00, 0x00, 0x00, 0x00, 0x00, 0x00, 0x00, 0x00, 0x00, 0x00, 0x00, 0x00,
  0x00, 0x00, 0x00, 0x00, 0x00, 0x00, 0x00, 0x00, 0x00, 0x00, 0x00, 0x00, 0x00, 0x00, 0x00, 0x00,
  0x00, 0x00, 0x00, 0x00, 0x00, 0x00, 0x00, 0x00, 0x00, 0x00, 0x00, 0x00, 0x00, 0x00, 0x00, 0x00,
  0x00, 0x00, 0x00, 0x00, 0x00, 0x00, 0x00, 0x00, 0x00, 0x00, 0x00, 0x00, 0x44, 0x41, 0x54, 0x41,
  0x78, 0x00, 0x00, 0x00, 0x00, 0x15, 0xf0, 0x06, 0x36, 0x00, 0x00, 0x00, 0x06, 0x00, 0x00, 0x00,
  0x00, 0x00, 0x00, 0x00, 0x01, 0x00, 0x00, 0x00, 0x02, 0x00, 0x00, 0x00, 0x03, 0x00, 0x00, 0x00,
  0x00, 0x00, 0x00, 0x02, 0x04, 0x00, 0x00, 0x00, 0x07, 0x00, 0x00, 0x00, 0x06, 0x00, 0x00, 0x00,
  0x05, 0x00, 0x00, 0x00, 0x00, 0x00, 0x00, 0x02, 0x00, 0x00, 0x00, 0x00, 0x04, 0x00, 0x00, 0x00,
  0x05, 0x00, 0x00, 0x00, 0x01, 0x00, 0x00, 0x00, 0x00, 0x00, 0x00, 0x02, 0x01, 0x00, 0x00, 0x00,
  0x05, 0x00, 0x00, 0x00, 0x06, 0x00, 0x00, 0x00, 0x02, 0x00, 0x00, 0x00, 0x00, 0x00, 0x00, 0x02,
  0x02, 0x00, 0x00, 0x00, 0x06, 0x00, 0x00, 0x00, 0x07, 0x00, 0x00, 0x00, 0x03, 0x00, 0x00, 0x00,
  0x00, 0x00, 0x00, 0x02, 0x04, 0x00, 0x00, 0x00, 0x00, 0x00, 0x00, 0x00, 0x03, 0x00, 0x00, 0x00,
  0x07, 0x00, 0x00, 0x00, 0x00, 0x00, 0x00, 0x02, 0x44, 0x4e, 0x41, 0x31, 0xcc, 0xa9, 0x00, 0x00,
  0xd8, 0xac, 0xea, 0x06, 0x00, 0x00, 0x00, 0x00, 0x01, 0x00, 0x00, 0x00, 0x53, 0x44, 0x4e, 0x41,
  0x4e, 0x41, 0x4d, 0x45, 0x45, 0x09, 0x00, 0x00, 0x2a, 0x6e, 0x65, 0x78, 0x74, 0x00, 0x2a, 0x70,
  0x72, 0x65, 0x76, 0x00, 0x2a, 0x64, 0x61, 0x74, 0x61, 0x00, 0x2a, 0x66, 0x69, 0x72, 0x73, 0x74,
  0x00, 0x2a, 0x6c, 0x61, 0x73, 0x74, 0x00, 0x78, 0x00, 0x79, 0x00, 0x7a, 0x00, 0x77, 0x00, 0x78,
  0x6d, 0x69, 0x6e, 0x00, 0x78, 0x6d, 0x61, 0x78, 0x00, 0x79, 0x6d, 0x69, 0x6e, 0x00, 0x79, 0x6d,
  0x61, 0x78, 0x00, 0x2a, 0x70, 0x6f, 0x69, 0x6e, 0x74, 0x65, 0x72, 0x00, 0x67, 0x72, 0x6f, 0x75,
  0x70, 0x00, 0x76, 0x61, 0x6c, 0x00, 0x76, 0x61, 0x6c, 0x32, 0x00, 0x6e, 0x61, 0x6d, 0x65, 0x5b,
  0x33, 0x32, 0x5d, 0x00, 0x74, 0x79, 0x70, 0x65, 0x00, 0x73, 0x75, 0x62, 0x74, 0x79, 0x70, 0x65,
  0x00, 0x66, 0x6c, 0x61, 0x67, 0x00, 0x73, 0x61, 0x76, 0x65, 0x64, 0x00, 0x64, 0x61, 0x74, 0x61,
  0x00, 0x6c, 0x65, 0x6e, 0x00, 0x74, 0x6f, 0x74, 0x61, 0x6c, 0x6c, 0x65, 0x6e, 0x00, 0x2a, 0x6e,
  0x65, 0x77, 0x69, 0x64, 0x00, 0x2a, 0x6c, 0x69, 0x62, 0x00, 0x6e, 0x61, 0x6d, 0x65, 0x5b, 0x32,
  0x34, 0x5d, 0x00, 0x75, 0x73, 0x00, 0x69, 0x63, 0x6f, 0x6e, 0x5f, 0x69, 0x64, 0x00, 0x2a, 0x70,
  0x72, 0x6f, 0x70, 0x65, 0x72, 0x74, 0x69, 0x65, 0x73, 0x00, 0x69, 0x64, 0x00, 0x2a, 0x69, 0x64,
  0x62, 0x6c, 0x6f, 0x63, 0x6b, 0x00, 0x2a, 0x66, 0x69, 0x6c, 0x65, 0x64, 0x61, 0x74, 0x61, 0x00,
  0x6e, 0x61, 0x6d, 0x65, 0x5b, 0x32, 0x34, 0x30, 0x5d, 0x00, 0x66, 0x69, 0x6c, 0x65, 0x6e, 0x61,
  0x6d, 0x65, 0x5b, 0x32, 0x34, 0x30, 0x5d, 0x00, 0x74, 0x6f, 0x74, 0x00, 0x70, 0x61, 0x64, 0x00,
  0x2a, 0x70, 0x61, 0x72, 0x65, 0x6e, 0x74, 0x00, 0x77, 0x5b, 0x32, 0x5d, 0x00, 0x68, 0x5b, 0x32,
  0x5d, 0x00, 0x63, 0x68, 0x61, 0x6e, 0x67, 0x65, 0x64, 0x5b, 0x32, 0x5d, 0x00, 0x70, 0x61, 0x64,
  0x30, 0x00, 0x70, 0x61, 0x64, 0x31, 0x00, 0x2a, 0x72, 0x65, 0x63, 0x74, 0x5b, 0x32, 0x5d, 0x00,
  0x2a, 0x6f, 0x62, 0x00, 0x62, 0x6c, 0x6f, 0x63, 0x6b, 0x74, 0x79, 0x70, 0x65, 0x00, 0x61, 0x64,
  0x72, 0x63, 0x6f, 0x64, 0x65, 0x00, 0x6e, 0x61, 0x6d, 0x65, 0x5b, 0x31, 0x32, 0x38, 0x5d, 0x00,
  0x2a, 0x62, 0x70, 0x00, 0x2a, 0x62, 0x65, 0x7a, 0x74, 0x00, 0x6d, 0x61, 0x78, 0x72, 0x63, 0x74,
  0x00, 0x74, 0x6f, 0x74, 0x72, 0x63, 0x74, 0x00, 0x76, 0x61, 0x72, 0x74, 0x79, 0x70, 0x65, 0x00,
  0x74, 0x6f, 0x74, 0x76, 0x65, 0x72, 0x74, 0x00, 0x69, 0x70, 0x6f, 0x00, 0x65, 0x78, 0x74, 0x72,
  0x61, 0x70, 0x00, 0x72, 0x74, 0x00, 0x62, 0x69, 0x74, 0x6d, 0x61, 0x73, 0x6b, 0x00, 0x73, 0x6c,
  0x69, 0x64, 0x65, 0x5f, 0x6d, 0x69, 0x6e, 0x00, 0x73, 0x6c, 0x69, 0x64, 0x65, 0x5f, 0x6d, 0x61,
  0x78, 0x00, 0x63, 0x75, 0x72, 0x76, 0x61, 0x6c, 0x00, 0x2a, 0x64, 0x72, 0x69, 0x76, 0x65, 0x72,
  0x00, 0x63, 0x75, 0x72, 0x76, 0x65, 0x00, 0x63, 0x75, 0x72, 0x00, 0x73, 0x68, 0x6f, 0x77, 0x6b,
  0x65, 0x79, 0x00, 0x6d, 0x75, 0x74, 0x65, 0x69, 0x70, 0x6f, 0x00, 0x70, 0x6f, 0x73, 0x00, 0x72,
  0x65, 0x6c, 0x61, 0x74, 0x69, 0x76, 0x65, 0x00, 0x74, 0x6f, 0x74, 0x65, 0x6c, 0x65, 0x6d, 0x00,
  0x70, 0x61, 0x64, 0x32, 0x00, 0x2a, 0x77, 0x65, 0x69, 0x67, 0x68, 0x74, 0x73, 0x00, 0x76, 0x67,
  0x72, 0x6f, 0x75, 0x70, 0x5b, 0x33, 0x32, 0x5d, 0x00, 0x73, 0x6c, 0x69, 0x64, 0x65, 0x72, 0x6d,
  0x69, 0x6e, 0x00, 0x73, 0x6c, 0x69, 0x64, 0x65, 0x72, 0x6d, 0x61, 0x78, 0x00, 0x2a, 0x72, 0x65,
  0x66, 0x6b, 0x65, 0x79, 0x00, 0x65, 0x6c, 0x65, 0x6d, 0x73, 0x74, 0x72, 0x5b, 0x33, 0x32, 0x5d,
  0x00, 0x65, 0x6c, 0x65, 0x6d, 0x73, 0x69, 0x7a, 0x65, 0x00, 0x62, 0x6c, 0x6f, 0x63, 0x6b, 0x00,
  0x2a, 0x69, 0x70, 0x6f, 0x00, 0x2a, 0x66, 0x72, 0x6f, 0x6d, 0x00, 0x74, 0x6f, 0x74, 0x6b, 0x65,
  0x79, 0x00, 0x73, 0x6c, 0x75, 0x72, 0x70, 0x68, 0x00, 0x2a, 0x2a, 0x73, 0x63, 0x72, 0x69, 0x70,
  0x74, 0x73, 0x00, 0x2a, 0x66, 0x6c, 0x61, 0x67, 0x00, 0x61, 0x63, 0x74, 0x73, 0x63, 0x72, 0x69,
  0x70, 0x74, 0x00, 0x74, 0x6f, 0x74, 0x73, 0x63, 0x72, 0x69, 0x70, 0x74, 0x00, 0x2a, 0x6c, 0x69,
  0x6e, 0x65, 0x00, 0x2a, 0x66, 0x6f, 0x72, 0x6d, 0x61, 0x74, 0x00, 0x62, 0x6c, 0x65, 0x6e, 0x00,
  0x6c, 0x69, 0x6e, 0x65, 0x6e, 0x6f, 0x00, 0x73, 0x74, 0x61, 0x72, 0x74, 0x00, 0x65, 0x6e, 0x64,
  0x00, 0x66, 0x6c, 0x61, 0x67, 0x73, 0x00, 0x63, 0x6f, 0x6c, 0x6f, 0x72, 0x5b, 0x34, 0x5d, 0x00,
  0x70, 0x61, 0x64, 0x5b, 0x34, 0x5d, 0x00, 0x2a, 0x6e, 0x61, 0x6d, 0x65, 0x00, 0x6e, 0x6c, 0x69,
  0x6e, 0x65, 0x73, 0x00, 0x6c, 0x69, 0x6e, 0x65, 0x73, 0x00, 0x2a, 0x63, 0x75, 0x72, 0x6c, 0x00,
  0x2a, 0x73, 0x65, 0x6c, 0x6c, 0x00, 0x63, 0x75, 0x72, 0x63, 0x00, 0x73, 0x65, 0x6c, 0x63, 0x00,
  0x6d, 0x61, 0x72, 0x6b, 0x65, 0x72, 0x73, 0x00, 0x2a, 0x75, 0x6e, 0x64, 0x6f, 0x5f, 0x62, 0x75,
  0x66, 0x00, 0x75, 0x6e, 0x64, 0x6f, 0x5f, 0x70, 0x6f, 0x73, 0x00, 0x75, 0x6e, 0x64, 0x6f, 0x5f,
  0x6c, 0x65, 0x6e, 0x00, 0x2a, 0x63, 0x6f, 0x6d, 0x70, 0x69, 0x6c, 0x65, 0x64, 0x00, 0x6d, 0x74,
  0x69, 0x6d, 0x65, 0x00, 0x73, 0x69, 0x7a, 0x65, 0x00, 0x73, 0x65, 0x65, 0x6b, 0x00, 0x70, 0x61,
  0x73, 0x73, 0x65, 0x70, 0x61, 0x72, 0x74, 0x61, 0x6c, 0x70, 0x68, 0x61, 0x00, 0x61, 0x6e, 0x67,
  0x6c, 0x65, 0x00, 0x63, 0x6c, 0x69, 0x70, 0x73, 0x74, 0x61, 0x00, 0x63, 0x6c, 0x69, 0x70, 0x65,
  0x6e, 0x64, 0x00, 0x6c, 0x65, 0x6e, 0x73, 0x00, 0x6f, 0x72, 0x74, 0x68, 0x6f, 0x5f, 0x73, 0x63,
  0x61, 0x6c, 0x65, 0x00, 0x64, 0x72, 0x61, 0x77, 0x73, 0x69, 0x7a, 0x65, 0x00, 0x73, 0x68, 0x69,
  0x66, 0x74, 0x78, 0x00, 0x73, 0x68, 0x69, 0x66, 0x74, 0x79, 0x00, 0x59, 0x46, 0x5f, 0x64, 0x6f,
  0x66, 0x64, 0x69, 0x73, 0x74, 0x00, 0x59, 0x46, 0x5f, 0x61, 0x70, 0x65, 0x72, 0x74, 0x75, 0x72,
  0x65, 0x00, 0x59, 0x46, 0x5f, 0x62, 0x6b, 0x68, 0x74, 0x79, 0x70, 0x65, 0x00, 0x59, 0x46, 0x5f,
  0x62, 0x6b, 0x68, 0x62, 0x69, 0x61, 0x73, 0x00, 0x59, 0x46, 0x5f, 0x62, 0x6b, 0x68, 0x72, 0x6f,
  0x74, 0x00, 0x73, 0x63, 0x72, 0x69, 0x70, 0x74, 0x6c, 0x69, 0x6e, 0x6b, 0x00, 0x2a, 0x64, 0x6f,
  0x66, 0x5f, 0x6f, 0x62, 0x00, 0x66, 0x72, 0x61, 0x6d, 0x65, 0x6e, 0x72, 0x00, 0x66, 0x72, 0x61,
  0x6d, 0x65, 0x73, 0x00, 0x6f, 0x66, 0x66, 0x73, 0x65, 0x74, 0x00, 0x73, 0x66, 0x72, 0x61, 0x00,
  0x66, 0x69, 0x65, 0x5f, 0x69, 0x6d, 0x61, 0x00, 0x63, 0x79, 0x63, 0x6c, 0x00, 0x6f, 0x6b, 0x00,
  0x6d, 0x75, 0x6c, 0x74, 0x69, 0x5f, 0x69, 0x6e, 0x64, 0x65, 0x78, 0x00, 0x6c, 0x61, 0x79, 0x65,
  0x72, 0x00, 0x70, 0x61, 0x73, 0x73, 0x00, 0x6d, 0x65, 0x6e, 0x75, 0x6e, 0x72, 0x00, 0x69, 0x62,
  0x75, 0x66, 0x73, 0x00, 0x2a, 0x67, 0x70, 0x75, 0x74, 0x65, 0x78, 0x74, 0x75, 0x72, 0x65, 0x00,
  0x2a, 0x61, 0x6e, 0x69, 0x6d, 0x00, 0x2a, 0x72, 0x72, 0x00, 0x73, 0x6f, 0x75, 0x72, 0x63, 0x65,
  0x00, 0x6c, 0x61, 0x73, 0x74, 0x66, 0x72, 0x61, 0x6d, 0x65, 0x00, 0x74, 0x70, 0x61, 0x67, 0x65,
  0x66, 0x6c, 0x61, 0x67, 0x00, 0x74, 0x6f, 0x74, 0x62, 0x69, 0x6e, 0x64, 0x00, 0x78, 0x72, 0x65,
  0x70, 0x00, 0x79, 0x72, 0x65, 0x70, 0x00, 0x74, 0x77, 0x73, 0x74, 0x61, 0x00, 0x74, 0x77, 0x65,
  0x6e, 0x64, 0x00, 0x62, 0x69, 0x6e, 0x64, 0x63, 0x6f, 0x64, 0x65, 0x00, 0x2a, 0x72, 0x65, 0x70,
  0x62, 0x69, 0x6e, 0x64, 0x00, 0x2a, 0x70, 0x61, 0x63, 0x6b, 0x65, 0x64, 0x66, 0x69, 0x6c, 0x65,
  0x00, 0x2a, 0x70, 0x72, 0x65, 0x76, 0x69, 0x65, 0x77, 0x00, 0x6c, 0x61, 0x73, 0x74, 0x75, 0x70,
  0x64, 0x61, 0x74, 0x65, 0x00, 0x6c, 0x61, 0x73, 0x74, 0x75, 0x73, 0x65, 0x64, 0x00, 0x61, 0x6e,
  0x69, 0x6d, 0x73, 0x70, 0x65, 0x65, 0x64, 0x00, 0x67, 0x65, 0x6e, 0x5f, 0x78, 0x00, 0x67, 0x65,
  0x6e, 0x5f, 0x79, 0x00, 0x67, 0x65, 0x6e, 0x5f, 0x74, 0x79, 0x70, 0x65, 0x00, 0x61, 0x73, 0x70,
  0x78, 0x00, 0x61, 0x73, 0x70, 0x79, 0x00, 0x2a, 0x76, 0x6e, 0x6f, 0x64, 0x65, 0x00, 0x74, 0x65,
  0x78, 0x63, 0x6f, 0x00, 0x6d, 0x61, 0x70, 0x74, 0x6f, 0x00, 0x6d, 0x61, 0x70, 0x74, 0x6f, 0x6e,
  0x65, 0x67, 0x00, 0x62, 0x6c, 0x65, 0x6e, 0x64, 0x74, 0x79, 0x70, 0x65, 0x00, 0x2a, 0x6f, 0x62,
  0x6a, 0x65, 0x63, 0x74, 0x00, 0x2a, 0x74, 0x65, 0x78, 0x00, 0x75, 0x76, 0x6e, 0x61, 0x6d, 0x65,
  0x5b, 0x33, 0x32, 0x5d, 0x00, 0x70, 0x72, 0x6f, 0x6a, 0x78, 0x00, 0x70, 0x72, 0x6f, 0x6a, 0x79,
  0x00, 0x70, 0x72, 0x6f, 0x6a, 0x7a, 0x00, 0x6d, 0x61, 0x70, 0x70, 0x69, 0x6e, 0x67, 0x00, 0x6f,
  0x66, 0x73, 0x5b, 0x33, 0x5d, 0x00, 0x73, 0x69, 0x7a, 0x65, 0x5b, 0x33, 0x5d, 0x00, 0x74, 0x65,
  0x78, 0x66, 0x6c, 0x61, 0x67, 0x00, 0x63, 0x6f, 0x6c, 0x6f, 0x72, 0x6d, 0x6f, 0x64, 0x65, 0x6c,
  0x00, 0x70, 0x6d, 0x61, 0x70, 0x74, 0x6f, 0x00, 0x70, 0x6d, 0x61, 0x70, 0x74, 0x6f, 0x6e, 0x65,
  0x67, 0x00, 0x6e, 0x6f, 0x72, 0x6d, 0x61, 0x70, 0x73, 0x70, 0x61, 0x63, 0x65, 0x00, 0x70, 0x61,
  0x64, 0x5b, 0x33, 0x5d, 0x00, 0x72, 0x00, 0x67, 0x00, 0x62, 0x00, 0x6b, 0x00, 0x64, 0x65, 0x66,
  0x5f, 0x76, 0x61, 0x72, 0x00, 0x63, 0x6f, 0x6c, 0x66, 0x61, 0x63, 0x00, 0x6e, 0x6f, 0x72, 0x66,
  0x61, 0x63, 0x00, 0x76, 0x61, 0x72, 0x66, 0x61, 0x63, 0x00, 0x64, 0x69, 0x73, 0x70, 0x66, 0x61,
  0x63, 0x00, 0x77, 0x61, 0x72, 0x70, 0x66, 0x61, 0x63, 0x00, 0x6e, 0x61, 0x6d, 0x65, 0x5b, 0x31,
  0x36, 0x30, 0x5d, 0x00, 0x2a, 0x68, 0x61, 0x6e, 0x64, 0x6c, 0x65, 0x00, 0x2a, 0x70, 0x6e, 0x61,
  0x6d, 0x65, 0x00, 0x2a, 0x73, 0x74, 0x6e, 0x61, 0x6d, 0x65, 0x73, 0x00, 0x73, 0x74, 0x79, 0x70,
  0x65, 0x73, 0x00, 0x76, 0x61, 0x72, 0x73, 0x00, 0x2a, 0x76, 0x61, 0x72, 0x73, 0x74, 0x72, 0x00,
  0x2a, 0x72, 0x65, 0x73, 0x75, 0x6c, 0x74, 0x00, 0x2a, 0x63, 0x66, 0x72, 0x61, 0x00, 0x64, 0x61,
  0x74, 0x61, 0x5b, 0x33, 0x32, 0x5d, 0x00, 0x28, 0x2a, 0x64, 0x6f, 0x69, 0x74, 0x29, 0x28, 0x29,
  0x00, 0x28, 0x2a, 0x69, 0x6e, 0x73, 0x74, 0x61, 0x6e, 0x63, 0x65, 0x5f, 0x69, 0x6e, 0x69, 0x74,
  0x29, 0x28, 0x29, 0x00, 0x28, 0x2a, 0x63, 0x61, 0x6c, 0x6c, 0x62, 0x61, 0x63, 0x6b, 0x29, 0x28,
  0x29, 0x00, 0x76, 0x65, 0x72, 0x73, 0x69, 0x6f, 0x6e, 0x00, 0x61, 0x00, 0x69, 0x70, 0x6f, 0x74,
  0x79, 0x70, 0x65, 0x00, 0x2a, 0x69, 0x6d, 0x61, 0x00, 0x2a, 0x63, 0x75, 0x62, 0x65, 0x5b, 0x36,
  0x5d, 0x00, 0x69, 0x6d, 0x61, 0x74, 0x5b, 0x34, 0x5d, 0x5b, 0x34, 0x5d, 0x00, 0x6f, 0x62, 0x69,
  0x6d, 0x61, 0x74, 0x5b, 0x33, 0x5d, 0x5b, 0x33, 0x5d, 0x00, 0x73, 0x74, 0x79, 0x70, 0x65, 0x00,
  0x76, 0x69, 0x65, 0x77, 0x73, 0x63, 0x61, 0x6c, 0x65, 0x00, 0x6e, 0x6f, 0x74, 0x6c, 0x61, 0x79,
  0x00, 0x63, 0x75, 0x62, 0x65, 0x72, 0x65, 0x73, 0x00, 0x64, 0x65, 0x70, 0x74, 0x68, 0x00, 0x72,
  0x65, 0x63, 0x61, 0x6c, 0x63, 0x00, 0x6c, 0x61, 0x73, 0x74, 0x73, 0x69, 0x7a, 0x65, 0x00, 0x6e,
  0x6f, 0x69, 0x73, 0x65, 0x73, 0x69, 0x7a, 0x65, 0x00, 0x74, 0x75, 0x72, 0x62, 0x75, 0x6c, 0x00,
  0x62, 0x72, 0x69, 0x67, 0x68, 0x74, 0x00, 0x63, 0x6f, 0x6e, 0x74, 0x72, 0x61, 0x73, 0x74, 0x00,
  0x72, 0x66, 0x61, 0x63, 0x00, 0x67, 0x66, 0x61, 0x63, 0x00, 0x62, 0x66, 0x61, 0x63, 0x00, 0x66,
  0x69, 0x6c, 0x74, 0x65, 0x72, 0x73, 0x69, 0x7a, 0x65, 0x00, 0x6d, 0x67, 0x5f, 0x48, 0x00, 0x6d,
  0x67, 0x5f, 0x6c, 0x61, 0x63, 0x75, 0x6e, 0x61, 0x72, 0x69, 0x74, 0x79, 0x00, 0x6d, 0x67, 0x5f,
  0x6f, 0x63, 0x74, 0x61, 0x76, 0x65, 0x73, 0x00, 0x6d, 0x67, 0x5f, 0x6f, 0x66, 0x66, 0x73, 0x65,
  0x74, 0x00, 0x6d, 0x67, 0x5f, 0x67, 0x61, 0x69, 0x6e, 0x00, 0x64, 0x69, 0x73, 0x74, 0x5f, 0x61,
  0x6d, 0x6f, 0x75, 0x6e, 0x74, 0x00, 0x6e, 0x73, 0x5f, 0x6f, 0x75, 0x74, 0x73, 0x63, 0x61, 0x6c,
  0x65, 0x00, 0x76, 0x6e, 0x5f, 0x77, 0x31, 0x00, 0x76, 0x6e, 0x5f, 0x77, 0x32, 0x00, 0x76, 0x6e,
  0x5f, 0x77, 0x33, 0x00, 0x76, 0x6e, 0x5f, 0x77, 0x34, 0x00, 0x76, 0x6e, 0x5f, 0x6d, 0x65, 0x78,
  0x70, 0x00, 0x76, 0x6e, 0x5f, 0x64, 0x69, 0x73, 0x74, 0x6d, 0x00, 0x76, 0x6e, 0x5f, 0x63, 0x6f,
  0x6c, 0x74, 0x79, 0x70, 0x65, 0x00, 0x6e, 0x6f, 0x69, 0x73, 0x65, 0x64, 0x65, 0x70, 0x74, 0x68,
  0x00, 0x6e, 0x6f, 0x69, 0x73, 0x65, 0x74, 0x79, 0x70, 0x65, 0x00, 0x6e, 0x6f, 0x69, 0x73, 0x65,
  0x62, 0x61, 0x73, 0x69, 0x73, 0x00, 0x6e, 0x6f, 0x69, 0x73, 0x65, 0x62, 0x61, 0x73, 0x69, 0x73,
  0x32, 0x00, 0x69, 0x6d, 0x61, 0x66, 0x6c, 0x61, 0x67, 0x00, 0x63, 0x72, 0x6f, 0x70, 0x78, 0x6d,
  0x69, 0x6e, 0x00, 0x63, 0x72, 0x6f, 0x70, 0x79, 0x6d, 0x69, 0x6e, 0x00, 0x63, 0x72, 0x6f, 0x70,
  0x78, 0x6d, 0x61, 0x78, 0x00, 0x63, 0x72, 0x6f, 0x70, 0x79, 0x6d, 0x61, 0x78, 0x00, 0x78, 0x72,
  0x65, 0x70, 0x65, 0x61, 0x74, 0x00, 0x79, 0x72, 0x65, 0x70, 0x65, 0x61, 0x74, 0x00, 0x65, 0x78,
  0x74, 0x65, 0x6e, 0x64, 0x00, 0x63, 0x68, 0x65, 0x63, 0x6b, 0x65, 0x72, 0x64, 0x69, 0x73, 0x74,
  0x00, 0x6e, 0x61, 0x62, 0x6c, 0x61, 0x00, 0x69, 0x75, 0x73, 0x65, 0x72, 0x00, 0x2a, 0x70, 0x6c,
  0x75, 0x67, 0x69, 0x6e, 0x00, 0x2a, 0x63, 0x6f, 0x62, 0x61, 0x00, 0x2a, 0x65, 0x6e, 0x76, 0x00,
  0x6c, 0x6f, 0x63, 0x5b, 0x33, 0x5d, 0x00, 0x72, 0x6f, 0x74, 0x5b, 0x33, 0x5d, 0x00, 0x6d, 0x61,
  0x74, 0x5b, 0x34, 0x5d, 0x5b, 0x34, 0x5d, 0x00, 0x6d, 0x69, 0x6e, 0x5b, 0x33, 0x5d, 0x00, 0x6d,
  0x61, 0x78, 0x5b, 0x33, 0x5d, 0x00, 0x70, 0x61, 0x64, 0x33, 0x00, 0x6d, 0x6f, 0x64, 0x65, 0x00,
  0x74, 0x6f, 0x74, 0x65, 0x78, 0x00, 0x73, 0x68, 0x64, 0x77, 0x72, 0x00, 0x73, 0x68, 0x64, 0x77,
  0x67, 0x00, 0x73, 0x68, 0x64, 0x77, 0x62, 0x00, 0x73, 0x68, 0x64, 0x77, 0x70, 0x61, 0x64, 0x00,
  0x65, 0x6e, 0x65, 0x72, 0x67, 0x79, 0x00, 0x64, 0x69, 0x73, 0x74, 0x00, 0x73, 0x70, 0x6f, 0x74,
  0x73, 0x69, 0x7a, 0x65, 0x00, 0x73, 0x70, 0x6f, 0x74, 0x62, 0x6c, 0x65, 0x6e, 0x64, 0x00, 0x68,
  0x61, 0x69, 0x6e, 0x74, 0x00, 0x61, 0x74, 0x74, 0x31, 0x00, 0x61, 0x74, 0x74, 0x32, 0x00, 0x2a,
  0x63, 0x75, 0x72, 0x66, 0x61, 0x6c, 0x6c, 0x6f, 0x66, 0x66, 0x00, 0x66, 0x61, 0x6c, 0x6c, 0x6f,
  0x66, 0x66, 0x5f, 0x74, 0x79, 0x70, 0x65, 0x00, 0x73, 0x68, 0x61, 0x64, 0x73, 0x70, 0x6f, 0x74,
  0x73, 0x69, 0x7a, 0x65, 0x00, 0x62, 0x69, 0x61, 0x73, 0x00, 0x73, 0x6f, 0x66, 0x74, 0x00, 0x62,
  0x75, 0x66, 0x73, 0x69, 0x7a, 0x65, 0x00, 0x73, 0x61, 0x6d, 0x70, 0x00, 0x62, 0x75, 0x66, 0x66,
  0x65, 0x72, 0x73, 0x00, 0x66, 0x69, 0x6c, 0x74, 0x65, 0x72, 0x74, 0x79, 0x70, 0x65, 0x00, 0x62,
  0x75, 0x66, 0x66, 0x6c, 0x61, 0x67, 0x00, 0x62, 0x75, 0x66, 0x74, 0x79, 0x70, 0x65, 0x00, 0x72,
  0x61, 0x79, 0x5f, 0x73, 0x61, 0x6d, 0x70, 0x00, 0x72, 0x61, 0x79, 0x5f, 0x73, 0x61, 0x6d, 0x70,
  0x79, 0x00, 0x72, 0x61, 0x79, 0x5f, 0x73, 0x61, 0x6d, 0x70, 0x7a, 0x00, 0x72, 0x61, 0x79, 0x5f,
  0x73, 0x61, 0x6d, 0x70, 0x5f, 0x74, 0x79, 0x70, 0x65, 0x00, 0x61, 0x72, 0x65, 0x61, 0x5f, 0x73,
  0x68, 0x61, 0x70, 0x65, 0x00, 0x61, 0x72, 0x65, 0x61, 0x5f, 0x73, 0x69, 0x7a, 0x65, 0x00, 0x61,
  0x72, 0x65, 0x61, 0x5f, 0x73, 0x69, 0x7a, 0x65, 0x79, 0x00, 0x61, 0x72, 0x65, 0x61, 0x5f, 0x73,
  0x69, 0x7a, 0x65, 0x7a, 0x00, 0x61, 0x64, 0x61, 0x70, 0x74, 0x5f, 0x74, 0x68, 0x72, 0x65, 0x73,
  0x68, 0x00, 0x72, 0x61, 0x79, 0x5f, 0x73, 0x61, 0x6d, 0x70, 0x5f, 0x6d, 0x65, 0x74, 0x68, 0x6f,
  0x64, 0x00, 0x74, 0x65, 0x78, 0x61, 0x63, 0x74, 0x00, 0x73, 0x68, 0x61, 0x64, 0x68, 0x61, 0x6c,
  0x6f, 0x73, 0x74, 0x65, 0x70, 0x00, 0x73, 0x75, 0x6e, 0x5f, 0x65, 0x66, 0x66, 0x65, 0x63, 0x74,
  0x5f, 0x74, 0x79, 0x70, 0x65, 0x00, 0x73, 0x6b, 0x79, 0x62, 0x6c, 0x65, 0x6e, 0x64, 0x74, 0x79,
  0x70, 0x65, 0x00, 0x68, 0x6f, 0x72, 0x69, 0x7a, 0x6f, 0x6e, 0x5f, 0x62, 0x72, 0x69, 0x67, 0x68,
  0x74, 0x6e, 0x65, 0x73, 0x73, 0x00, 0x73, 0x70, 0x72, 0x65, 0x61, 0x64, 0x00, 0x73, 0x75, 0x6e,
  0x5f, 0x62, 0x72, 0x69, 0x67, 0x68, 0x74, 0x6e, 0x65, 0x73, 0x73, 0x00, 0x73, 0x75, 0x6e, 0x5f,
  0x73, 0x69, 0x7a, 0x65, 0x00, 0x62, 0x61, 0x63, 0x6b, 0x73, 0x63, 0x61, 0x74, 0x74, 0x65, 0x72,
  0x65, 0x64, 0x5f, 0x6c, 0x69, 0x67, 0x68, 0x74, 0x00, 0x73, 0x75, 0x6e, 0x5f, 0x69, 0x6e, 0x74,
  0x65, 0x6e, 0x73, 0x69, 0x74, 0x79, 0x00, 0x61, 0x74, 0x6d, 0x5f, 0x74, 0x75, 0x72, 0x62, 0x69,
  0x64, 0x69, 0x74, 0x79, 0x00, 0x61, 0x74, 0x6d, 0x5f, 0x69, 0x6e, 0x73, 0x63, 0x61, 0x74, 0x74,
  0x65, 0x72, 0x69, 0x6e, 0x67, 0x5f, 0x66, 0x61, 0x63, 0x74, 0x6f, 0x72, 0x00, 0x61, 0x74, 0x6d,
  0x5f, 0x65, 0x78, 0x74, 0x69, 0x6e, 0x63, 0x74, 0x69, 0x6f, 0x6e, 0x5f, 0x66, 0x61, 0x63, 0x74,
  0x6f, 0x72, 0x00, 0x61, 0x74, 0x6d, 0x5f, 0x64, 0x69, 0x73, 0x74, 0x61, 0x6e, 0x63, 0x65, 0x5f,
  0x66, 0x61, 0x63, 0x74, 0x6f, 0x72, 0x00, 0x73, 0x6b, 0x79, 0x62, 0x6c, 0x65, 0x6e, 0x64, 0x66,
  0x61, 0x63, 0x00, 0x73, 0x6b, 0x79, 0x5f, 0x65, 0x78, 0x70, 0x6f, 0x73, 0x75, 0x72, 0x65, 0x00,
  0x73, 0x6b, 0x79, 0x5f, 0x63, 0x6f, 0x6c, 0x6f, 0x72, 0x73, 0x70, 0x61, 0x63, 0x65, 0x00, 0x70,
  0x61, 0x64, 0x34, 0x00, 0x59, 0x46, 0x5f, 0x6e, 0x75, 0x6d, 0x70, 0x68, 0x6f, 0x74, 0x6f, 0x6e,
  0x73, 0x00, 0x59, 0x46, 0x5f, 0x6e, 0x75, 0x6d, 0x73, 0x65, 0x61, 0x72, 0x63, 0x68, 0x00, 0x59,
  0x46, 0x5f, 0x70, 0x68, 0x64, 0x65, 0x70, 0x74, 0x68, 0x00, 0x59, 0x46, 0x5f, 0x75, 0x73, 0x65,
  0x71, 0x6d, 0x63, 0x00, 0x59, 0x46, 0x5f, 0x62, 0x75, 0x66, 0x73, 0x69, 0x7a, 0x65, 0x00, 0x59,
  0x46, 0x5f, 0x70, 0x61, 0x64, 0x00, 0x59, 0x46, 0x5f, 0x63, 0x61, 0x75, 0x73, 0x74, 0x69, 0x63,
  0x62, 0x6c, 0x75, 0x72, 0x00, 0x59, 0x46, 0x5f, 0x6c, 0x74, 0x72, 0x61, 0x64, 0x69, 0x75, 0x73,
  0x00, 0x59, 0x46, 0x5f, 0x67, 0x6c, 0x6f, 0x77, 0x69, 0x6e, 0x74, 0x00, 0x59, 0x46, 0x5f, 0x67,
  0x6c, 0x6f, 0x77, 0x6f, 0x66, 0x73, 0x00, 0x59, 0x46, 0x5f, 0x67, 0x6c, 0x6f, 0x77, 0x74, 0x79,
  0x70, 0x65, 0x00, 0x59, 0x46, 0x5f, 0x70, 0x61, 0x64, 0x32, 0x00, 0x2a, 0x6d, 0x74, 0x65, 0x78,
  0x5b, 0x31, 0x38, 0x5d, 0x00, 0x73, 0x70, 0x65, 0x63, 0x72, 0x00, 0x73, 0x70, 0x65, 0x63, 0x67,
  0x00, 0x73, 0x70, 0x65, 0x63, 0x62, 0x00, 0x6d, 0x69, 0x72, 0x72, 0x00, 0x6d, 0x69, 0x72, 0x67,
  0x00, 0x6d, 0x69, 0x72, 0x62, 0x00, 0x61, 0x6d, 0x62, 0x72, 0x00, 0x61, 0x6d, 0x62, 0x62, 0x00,
  0x61, 0x6d, 0x62, 0x67, 0x00, 0x61, 0x6d, 0x62, 0x00, 0x65, 0x6d, 0x69, 0x74, 0x00, 0x61, 0x6e,
  0x67, 0x00, 0x73, 0x70, 0x65, 0x63, 0x74, 0x72, 0x61, 0x00, 0x72, 0x61, 0x79, 0x5f, 0x6d, 0x69,
  0x72, 0x72, 0x6f, 0x72, 0x00, 0x61, 0x6c, 0x70, 0x68, 0x61, 0x00, 0x72, 0x65, 0x66, 0x00, 0x73,
  0x70, 0x65, 0x63, 0x00, 0x7a, 0x6f, 0x66, 0x66, 0x73, 0x00, 0x61, 0x64, 0x64, 0x00, 0x74, 0x72,
  0x61, 0x6e, 0x73, 0x6c, 0x75, 0x63, 0x65, 0x6e, 0x63, 0x79, 0x00, 0x66, 0x72, 0x65, 0x73, 0x6e,
  0x65, 0x6c, 0x5f, 0x6d, 0x69, 0x72, 0x00, 0x66, 0x72, 0x65, 0x73, 0x6e, 0x65, 0x6c, 0x5f, 0x6d,
  0x69, 0x72, 0x5f, 0x69, 0x00, 0x66, 0x72, 0x65, 0x73, 0x6e, 0x65, 0x6c, 0x5f, 0x74, 0x72, 0x61,
  0x00, 0x66, 0x72, 0x65, 0x73, 0x6e, 0x65, 0x6c, 0x5f, 0x74, 0x72, 0x61, 0x5f, 0x69, 0x00, 0x66,
  0x69, 0x6c, 0x74, 0x65, 0x72, 0x00, 0x74, 0x78, 0x5f, 0x6c, 0x69, 0x6d, 0x69, 0x74, 0x00, 0x74,
  0x78, 0x5f, 0x66, 0x61, 0x6c, 0x6c, 0x6f, 0x66, 0x66, 0x00, 0x72, 0x61, 0x79, 0x5f, 0x64, 0x65,
  0x70, 0x74, 0x68, 0x00, 0x72, 0x61, 0x79, 0x5f, 0x64, 0x65, 0x70, 0x74, 0x68, 0x5f, 0x74, 0x72,
  0x61, 0x00, 0x68, 0x61, 0x72, 0x00, 0x73, 0x65, 0x65, 0x64, 0x31, 0x00, 0x73, 0x65, 0x65, 0x64,
  0x32, 0x00, 0x67, 0x6c, 0x6f, 0x73, 0x73, 0x5f, 0x6d, 0x69, 0x72, 0x00, 0x67, 0x6c, 0x6f, 0x73,
  0x73, 0x5f, 0x74, 0x72, 0x61, 0x00, 0x73, 0x61, 0x6d, 0x70, 0x5f, 0x67, 0x6c, 0x6f, 0x73, 0x73,
  0x5f, 0x6d, 0x69, 0x72, 0x00, 0x73, 0x61, 0x6d, 0x70, 0x5f, 0x67, 0x6c, 0x6f, 0x73, 0x73, 0x5f,
  0x74, 0x72, 0x61, 0x00, 0x61, 0x64, 0x61, 0x70, 0x74, 0x5f, 0x74, 0x68, 0x72, 0x65, 0x73, 0x68,
  0x5f, 0x6d, 0x69, 0x72, 0x00, 0x61, 0x64, 0x61, 0x70, 0x74, 0x5f, 0x74, 0x68, 0x72, 0x65, 0x73,
  0x68, 0x5f, 0x74, 0x72, 0x61, 0x00, 0x61, 0x6e, 0x69, 0x73, 0x6f, 0x5f, 0x67, 0x6c, 0x6f, 0x73,
  0x73, 0x5f, 0x6d, 0x69, 0x72, 0x00, 0x64, 0x69, 0x73, 0x74, 0x5f, 0x6d, 0x69, 0x72, 0x00, 0x66,
  0x61, 0x64, 0x65, 0x74, 0x6f, 0x5f, 0x6d, 0x69, 0x72, 0x00, 0x73, 0x68, 0x61, 0x64, 0x65, 0x5f,
  0x66, 0x6c, 0x61, 0x67, 0x00, 0x6d, 0x6f, 0x64, 0x65, 0x5f, 0x6c, 0x00, 0x66, 0x6c, 0x61, 0x72,
  0x65, 0x63, 0x00, 0x73, 0x74, 0x61, 0x72, 0x63, 0x00, 0x6c, 0x69, 0x6e, 0x65, 0x63, 0x00, 0x72,
  0x69, 0x6e, 0x67, 0x63, 0x00, 0x68, 0x61, 0x73, 0x69, 0x7a, 0x65, 0x00, 0x66, 0x6c, 0x61, 0x72,
  0x65, 0x73, 0x69, 0x7a, 0x65, 0x00, 0x73, 0x75, 0x62, 0x73, 0x69, 0x7a, 0x65, 0x00, 0x66, 0x6c,
  0x61, 0x72, 0x65, 0x62, 0x6f, 0x6f, 0x73, 0x74, 0x00, 0x73, 0x74, 0x72, 0x61, 0x6e, 0x64, 0x5f,
  0x73, 0x74, 0x61, 0x00, 0x73, 0x74, 0x72, 0x61, 0x6e, 0x64, 0x5f, 0x65, 0x6e, 0x64, 0x00, 0x73,
  0x74, 0x72, 0x61, 0x6e, 0x64, 0x5f, 0x65, 0x61, 0x73, 0x65, 0x00, 0x73, 0x74, 0x72, 0x61, 0x6e,
  0x64, 0x5f, 0x73, 0x75, 0x72, 0x66, 0x6e, 0x6f, 0x72, 0x00, 0x73, 0x74, 0x72, 0x61, 0x6e, 0x64,
  0x5f, 0x6d, 0x69, 0x6e, 0x00, 0x73, 0x74, 0x72, 0x61, 0x6e, 0x64, 0x5f, 0x77, 0x69, 0x64, 0x74,
  0x68, 0x66, 0x61, 0x64, 0x65, 0x00, 0x73, 0x74, 0x72, 0x61, 0x6e, 0x64, 0x5f, 0x75, 0x76, 0x6e,
  0x61, 0x6d, 0x65, 0x5b, 0x33, 0x32, 0x5d, 0x00, 0x73, 0x62, 0x69, 0x61, 0x73, 0x00, 0x6c, 0x62,
  0x69, 0x61, 0x73, 0x00, 0x73, 0x68, 0x61, 0x64, 0x5f, 0x61, 0x6c, 0x70, 0x68, 0x61, 0x00, 0x73,
  0x65, 0x70, 0x74, 0x65, 0x78, 0x00, 0x72, 0x67, 0x62, 0x73, 0x65, 0x6c, 0x00, 0x70, 0x72, 0x5f,
  0x74, 0x79, 0x70, 0x65, 0x00, 0x75, 0x73, 0x65, 0x5f, 0x6e, 0x6f, 0x64, 0x65, 0x73, 0x00, 0x70,
  0x72, 0x5f, 0x62, 0x61, 0x63, 0x6b, 0x00, 0x70, 0x72, 0x5f, 0x6c, 0x61, 0x6d, 0x70, 0x00, 0x6d,
  0x6c, 0x5f, 0x66, 0x6c, 0x61, 0x67, 0x00, 0x64, 0x69, 0x66, 0x66, 0x5f, 0x73, 0x68, 0x61, 0x64,
  0x65, 0x72, 0x00, 0x73, 0x70, 0x65, 0x63, 0x5f, 0x73, 0x68, 0x61, 0x64, 0x65, 0x72, 0x00, 0x72,
  0x6f, 0x75, 0x67, 0x68, 0x6e, 0x65, 0x73, 0x73, 0x00, 0x72, 0x65, 0x66, 0x72, 0x61, 0x63, 0x00,
  0x70, 0x61, 0x72, 0x61, 0x6d, 0x5b, 0x34, 0x5d, 0x00, 0x72, 0x6d, 0x73, 0x00, 0x64, 0x61, 0x72,
  0x6b, 0x6e, 0x65, 0x73, 0x73, 0x00, 0x2a, 0x72, 0x61, 0x6d, 0x70, 0x5f, 0x63, 0x6f, 0x6c, 0x00,
  0x2a, 0x72, 0x61, 0x6d, 0x70, 0x5f, 0x73, 0x70, 0x65, 0x63, 0x00, 0x72, 0x61, 0x6d, 0x70, 0x69,
  0x6e, 0x5f, 0x63, 0x6f, 0x6c, 0x00, 0x72, 0x61, 0x6d, 0x70, 0x69, 0x6e, 0x5f, 0x73, 0x70, 0x65,
  0x63, 0x00, 0x72, 0x61, 0x6d, 0x70, 0x62, 0x6c, 0x65, 0x6e, 0x64, 0x5f, 0x63, 0x6f, 0x6c, 0x00,
  0x72, 0x61, 0x6d, 0x70, 0x62, 0x6c, 0x65, 0x6e, 0x64, 0x5f, 0x73, 0x70, 0x65, 0x63, 0x00, 0x72,
  0x61, 0x6d, 0x70, 0x5f, 0x73, 0x68, 0x6f, 0x77, 0x00, 0x72, 0x61, 0x6d, 0x70, 0x66, 0x61, 0x63,
  0x5f, 0x63, 0x6f, 0x6c, 0x00, 0x72, 0x61, 0x6d, 0x70, 0x66, 0x61, 0x63, 0x5f, 0x73, 0x70, 0x65,
  0x63, 0x00, 0x2a, 0x6e, 0x6f, 0x64, 0x65, 0x74, 0x72, 0x65, 0x65, 0x00, 0x2a, 0x67, 0x72, 0x6f,
  0x75, 0x70, 0x00, 0x66, 0x72, 0x69, 0x63, 0x74, 0x69, 0x6f, 0x6e, 0x00, 0x66, 0x68, 0x00, 0x72,
  0x65, 0x66, 0x6c, 0x65, 0x63, 0x74, 0x00, 0x66, 0x68, 0x64, 0x69, 0x73, 0x74, 0x00, 0x78, 0x79,
  0x66, 0x72, 0x69, 0x63, 0x74, 0x00, 0x64, 0x79, 0x6e, 0x61, 0x6d, 0x6f, 0x64, 0x65, 0x00, 0x73,
  0x73, 0x73, 0x5f, 0x72, 0x61, 0x64, 0x69, 0x75, 0x73, 0x5b, 0x33, 0x5d, 0x00, 0x73, 0x73, 0x73,
  0x5f, 0x63, 0x6f, 0x6c, 0x5b, 0x33, 0x5d, 0x00, 0x73, 0x73, 0x73, 0x5f, 0x65, 0x72, 0x72, 0x6f,
  0x72, 0x00, 0x73, 0x73, 0x73, 0x5f, 0x73, 0x63, 0x61, 0x6c, 0x65, 0x00, 0x73, 0x73, 0x73, 0x5f,
  0x69, 0x6f, 0x72, 0x00, 0x73, 0x73, 0x73, 0x5f, 0x63, 0x6f, 0x6c, 0x66, 0x61, 0x63, 0x00, 0x73,
  0x73, 0x73, 0x5f, 0x74, 0x65, 0x78, 0x66, 0x61, 0x63, 0x00, 0x73, 0x73, 0x73, 0x5f, 0x66, 0x72,
  0x6f, 0x6e, 0x74, 0x00, 0x73, 0x73, 0x73, 0x5f, 0x62, 0x61, 0x63, 0x6b, 0x00, 0x73, 0x73, 0x73,
  0x5f, 0x66, 0x6c, 0x61, 0x67, 0x00, 0x73, 0x73, 0x73, 0x5f, 0x70, 0x72, 0x65, 0x73, 0x65, 0x74,
  0x00, 0x59, 0x46, 0x5f, 0x61, 0x72, 0x00, 0x59, 0x46, 0x5f, 0x61, 0x67, 0x00, 0x59, 0x46, 0x5f,
  0x61, 0x62, 0x00, 0x59, 0x46, 0x5f, 0x64, 0x73, 0x63, 0x61, 0x6c, 0x65, 0x00, 0x59, 0x46, 0x5f,
  0x64, 0x70, 0x77, 0x72, 0x00, 0x59, 0x46, 0x5f, 0x64, 0x73, 0x6d, 0x70, 0x00, 0x59, 0x46, 0x5f,
  0x70, 0x72, 0x65, 0x73, 0x65, 0x74, 0x00, 0x59, 0x46, 0x5f, 0x64, 0x6a, 0x69, 0x74, 0x00, 0x67,
  0x70, 0x75, 0x6d, 0x61, 0x74, 0x65, 0x72, 0x69, 0x61, 0x6c, 0x00, 0x6e, 0x61, 0x6d, 0x65, 0x5b,
  0x32, 0x35, 0x36, 0x5d, 0x00, 0x73, 0x63, 0x61, 0x6c, 0x65, 0x00, 0x2a, 0x62, 0x62, 0x00, 0x69,
  0x31, 0x00, 0x6a, 0x31, 0x00, 0x6b, 0x31, 0x00, 0x69, 0x32, 0x00, 0x6a, 0x32, 0x00, 0x6b, 0x32,
  0x00, 0x73, 0x65, 0x6c, 0x63, 0x6f, 0x6c, 0x31, 0x00, 0x73, 0x65, 0x6c, 0x63, 0x6f, 0x6c, 0x32,
  0x00, 0x71, 0x75, 0x61, 0x74, 0x5b, 0x34, 0x5d, 0x00, 0x65, 0x78, 0x70, 0x78, 0x00, 0x65, 0x78,
  0x70, 0x79, 0x00, 0x65, 0x78, 0x70, 0x7a, 0x00, 0x72, 0x61, 0x64, 0x00, 0x72, 0x61, 0x64, 0x32,
  0x00, 0x73, 0x00, 0x2a, 0x6d, 0x61, 0x74, 0x00, 0x2a, 0x69, 0x6d, 0x61, 0x74, 0x00, 0x65, 0x6c,
  0x65, 0x6d, 0x73, 0x00, 0x64, 0x69, 0x73, 0x70, 0x00, 0x2a, 0x2a, 0x6d, 0x61, 0x74, 0x00, 0x74,
  0x6f, 0x74, 0x63, 0x6f, 0x6c, 0x00, 0x77, 0x69, 0x72, 0x65, 0x73, 0x69, 0x7a, 0x65, 0x00, 0x72,
  0x65, 0x6e, 0x64, 0x65, 0x72, 0x73, 0x69, 0x7a, 0x65, 0x00, 0x74, 0x68, 0x72, 0x65, 0x73, 0x68,
  0x00, 0x76, 0x65, 0x63, 0x5b, 0x33, 0x5d, 0x5b, 0x33, 0x5d, 0x00, 0x61, 0x6c, 0x66, 0x61, 0x00,
  0x77, 0x65, 0x69, 0x67, 0x68, 0x74, 0x00, 0x72, 0x61, 0x64, 0x69, 0x75, 0x73, 0x00, 0x68, 0x31,
  0x00, 0x68, 0x32, 0x00, 0x66, 0x31, 0x00, 0x66, 0x32, 0x00, 0x66, 0x33, 0x00, 0x68, 0x69, 0x64,
  0x65, 0x00, 0x76, 0x65, 0x63, 0x5b, 0x34, 0x5d, 0x00, 0x6d, 0x61, 0x74, 0x5f, 0x6e, 0x72, 0x00,
  0x70, 0x6e, 0x74, 0x73, 0x75, 0x00, 0x70, 0x6e, 0x74, 0x73, 0x76, 0x00, 0x72, 0x65, 0x73, 0x6f,
  0x6c, 0x75, 0x00, 0x72, 0x65, 0x73, 0x6f, 0x6c, 0x76, 0x00, 0x6f, 0x72, 0x64, 0x65, 0x72, 0x75,
  0x00, 0x6f, 0x72, 0x64, 0x65, 0x72, 0x76, 0x00, 0x66, 0x6c, 0x61, 0x67, 0x75, 0x00, 0x66, 0x6c,
  0x61, 0x67, 0x76, 0x00, 0x2a, 0x6b, 0x6e, 0x6f, 0x74, 0x73, 0x75, 0x00, 0x2a, 0x6b, 0x6e, 0x6f,
  0x74, 0x73, 0x76, 0x00, 0x74, 0x69, 0x6c, 0x74, 0x5f, 0x69, 0x6e, 0x74, 0x65, 0x72, 0x70, 0x00,
  0x72, 0x61, 0x64, 0x69, 0x75, 0x73, 0x5f, 0x69, 0x6e, 0x74, 0x65, 0x72, 0x70, 0x00, 0x63, 0x68,
  0x61, 0x72, 0x69, 0x64, 0x78, 0x00, 0x6b, 0x65, 0x72, 0x6e, 0x00, 0x68, 0x00, 0x6e, 0x75, 0x72,
  0x62, 0x00, 0x2a, 0x62, 0x65, 0x76, 0x6f, 0x62, 0x6a, 0x00, 0x2a, 0x74, 0x61, 0x70, 0x65, 0x72,
  0x6f, 0x62, 0x6a, 0x00, 0x2a, 0x74, 0x65, 0x78, 0x74, 0x6f, 0x6e, 0x63, 0x75, 0x72, 0x76, 0x65,
  0x00, 0x2a, 0x70, 0x61, 0x74, 0x68, 0x00, 0x2a, 0x6b, 0x65, 0x79, 0x00, 0x62, 0x65, 0x76, 0x00,
  0x70, 0x61, 0x74, 0x68, 0x6c, 0x65, 0x6e, 0x00, 0x62, 0x65, 0x76, 0x72, 0x65, 0x73, 0x6f, 0x6c,
  0x00, 0x77, 0x69, 0x64, 0x74, 0x68, 0x00, 0x65, 0x78, 0x74, 0x31, 0x00, 0x65, 0x78, 0x74, 0x32,
  0x00, 0x72, 0x65, 0x73, 0x6f, 0x6c, 0x75, 0x5f, 0x72, 0x65, 0x6e, 0x00, 0x72, 0x65, 0x73, 0x6f,
  0x6c, 0x76, 0x5f, 0x72, 0x65, 0x6e, 0x00, 0x73, 0x70, 0x61, 0x63, 0x65, 0x6d, 0x6f, 0x64, 0x65,
  0x00, 0x73, 0x70, 0x61, 0x63, 0x69, 0x6e, 0x67, 0x00, 0x6c, 0x69, 0x6e, 0x65, 0x64, 0x69, 0x73,
  0x74, 0x00, 0x73, 0x68, 0x65, 0x61, 0x72, 0x00, 0x66, 0x73, 0x69, 0x7a, 0x65, 0x00, 0x77, 0x6f,
  0x72, 0x64, 0x73, 0x70, 0x61, 0x63, 0x65, 0x00, 0x75, 0x6c, 0x70, 0x6f, 0x73, 0x00, 0x75, 0x6c,
  0x68, 0x65, 0x69, 0x67, 0x68, 0x74, 0x00, 0x78, 0x6f, 0x66, 0x00, 0x79, 0x6f, 0x66, 0x00, 0x6c,
  0x69, 0x6e, 0x65, 0x77, 0x69, 0x64, 0x74, 0x68, 0x00, 0x2a, 0x73, 0x74, 0x72, 0x00, 0x66, 0x61,
  0x6d, 0x69, 0x6c, 0x79, 0x5b, 0x32, 0x34, 0x5d, 0x00, 0x2a, 0x76, 0x66, 0x6f, 0x6e, 0x74, 0x00,
  0x2a, 0x76, 0x66, 0x6f, 0x6e, 0x74, 0x62, 0x00, 0x2a, 0x76, 0x66, 0x6f, 0x6e, 0x74, 0x69, 0x00,
  0x2a, 0x76, 0x66, 0x6f, 0x6e, 0x74, 0x62, 0x69, 0x00, 0x73, 0x65, 0x70, 0x63, 0x68, 0x61, 0x72,
  0x00, 0x74, 0x6f, 0x74, 0x62, 0x6f, 0x78, 0x00, 0x61, 0x63, 0x74, 0x62, 0x6f, 0x78, 0x00, 0x2a,
  0x74, 0x62, 0x00, 0x73, 0x65, 0x6c, 0x73, 0x74, 0x61, 0x72, 0x74, 0x00, 0x73, 0x65, 0x6c, 0x65,
  0x6e, 0x64, 0x00, 0x2a, 0x73, 0x74, 0x72, 0x69, 0x6e, 0x66, 0x6f, 0x00, 0x63, 0x75, 0x72, 0x69,
  0x6e, 0x66, 0x6f, 0x00, 0x65, 0x66, 0x66, 0x65, 0x63, 0x74, 0x00, 0x2a, 0x6d, 0x66, 0x61, 0x63,
  0x65, 0x00, 0x2a, 0x6d, 0x74, 0x66, 0x61, 0x63, 0x65, 0x00, 0x2a, 0x74, 0x66, 0x61, 0x63, 0x65,
  0x00, 0x2a, 0x6d, 0x76, 0x65, 0x72, 0x74, 0x00, 0x2a, 0x6d, 0x65, 0x64, 0x67, 0x65, 0x00, 0x2a,
  0x64, 0x76, 0x65, 0x72, 0x74, 0x00, 0x2a, 0x6d, 0x63, 0x6f, 0x6c, 0x00, 0x2a, 0x6d, 0x73, 0x74,
  0x69, 0x63, 0x6b, 0x79, 0x00, 0x2a, 0x74, 0x65, 0x78, 0x63, 0x6f, 0x6d, 0x65, 0x73, 0x68, 0x00,
  0x2a, 0x6d, 0x73, 0x65, 0x6c, 0x65, 0x63, 0x74, 0x00, 0x76, 0x64, 0x61, 0x74, 0x61, 0x00, 0x65,
  0x64, 0x61, 0x74, 0x61, 0x00, 0x66, 0x64, 0x61, 0x74, 0x61, 0x00, 0x74, 0x6f, 0x74, 0x65, 0x64,
  0x67, 0x65, 0x00, 0x74, 0x6f, 0x74, 0x66, 0x61, 0x63, 0x65, 0x00, 0x74, 0x6f, 0x74, 0x73, 0x65,
  0x6c, 0x65, 0x63, 0x74, 0x00, 0x61, 0x63, 0x74, 0x5f, 0x66, 0x61, 0x63, 0x65, 0x00, 0x63, 0x75,
  0x62, 0x65, 0x6d, 0x61, 0x70, 0x73, 0x69, 0x7a, 0x65, 0x00, 0x73, 0x6d, 0x6f, 0x6f, 0x74, 0x68,
  0x72, 0x65, 0x73, 0x68, 0x00, 0x73, 0x75, 0x62, 0x64, 0x69, 0x76, 0x00, 0x73, 0x75, 0x62, 0x64,
  0x69, 0x76, 0x72, 0x00, 0x73, 0x75, 0x62, 0x73, 0x75, 0x72, 0x66, 0x74, 0x79, 0x70, 0x65, 0x00,
  0x2a, 0x6d, 0x72, 0x00, 0x2a, 0x70, 0x76, 0x00, 0x2a, 0x74, 0x70, 0x61, 0x67, 0x65, 0x00, 0x75,
  0x76, 0x5b, 0x34, 0x5d, 0x5b, 0x32, 0x5d, 0x00, 0x63, 0x6f, 0x6c, 0x5b, 0x34, 0x5d, 0x00, 0x74,
  0x72, 0x61, 0x6e, 0x73, 0x70, 0x00, 0x74, 0x69, 0x6c, 0x65, 0x00, 0x75, 0x6e, 0x77, 0x72, 0x61,
  0x70, 0x00, 0x76, 0x31, 0x00, 0x76, 0x32, 0x00, 0x76, 0x33, 0x00, 0x76, 0x34, 0x00, 0x65, 0x64,
  0x63, 0x6f, 0x64, 0x65, 0x00, 0x63, 0x72, 0x65, 0x61, 0x73, 0x65, 0x00, 0x62, 0x77, 0x65, 0x69,
  0x67, 0x68, 0x74, 0x00, 0x64, 0x65, 0x66, 0x5f, 0x6e, 0x72, 0x00, 0x2a, 0x64, 0x77, 0x00, 0x74,
  0x6f, 0x74, 0x77, 0x65, 0x69, 0x67, 0x68, 0x74, 0x00, 0x63, 0x6f, 0x5b, 0x33, 0x5d, 0x00, 0x6e,
  0x6f, 0x5b, 0x33, 0x5d, 0x00, 0x75, 0x76, 0x5b, 0x32, 0x5d, 0x00, 0x63, 0x6f, 0x5b, 0x32, 0x5d,
  0x00, 0x69, 0x6e, 0x64, 0x65, 0x78, 0x00, 0x66, 0x00, 0x69, 0x00, 0x73, 0x5b, 0x32, 0x35, 0x36,
  0x5d, 0x00, 0x76, 0x5b, 0x34, 0x5d, 0x00, 0x6d, 0x69, 0x64, 0x00, 0x70, 0x61, 0x64, 0x5b, 0x32,
  0x5d, 0x00, 0x76, 0x5b, 0x32, 0x5d, 0x00, 0x2a, 0x66, 0x61, 0x63, 0x65, 0x73, 0x00, 0x2a, 0x63,
  0x6f, 0x6c, 0x66, 0x61, 0x63, 0x65, 0x73, 0x00, 0x2a, 0x65, 0x64, 0x67, 0x65, 0x73, 0x00, 0x2a,
  0x65, 0x64, 0x67, 0x65, 0x5f, 0x62, 0x6f, 0x75, 0x6e, 0x64, 0x61, 0x72, 0x79, 0x5f, 0x73, 0x74,
  0x61, 0x74, 0x65, 0x73, 0x00, 0x2a, 0x76, 0x65, 0x72, 0x74, 0x5f, 0x65, 0x64, 0x67, 0x65, 0x5f,
  0x6d, 0x61, 0x70, 0x00, 0x2a, 0x76, 0x65, 0x72, 0x74, 0x5f, 0x66, 0x61, 0x63, 0x65, 0x5f, 0x6d,
  0x61, 0x70, 0x00, 0x2a, 0x6d, 0x61, 0x70, 0x5f, 0x6d, 0x65, 0x6d, 0x00, 0x2a, 0x76, 0x65, 0x72,
  0x74, 0x73, 0x00, 0x6c, 0x65, 0x76, 0x65, 0x6c, 0x73, 0x00, 0x6c, 0x65, 0x76, 0x65, 0x6c, 0x5f,
  0x63, 0x6f, 0x75, 0x6e, 0x74, 0x00, 0x63, 0x75, 0x72, 0x72, 0x65, 0x6e, 0x74, 0x00, 0x6e, 0x65,
  0x77, 0x6c, 0x76, 0x6c, 0x00, 0x65, 0x64, 0x67, 0x65, 0x6c, 0x76, 0x6c, 0x00, 0x70, 0x69, 0x6e,
  0x6c, 0x76, 0x6c, 0x00, 0x72, 0x65, 0x6e, 0x64, 0x65, 0x72, 0x6c, 0x76, 0x6c, 0x00, 0x75, 0x73,
  0x65, 0x5f, 0x63, 0x6f, 0x6c, 0x00, 0x2a, 0x65, 0x64, 0x67, 0x65, 0x5f, 0x66, 0x6c, 0x61, 0x67,
  0x73, 0x00, 0x2a, 0x65, 0x64, 0x67, 0x65, 0x5f, 0x63, 0x72, 0x65, 0x61, 0x73, 0x65, 0x73, 0x00,
  0x2a, 0x76, 0x65, 0x72, 0x74, 0x5f, 0x6d, 0x61, 0x70, 0x00, 0x2a, 0x65, 0x64, 0x67, 0x65, 0x5f,
  0x6d, 0x61, 0x70, 0x00, 0x2a, 0x6f, 0x6c, 0x64, 0x5f, 0x66, 0x61, 0x63, 0x65, 0x73, 0x00, 0x2a,
  0x6f, 0x6c, 0x64, 0x5f, 0x65, 0x64, 0x67, 0x65, 0x73, 0x00, 0x2a, 0x65, 0x72, 0x72, 0x6f, 0x72,
  0x00, 0x6d, 0x6f, 0x64, 0x69, 0x66, 0x69, 0x65, 0x72, 0x00, 0x73, 0x75, 0x62, 0x64, 0x69, 0x76,
  0x54, 0x79, 0x70, 0x65, 0x00, 0x72, 0x65, 0x6e, 0x64, 0x65, 0x72, 0x4c, 0x65, 0x76, 0x65, 0x6c,
  0x73, 0x00, 0x2a, 0x65, 0x6d, 0x43, 0x61, 0x63, 0x68, 0x65, 0x00, 0x2a, 0x6d, 0x43, 0x61, 0x63,
  0x68, 0x65, 0x00, 0x64, 0x65, 0x66, 0x61, 0x78, 0x69, 0x73, 0x00, 0x70, 0x61, 0x64, 0x5b, 0x36,
  0x5d, 0x00, 0x6c, 0x65, 0x6e, 0x67, 0x74, 0x68, 0x00, 0x72, 0x61, 0x6e, 0x64, 0x6f, 0x6d, 0x69,
  0x7a, 0x65, 0x00, 0x73, 0x65, 0x65, 0x64, 0x00, 0x2a, 0x6f, 0x62, 0x5f, 0x61, 0x72, 0x6d, 0x00,
  0x2a, 0x73, 0x74, 0x61, 0x72, 0x74, 0x5f, 0x63, 0x61, 0x70, 0x00, 0x2a, 0x65, 0x6e, 0x64, 0x5f,
  0x63, 0x61, 0x70, 0x00, 0x2a, 0x63, 0x75, 0x72, 0x76, 0x65, 0x5f, 0x6f, 0x62, 0x00, 0x2a, 0x6f,
  0x66, 0x66, 0x73, 0x65, 0x74, 0x5f, 0x6f, 0x62, 0x00, 0x6f, 0x66, 0x66, 0x73, 0x65, 0x74, 0x5b,
  0x33, 0x5d, 0x00, 0x73, 0x63, 0x61, 0x6c, 0x65, 0x5b, 0x33, 0x5d, 0x00, 0x6d, 0x65, 0x72, 0x67,
  0x65, 0x5f, 0x64, 0x69, 0x73, 0x74, 0x00, 0x66, 0x69, 0x74, 0x5f, 0x74, 0x79, 0x70, 0x65, 0x00,
  0x6f, 0x66, 0x66, 0x73, 0x65, 0x74, 0x5f, 0x74, 0x79, 0x70, 0x65, 0x00, 0x63, 0x6f, 0x75, 0x6e,
  0x74, 0x00, 0x61, 0x78, 0x69, 0x73, 0x00, 0x74, 0x6f, 0x6c, 0x65, 0x72, 0x61, 0x6e, 0x63, 0x65,
  0x00, 0x2a, 0x6d, 0x69, 0x72, 0x72, 0x6f, 0x72, 0x5f, 0x6f, 0x62, 0x00, 0x73, 0x70, 0x6c, 0x69,
  0x74, 0x5f, 0x61, 0x6e, 0x67, 0x6c, 0x65, 0x00, 0x76, 0x61, 0x6c, 0x75, 0x65, 0x00, 0x72, 0x65,
  0x73, 0x00, 0x76, 0x61, 0x6c, 0x5f, 0x66, 0x6c, 0x61, 0x67, 0x73, 0x00, 0x6c, 0x69, 0x6d, 0x5f,
  0x66, 0x6c, 0x61, 0x67, 0x73, 0x00, 0x65, 0x5f, 0x66, 0x6c, 0x61, 0x67, 0x73, 0x00, 0x62, 0x65,
  0x76, 0x65, 0x6c, 0x5f, 0x61, 0x6e, 0x67, 0x6c, 0x65, 0x00, 0x64, 0x65, 0x66, 0x67, 0x72, 0x70,
  0x5f, 0x6e, 0x61, 0x6d, 0x65, 0x5b, 0x33, 0x32, 0x5d, 0x00, 0x2a, 0x74, 0x65, 0x78, 0x74, 0x75,
  0x72, 0x65, 0x00, 0x73, 0x74, 0x72, 0x65, 0x6e, 0x67, 0x74, 0x68, 0x00, 0x64, 0x69, 0x72, 0x65,
  0x63, 0x74, 0x69, 0x6f, 0x6e, 0x00, 0x6d, 0x69, 0x64, 0x6c, 0x65, 0x76, 0x65, 0x6c, 0x00, 0x74,
  0x65, 0x78, 0x6d, 0x61, 0x70, 0x70, 0x69, 0x6e, 0x67, 0x00, 0x2a, 0x6d, 0x61, 0x70, 0x5f, 0x6f,
  0x62, 0x6a, 0x65, 0x63, 0x74, 0x00, 0x75, 0x76, 0x6c, 0x61, 0x79, 0x65, 0x72, 0x5f, 0x6e, 0x61,
  0x6d, 0x65, 0x5b, 0x33, 0x32, 0x5d, 0x00, 0x75, 0x76, 0x6c, 0x61, 0x79, 0x65, 0x72, 0x5f, 0x74,
  0x6d, 0x70, 0x00, 0x2a, 0x70, 0x72, 0x6f, 0x6a, 0x65, 0x63, 0x74, 0x6f, 0x72, 0x73, 0x5b, 0x31,
  0x30, 0x5d, 0x00, 0x2a, 0x69, 0x6d, 0x61, 0x67, 0x65, 0x00, 0x6e, 0x75, 0x6d, 0x5f, 0x70, 0x72,
  0x6f, 0x6a, 0x65, 0x63, 0x74, 0x6f, 0x72, 0x73, 0x00, 0x61, 0x73, 0x70, 0x65, 0x63, 0x74, 0x78,
  0x00, 0x61, 0x73, 0x70, 0x65, 0x63, 0x74, 0x79, 0x00, 0x70, 0x65, 0x72, 0x63, 0x65, 0x6e, 0x74,
  0x00, 0x66, 0x61, 0x63, 0x65, 0x43, 0x6f, 0x75, 0x6e, 0x74, 0x00, 0x66, 0x61, 0x63, 0x00, 0x72,
  0x65, 0x70, 0x65, 0x61, 0x74, 0x00, 0x2a, 0x6f, 0x62, 0x6a, 0x65, 0x63, 0x74, 0x63, 0x65, 0x6e,
  0x74, 0x65, 0x72, 0x00, 0x73, 0x74, 0x61, 0x72, 0x74, 0x78, 0x00, 0x73, 0x74, 0x61, 0x72, 0x74,
  0x79, 0x00, 0x68, 0x65, 0x69, 0x67, 0x68, 0x74, 0x00, 0x6e, 0x61, 0x72, 0x72, 0x6f, 0x77, 0x00,
  0x73, 0x70, 0x65, 0x65, 0x64, 0x00, 0x64, 0x61, 0x6d, 0x70, 0x00, 0x66, 0x61, 0x6c, 0x6c, 0x6f,
  0x66, 0x66, 0x00, 0x74, 0x69, 0x6d, 0x65, 0x6f, 0x66, 0x66, 0x73, 0x00, 0x6c, 0x69, 0x66, 0x65,
  0x74, 0x69, 0x6d, 0x65, 0x00, 0x64, 0x65, 0x66, 0x6f, 0x72, 0x6d, 0x66, 0x6c, 0x61, 0x67, 0x00,
  0x6d, 0x75, 0x6c, 0x74, 0x69, 0x00, 0x2a, 0x70, 0x72, 0x65, 0x76, 0x43, 0x6f, 0x73, 0x00, 0x70,
  0x61, 0x72, 0x65, 0x6e, 0x74, 0x69, 0x6e, 0x76, 0x5b, 0x34, 0x5d, 0x5b, 0x34, 0x5d, 0x00, 0x63,
  0x65, 0x6e, 0x74, 0x5b, 0x33, 0x5d, 0x00, 0x2a, 0x69, 0x6e, 0x64, 0x65, 0x78, 0x61, 0x72, 0x00,
  0x74, 0x6f, 0x74, 0x69, 0x6e, 0x64, 0x65, 0x78, 0x00, 0x66, 0x6f, 0x72, 0x63, 0x65, 0x00, 0x2a,
  0x63, 0x6c, 0x6f, 0x74, 0x68, 0x4f, 0x62, 0x6a, 0x65, 0x63, 0x74, 0x00, 0x2a, 0x73, 0x69, 0x6d,
  0x5f, 0x70, 0x61, 0x72, 0x6d, 0x73, 0x00, 0x2a, 0x63, 0x6f, 0x6c, 0x6c, 0x5f, 0x70, 0x61, 0x72,
  0x6d, 0x73, 0x00, 0x2a, 0x70, 0x6f, 0x69, 0x6e, 0x74, 0x5f, 0x63, 0x61, 0x63, 0x68, 0x65, 0x00,
  0x2a, 0x78, 0x00, 0x2a, 0x78, 0x6e, 0x65, 0x77, 0x00, 0x2a, 0x78, 0x6f, 0x6c, 0x64, 0x00, 0x2a,
  0x63, 0x75, 0x72, 0x72, 0x65, 0x6e, 0x74, 0x5f, 0x78, 0x6e, 0x65, 0x77, 0x00, 0x2a, 0x63, 0x75,
  0x72, 0x72, 0x65, 0x6e, 0x74, 0x5f, 0x78, 0x00, 0x2a, 0x63, 0x75, 0x72, 0x72, 0x65, 0x6e, 0x74,
  0x5f, 0x76, 0x00, 0x2a, 0x6d, 0x66, 0x61, 0x63, 0x65, 0x73, 0x00, 0x6e, 0x75, 0x6d, 0x76, 0x65,
  0x72, 0x74, 0x73, 0x00, 0x6e, 0x75, 0x6d, 0x66, 0x61, 0x63, 0x65, 0x73, 0x00, 0x61, 0x62, 0x73,
  0x6f, 0x72, 0x70, 0x74, 0x69, 0x6f, 0x6e, 0x00, 0x74, 0x69, 0x6d, 0x65, 0x00, 0x2a, 0x62, 0x76,
  0x68, 0x74, 0x72, 0x65, 0x65, 0x00, 0x6f, 0x70, 0x65, 0x72, 0x61, 0x74, 0x69, 0x6f, 0x6e, 0x00,
  0x76, 0x65, 0x72, 0x74, 0x65, 0x78, 0x00, 0x74, 0x6f, 0x74, 0x69, 0x6e, 0x66, 0x6c, 0x75, 0x65,
  0x6e, 0x63, 0x65, 0x00, 0x67, 0x72, 0x69, 0x64, 0x73, 0x69, 0x7a, 0x65, 0x00, 0x6e, 0x65, 0x65,
  0x64, 0x62, 0x69, 0x6e, 0x64, 0x00, 0x2a, 0x62, 0x69, 0x6e, 0x64, 0x77, 0x65, 0x69, 0x67, 0x68,
  0x74, 0x73, 0x00, 0x2a, 0x62, 0x69, 0x6e, 0x64, 0x63, 0x6f, 0x73, 0x00, 0x74, 0x6f, 0x74, 0x63,
  0x61, 0x67, 0x65, 0x76, 0x65, 0x72, 0x74, 0x00, 0x2a, 0x64, 0x79, 0x6e, 0x67, 0x72, 0x69, 0x64,
  0x00, 0x2a, 0x64, 0x79, 0x6e, 0x69, 0x6e, 0x66, 0x6c, 0x75, 0x65, 0x6e, 0x63, 0x65, 0x73, 0x00,
  0x2a, 0x64, 0x79, 0x6e, 0x76, 0x65, 0x72, 0x74, 0x73, 0x00, 0x2a, 0x70, 0x61, 0x64, 0x32, 0x00,
  0x64, 0x79, 0x6e, 0x67, 0x72, 0x69, 0x64, 0x73, 0x69, 0x7a, 0x65, 0x00, 0x64, 0x79, 0x6e, 0x63,
  0x65, 0x6c, 0x6c, 0x6d, 0x69, 0x6e, 0x5b, 0x33, 0x5d, 0x00, 0x64, 0x79, 0x6e, 0x63, 0x65, 0x6c,
  0x6c, 0x77, 0x69, 0x64, 0x74, 0x68, 0x00, 0x62, 0x69, 0x6e, 0x64, 0x6d, 0x61, 0x74, 0x5b, 0x34,
  0x5d, 0x5b, 0x34, 0x5d, 0x00, 0x2a, 0x70, 0x73, 0x79, 0x73, 0x00, 0x2a, 0x64, 0x6d, 0x00, 0x74,
  0x6f, 0x74, 0x64, 0x6d, 0x76, 0x65, 0x72, 0x74, 0x00, 0x74, 0x6f, 0x74, 0x64, 0x6d, 0x65, 0x64,
  0x67, 0x65, 0x00, 0x74, 0x6f, 0x74, 0x64, 0x6d, 0x66, 0x61, 0x63, 0x65, 0x00, 0x70, 0x73, 0x79,
  0x73, 0x00, 0x72, 0x74, 0x5b, 0x32, 0x5d, 0x00, 0x2a, 0x66, 0x61, 0x63, 0x65, 0x70, 0x61, 0x00,
  0x76, 0x67, 0x72, 0x6f, 0x75, 0x70, 0x00, 0x70, 0x72, 0x6f, 0x74, 0x65, 0x63, 0x74, 0x00, 0x2a,
  0x66, 0x73, 0x73, 0x00, 0x2a, 0x74, 0x61, 0x72, 0x67, 0x65, 0x74, 0x00, 0x2a, 0x61, 0x75, 0x78,
  0x54, 0x61, 0x72, 0x67, 0x65, 0x74, 0x00, 0x76, 0x67, 0x72, 0x6f, 0x75, 0x70, 0x5f, 0x6e, 0x61,
  0x6d, 0x65, 0x5b, 0x33, 0x32, 0x5d, 0x00, 0x6b, 0x65, 0x65, 0x70, 0x44, 0x69, 0x73, 0x74, 0x00,
  0x73, 0x68, 0x72, 0x69, 0x6e, 0x6b, 0x54, 0x79, 0x70, 0x65, 0x00, 0x73, 0x68, 0x72, 0x69, 0x6e,
  0x6b, 0x4f, 0x70, 0x74, 0x73, 0x00, 0x70, 0x72, 0x6f, 0x6a, 0x41, 0x78, 0x69, 0x73, 0x00, 0x73,
  0x75, 0x62, 0x73, 0x75, 0x72, 0x66, 0x4c, 0x65, 0x76, 0x65, 0x6c, 0x73, 0x00, 0x2a, 0x6f, 0x72,
  0x69, 0x67, 0x69, 0x6e, 0x00, 0x66, 0x61, 0x63, 0x74, 0x6f, 0x72, 0x00, 0x6c, 0x69, 0x6d, 0x69,
  0x74, 0x5b, 0x32, 0x5d, 0x00, 0x6f, 0x72, 0x69, 0x67, 0x69, 0x6e, 0x4f, 0x70, 0x74, 0x73, 0x00,
  0x70, 0x6e, 0x74, 0x73, 0x77, 0x00, 0x6f, 0x70, 0x6e, 0x74, 0x73, 0x75, 0x00, 0x6f, 0x70, 0x6e,
  0x74, 0x73, 0x76, 0x00, 0x6f, 0x70, 0x6e, 0x74, 0x73, 0x77, 0x00, 0x74, 0x79, 0x70, 0x65, 0x75,
  0x00, 0x74, 0x79, 0x70, 0x65, 0x76, 0x00, 0x74, 0x79, 0x70, 0x65, 0x77, 0x00, 0x66, 0x75, 0x00,
  0x66, 0x76, 0x00, 0x66, 0x77, 0x00, 0x64, 0x75, 0x00, 0x64, 0x76, 0x00, 0x64, 0x77, 0x00, 0x2a,
  0x64, 0x65, 0x66, 0x00, 0x76, 0x65, 0x63, 0x5b, 0x38, 0x5d, 0x5b, 0x33, 0x5d, 0x00, 0x70, 0x61,
  0x72, 0x74, 0x79, 0x70, 0x65, 0x00, 0x70, 0x61, 0x72, 0x31, 0x00, 0x70, 0x61, 0x72, 0x32, 0x00,
  0x70, 0x61, 0x72, 0x33, 0x00, 0x70, 0x61, 0x72, 0x73, 0x75, 0x62, 0x73, 0x74, 0x72, 0x5b, 0x33,
  0x32, 0x5d, 0x00, 0x2a, 0x74, 0x72, 0x61, 0x63, 0x6b, 0x00, 0x2a, 0x70, 0x72, 0x6f, 0x78, 0x79,
  0x00, 0x2a, 0x70, 0x72, 0x6f, 0x78, 0x79, 0x5f, 0x67, 0x72, 0x6f, 0x75, 0x70, 0x00, 0x2a, 0x70,
  0x72, 0x6f, 0x78, 0x79, 0x5f, 0x66, 0x72, 0x6f, 0x6d, 0x00, 0x2a, 0x61, 0x63, 0x74, 0x69, 0x6f,
  0x6e, 0x00, 0x2a, 0x70, 0x6f, 0x73, 0x65, 0x6c, 0x69, 0x62, 0x00, 0x2a, 0x70, 0x6f, 0x73, 0x65,
  0x00, 0x63, 0x6f, 0x6e, 0x73, 0x74, 0x72, 0x61, 0x69, 0x6e, 0x74, 0x43, 0x68, 0x61, 0x6e, 0x6e,
  0x65, 0x6c, 0x73, 0x00, 0x64, 0x65, 0x66, 0x62, 0x61, 0x73, 0x65, 0x00, 0x6d, 0x6f, 0x64, 0x69,
  0x66, 0x69, 0x65, 0x72, 0x73, 0x00, 0x64, 0x6c, 0x6f, 0x63, 0x5b, 0x33, 0x5d, 0x00, 0x6f, 0x72,
  0x69, 0x67, 0x5b, 0x33, 0x5d, 0x00, 0x64, 0x73, 0x69, 0x7a, 0x65, 0x5b, 0x33, 0x5d, 0x00, 0x64,
  0x72, 0x6f, 0x74, 0x5b, 0x33, 0x5d, 0x00, 0x6f, 0x62, 0x6d, 0x61, 0x74, 0x5b, 0x34, 0x5d, 0x5b,
  0x34, 0x5d, 0x00, 0x63, 0x6f, 0x6e, 0x73, 0x74, 0x69, 0x6e, 0x76, 0x5b, 0x34, 0x5d, 0x5b, 0x34,
  0x5d, 0x00, 0x6c, 0x61, 0x79, 0x00, 0x63, 0x6f, 0x6c, 0x62, 0x69, 0x74, 0x73, 0x00, 0x74, 0x72,
  0x61, 0x6e, 0x73, 0x66, 0x6c, 0x61, 0x67, 0x00, 0x69, 0x70, 0x6f, 0x66, 0x6c, 0x61, 0x67, 0x00,
  0x74, 0x72, 0x61, 0x63, 0x6b, 0x66, 0x6c, 0x61, 0x67, 0x00, 0x75, 0x70, 0x66, 0x6c, 0x61, 0x67,
  0x00, 0x6e, 0x6c, 0x61, 0x66, 0x6c, 0x61, 0x67, 0x00, 0x70, 0x72, 0x6f, 0x74, 0x65, 0x63, 0x74,
  0x66, 0x6c, 0x61, 0x67, 0x00, 0x69, 0x70, 0x6f, 0x77, 0x69, 0x6e, 0x00, 0x73, 0x63, 0x61, 0x66,
  0x6c, 0x61, 0x67, 0x00, 0x73, 0x63, 0x61, 0x76, 0x69, 0x73, 0x66, 0x6c, 0x61, 0x67, 0x00, 0x62,
  0x6f, 0x75, 0x6e, 0x64, 0x74, 0x79, 0x70, 0x65, 0x00, 0x64, 0x75, 0x70, 0x6f, 0x6e, 0x00, 0x64,
  0x75, 0x70, 0x6f, 0x66, 0x66, 0x00, 0x64, 0x75, 0x70, 0x73, 0x74, 0x61, 0x00, 0x64, 0x75, 0x70,
  0x65, 0x6e, 0x64, 0x00, 0x73, 0x66, 0x00, 0x63, 0x74, 0x69, 0x6d, 0x65, 0x00, 0x6d, 0x61, 0x73,
  0x73, 0x00, 0x64, 0x61, 0x6d, 0x70, 0x69, 0x6e, 0x67, 0x00, 0x69, 0x6e, 0x65, 0x72, 0x74, 0x69,
  0x61, 0x00, 0x66, 0x6f, 0x72, 0x6d, 0x66, 0x61, 0x63, 0x74, 0x6f, 0x72, 0x00, 0x72, 0x64, 0x61,
  0x6d, 0x70, 0x69, 0x6e, 0x67, 0x00, 0x73, 0x69, 0x7a, 0x65, 0x66, 0x61, 0x63, 0x00, 0x6d, 0x61,
  0x72, 0x67, 0x69, 0x6e, 0x00, 0x64, 0x74, 0x00, 0x64, 0x74, 0x78, 0x00, 0x61, 0x63, 0x74, 0x63,
  0x6f, 0x6c, 0x00, 0x65, 0x6d, 0x70, 0x74, 0x79, 0x5f, 0x64, 0x72, 0x61, 0x77, 0x74, 0x79, 0x70,
  0x65, 0x00, 0x70, 0x61, 0x64, 0x31, 0x5b, 0x33, 0x5d, 0x00, 0x65, 0x6d, 0x70, 0x74, 0x79, 0x5f,
  0x64, 0x72, 0x61, 0x77, 0x73, 0x69, 0x7a, 0x65, 0x00, 0x64, 0x75, 0x70, 0x66, 0x61, 0x63, 0x65,
  0x73, 0x63, 0x61, 0x00, 0x70, 0x72, 0x6f, 0x70, 0x00, 0x73, 0x65, 0x6e, 0x73, 0x6f, 0x72, 0x73,
  0x00, 0x63, 0x6f, 0x6e, 0x74, 0x72, 0x6f, 0x6c, 0x6c, 0x65, 0x72, 0x73, 0x00, 0x61, 0x63, 0x74,
  0x75, 0x61, 0x74, 0x6f, 0x72, 0x73, 0x00, 0x62, 0x62, 0x73, 0x69, 0x7a, 0x65, 0x5b, 0x33, 0x5d,
  0x00, 0x61, 0x63, 0x74, 0x64, 0x65, 0x66, 0x00, 0x67, 0x61, 0x6d, 0x65, 0x66, 0x6c, 0x61, 0x67,
  0x00, 0x67, 0x61, 0x6d, 0x65, 0x66, 0x6c, 0x61, 0x67, 0x32, 0x00, 0x2a, 0x62, 0x73, 0x6f, 0x66,
  0x74, 0x00, 0x73, 0x6f, 0x66, 0x74, 0x66, 0x6c, 0x61, 0x67, 0x00, 0x61, 0x6e, 0x69, 0x73, 0x6f,
  0x74, 0x72, 0x6f, 0x70, 0x69, 0x63, 0x46, 0x72, 0x69, 0x63, 0x74, 0x69, 0x6f, 0x6e, 0x5b, 0x33,
  0x5d, 0x00, 0x63, 0x6f, 0x6e, 0x73, 0x74, 0x72, 0x61, 0x69, 0x6e, 0x74, 0x73, 0x00, 0x6e, 0x6c,
  0x61, 0x73, 0x74, 0x72, 0x69, 0x70, 0x73, 0x00, 0x68, 0x6f, 0x6f, 0x6b, 0x73, 0x00, 0x70, 0x61,
  0x72, 0x74, 0x69, 0x63, 0x6c, 0x65, 0x73, 0x79, 0x73, 0x74, 0x65, 0x6d, 0x00, 0x2a, 0x70, 0x64,
  0x00, 0x2a, 0x73, 0x6f, 0x66, 0x74, 0x00, 0x2a, 0x64, 0x75, 0x70, 0x5f, 0x67, 0x72, 0x6f, 0x75,
  0x70, 0x00, 0x66, 0x6c, 0x75, 0x69, 0x64, 0x73, 0x69, 0x6d, 0x46, 0x6c, 0x61, 0x67, 0x00, 0x72,
  0x65, 0x73, 0x74, 0x72, 0x69, 0x63, 0x74, 0x66, 0x6c, 0x61, 0x67, 0x00, 0x73, 0x68, 0x61, 0x70,
  0x65, 0x6e, 0x72, 0x00, 0x73, 0x68, 0x61, 0x70, 0x65, 0x66, 0x6c, 0x61, 0x67, 0x00, 0x72, 0x65,
  0x63, 0x61, 0x6c, 0x63, 0x6f, 0x00, 0x62, 0x6f, 0x64, 0x79, 0x5f, 0x74, 0x79, 0x70, 0x65, 0x00,
  0x2a, 0x66, 0x6c, 0x75, 0x69, 0x64, 0x73, 0x69, 0x6d, 0x53, 0x65, 0x74, 0x74, 0x69, 0x6e, 0x67,
  0x73, 0x00, 0x2a, 0x64, 0x65, 0x72, 0x69, 0x76, 0x65, 0x64, 0x44, 0x65, 0x66, 0x6f, 0x72, 0x6d,
  0x00, 0x2a, 0x64, 0x65, 0x72, 0x69, 0x76, 0x65, 0x64, 0x46, 0x69, 0x6e, 0x61, 0x6c, 0x00, 0x6c,
  0x61, 0x73, 0x74, 0x44, 0x61, 0x74, 0x61, 0x4d, 0x61, 0x73, 0x6b, 0x00, 0x73, 0x74, 0x61, 0x74,
  0x65, 0x00, 0x69, 0x6e, 0x69, 0x74, 0x5f, 0x73, 0x74, 0x61, 0x74, 0x65, 0x00, 0x67, 0x70, 0x75,
  0x6c, 0x61, 0x6d, 0x70, 0x00, 0x63, 0x75, 0x72, 0x69, 0x6e, 0x64, 0x65, 0x78, 0x00, 0x61, 0x63,
  0x74, 0x69, 0x76, 0x65, 0x00, 0x64, 0x65, 0x66, 0x6c, 0x65, 0x63, 0x74, 0x00, 0x66, 0x6f, 0x72,
  0x63, 0x65, 0x66, 0x69, 0x65, 0x6c, 0x64, 0x00, 0x70, 0x64, 0x65, 0x66, 0x5f, 0x64, 0x61, 0x6d,
  0x70, 0x00, 0x70, 0x64, 0x65, 0x66, 0x5f, 0x72, 0x64, 0x61, 0x6d, 0x70, 0x00, 0x70, 0x64, 0x65,
  0x66, 0x5f, 0x70, 0x65, 0x72, 0x6d, 0x00, 0x70, 0x64, 0x65, 0x66, 0x5f, 0x66, 0x72, 0x69, 0x63,
  0x74, 0x00, 0x70, 0x64, 0x65, 0x66, 0x5f, 0x72, 0x66, 0x72, 0x69, 0x63, 0x74, 0x00, 0x66, 0x5f,
  0x73, 0x74, 0x72, 0x65, 0x6e, 0x67, 0x74, 0x68, 0x00, 0x66, 0x5f, 0x70, 0x6f, 0x77, 0x65, 0x72,
  0x00, 0x66, 0x5f, 0x64, 0x69, 0x73, 0x74, 0x00, 0x66, 0x5f, 0x64, 0x61, 0x6d, 0x70, 0x00, 0x6d,
  0x61, 0x78, 0x64, 0x69, 0x73, 0x74, 0x00, 0x6d, 0x69, 0x6e, 0x64, 0x69, 0x73, 0x74, 0x00, 0x6d,
  0x61, 0x78, 0x72, 0x61, 0x64, 0x00, 0x6d, 0x69, 0x6e, 0x72, 0x61, 0x64, 0x00, 0x66, 0x5f, 0x70,
  0x6f, 0x77, 0x65, 0x72, 0x5f, 0x72, 0x00, 0x70, 0x64, 0x65, 0x66, 0x5f, 0x73, 0x62, 0x64, 0x61,
  0x6d, 0x70, 0x00, 0x70, 0x64, 0x65, 0x66, 0x5f, 0x73, 0x62, 0x69, 0x66, 0x74, 0x00, 0x70, 0x64,
  0x65, 0x66, 0x5f, 0x73, 0x62, 0x6f, 0x66, 0x74, 0x00, 0x63, 0x6c, 0x75, 0x6d, 0x70, 0x5f, 0x66,
  0x61, 0x63, 0x00, 0x63, 0x6c, 0x75, 0x6d, 0x70, 0x5f, 0x70, 0x6f, 0x77, 0x00, 0x6b, 0x69, 0x6e,
  0x6b, 0x5f, 0x66, 0x72, 0x65, 0x71, 0x00, 0x6b, 0x69, 0x6e, 0x6b, 0x5f, 0x73, 0x68, 0x61, 0x70,
  0x65, 0x00, 0x6b, 0x69, 0x6e, 0x6b, 0x5f, 0x61, 0x6d, 0x70, 0x00, 0x66, 0x72, 0x65, 0x65, 0x5f,
  0x65, 0x6e, 0x64, 0x00, 0x74, 0x65, 0x78, 0x5f, 0x6e, 0x61, 0x62, 0x6c, 0x61, 0x00, 0x74, 0x65,
  0x78, 0x5f, 0x6d, 0x6f, 0x64, 0x65, 0x00, 0x6b, 0x69, 0x6e, 0x6b, 0x00, 0x6b, 0x69, 0x6e, 0x6b,
  0x5f, 0x61, 0x78, 0x69, 0x73, 0x00, 0x72, 0x74, 0x32, 0x00, 0x2a, 0x72, 0x6e, 0x67, 0x00, 0x66,
  0x5f, 0x6e, 0x6f, 0x69, 0x73, 0x65, 0x00, 0x73, 0x69, 0x6d, 0x66, 0x72, 0x61, 0x6d, 0x65, 0x00,
  0x73, 0x74, 0x61, 0x72, 0x74, 0x66, 0x72, 0x61, 0x6d, 0x65, 0x00, 0x65, 0x6e, 0x64, 0x66, 0x72,
  0x61, 0x6d, 0x65, 0x00, 0x65, 0x64, 0x69, 0x74, 0x66, 0x72, 0x61, 0x6d, 0x65, 0x00, 0x6c, 0x69,
  0x6e, 0x53, 0x74, 0x69, 0x66, 0x66, 0x00, 0x61, 0x6e, 0x67, 0x53, 0x74, 0x69, 0x66, 0x66, 0x00,
  0x76, 0x6f, 0x6c, 0x75, 0x6d, 0x65, 0x00, 0x76, 0x69, 0x74, 0x65, 0x72, 0x61, 0x74, 0x69, 0x6f,
  0x6e, 0x73, 0x00, 0x70, 0x69, 0x74, 0x65, 0x72, 0x61, 0x74, 0x69, 0x6f, 0x6e, 0x73, 0x00, 0x64,
  0x69, 0x74, 0x65, 0x72, 0x61, 0x74, 0x69, 0x6f, 0x6e, 0x73, 0x00, 0x63, 0x69, 0x74, 0x65, 0x72,
  0x61, 0x74, 0x69, 0x6f, 0x6e, 0x73, 0x00, 0x6b, 0x53, 0x52, 0x48, 0x52, 0x5f, 0x43, 0x4c, 0x00,
  0x6b, 0x53, 0x4b, 0x48, 0x52, 0x5f, 0x43, 0x4c, 0x00, 0x6b, 0x53, 0x53, 0x48, 0x52, 0x5f, 0x43,
  0x4c, 0x00, 0x6b, 0x53, 0x52, 0x5f, 0x53, 0x50, 0x4c, 0x54, 0x5f, 0x43, 0x4c, 0x00, 0x6b, 0x53,
  0x4b, 0x5f, 0x53, 0x50, 0x4c, 0x54, 0x5f, 0x43, 0x4c, 0x00, 0x6b, 0x53, 0x53, 0x5f, 0x53, 0x50,
  0x4c, 0x54, 0x5f, 0x43, 0x4c, 0x00, 0x6b, 0x56, 0x43, 0x46, 0x00, 0x6b, 0x44, 0x50, 0x00, 0x6b,
  0x44, 0x47, 0x00, 0x6b, 0x4c, 0x46, 0x00, 0x6b, 0x50, 0x52, 0x00, 0x6b, 0x56, 0x43, 0x00, 0x6b,
  0x44, 0x46, 0x00, 0x6b, 0x4d, 0x54, 0x00, 0x6b, 0x43, 0x48, 0x52, 0x00, 0x6b, 0x4b, 0x48, 0x52,
  0x00, 0x6b, 0x53, 0x48, 0x52, 0x00, 0x6b, 0x41, 0x48, 0x52, 0x00, 0x63, 0x6f, 0x6c, 0x6c, 0x69,
  0x73, 0x69, 0x6f, 0x6e, 0x66, 0x6c, 0x61, 0x67, 0x73, 0x00, 0x6e, 0x75, 0x6d, 0x63, 0x6c, 0x75,
  0x73, 0x74, 0x65, 0x72, 0x69, 0x74, 0x65, 0x72, 0x61, 0x74, 0x69, 0x6f, 0x6e, 0x73, 0x00, 0x2a,
  0x70, 0x61, 0x72, 0x74, 0x69, 0x63, 0x6c, 0x65, 0x73, 0x00, 0x74, 0x6f, 0x74, 0x70, 0x6f, 0x69,
  0x6e, 0x74, 0x00, 0x74, 0x6f, 0x74, 0x73, 0x70, 0x72, 0x69, 0x6e, 0x67, 0x00, 0x2a, 0x62, 0x70,
  0x6f, 0x69, 0x6e, 0x74, 0x00, 0x2a, 0x62, 0x73, 0x70, 0x72, 0x69, 0x6e, 0x67, 0x00, 0x6e, 0x6f,
  0x64, 0x65, 0x6d, 0x61, 0x73, 0x73, 0x00, 0x67, 0x72, 0x61, 0x76, 0x00, 0x6d, 0x65, 0x64, 0x69,
  0x61, 0x66, 0x72, 0x69, 0x63, 0x74, 0x00, 0x72, 0x6b, 0x6c, 0x69, 0x6d, 0x69, 0x74, 0x00, 0x70,
  0x68, 0x79, 0x73, 0x69, 0x63, 0x73, 0x5f, 0x73, 0x70, 0x65, 0x65, 0x64, 0x00, 0x67, 0x6f, 0x61,
  0x6c, 0x73, 0x70, 0x72, 0x69, 0x6e, 0x67, 0x00, 0x67, 0x6f, 0x61, 0x6c, 0x66, 0x72, 0x69, 0x63,
  0x74, 0x00, 0x6d, 0x69, 0x6e, 0x67, 0x6f, 0x61, 0x6c, 0x00, 0x6d, 0x61, 0x78, 0x67, 0x6f, 0x61,
  0x6c, 0x00, 0x64, 0x65, 0x66, 0x67, 0x6f, 0x61, 0x6c, 0x00, 0x76, 0x65, 0x72, 0x74, 0x67, 0x72,
  0x6f, 0x75, 0x70, 0x00, 0x66, 0x75, 0x7a, 0x7a, 0x79, 0x6e, 0x65, 0x73, 0x73, 0x00, 0x69, 0x6e,
  0x73, 0x70, 0x72, 0x69, 0x6e, 0x67, 0x00, 0x69, 0x6e, 0x66, 0x72, 0x69, 0x63, 0x74, 0x00, 0x65,
  0x66, 0x72, 0x61, 0x00, 0x69, 0x6e, 0x74, 0x65, 0x72, 0x76, 0x61, 0x6c, 0x00, 0x6c, 0x6f, 0x63,
  0x61, 0x6c, 0x00, 0x73, 0x6f, 0x6c, 0x76, 0x65, 0x72, 0x66, 0x6c, 0x61, 0x67, 0x73, 0x00, 0x2a,
  0x2a, 0x6b, 0x65, 0x79, 0x73, 0x00, 0x74, 0x6f, 0x74, 0x70, 0x6f, 0x69, 0x6e, 0x74, 0x6b, 0x65,
  0x79, 0x00, 0x73, 0x65, 0x63, 0x6f, 0x6e, 0x64, 0x73, 0x70, 0x72, 0x69, 0x6e, 0x67, 0x00, 0x63,
  0x6f, 0x6c, 0x62, 0x61, 0x6c, 0x6c, 0x00, 0x62, 0x61, 0x6c, 0x6c, 0x64, 0x61, 0x6d, 0x70, 0x00,
  0x62, 0x61, 0x6c, 0x6c, 0x73, 0x74, 0x69, 0x66, 0x66, 0x00, 0x73, 0x62, 0x63, 0x5f, 0x6d, 0x6f,
  0x64, 0x65, 0x00, 0x61, 0x65, 0x72, 0x6f, 0x65, 0x64, 0x67, 0x65, 0x00, 0x6d, 0x69, 0x6e, 0x6c,
  0x6f, 0x6f, 0x70, 0x73, 0x00, 0x6d, 0x61, 0x78, 0x6c, 0x6f, 0x6f, 0x70, 0x73, 0x00, 0x63, 0x68,
  0x6f, 0x6b, 0x65, 0x00, 0x73, 0x6f, 0x6c, 0x76, 0x65, 0x72, 0x5f, 0x49, 0x44, 0x00, 0x70, 0x6c,
  0x61, 0x73, 0x74, 0x69, 0x63, 0x00, 0x73, 0x70, 0x72, 0x69, 0x6e, 0x67, 0x70, 0x72, 0x65, 0x6c,
  0x6f, 0x61, 0x64, 0x00, 0x2a, 0x73, 0x63, 0x72, 0x61, 0x74, 0x63, 0x68, 0x00, 0x73, 0x68, 0x65,
  0x61, 0x72, 0x73, 0x74, 0x69, 0x66, 0x66, 0x00, 0x69, 0x6e, 0x70, 0x75, 0x73, 0x68, 0x00, 0x2a,
  0x70, 0x6f, 0x69, 0x6e, 0x74, 0x63, 0x61, 0x63, 0x68, 0x65, 0x00, 0x73, 0x68, 0x6f, 0x77, 0x5f,
  0x61, 0x64, 0x76, 0x61, 0x6e, 0x63, 0x65, 0x64, 0x6f, 0x70, 0x74, 0x69, 0x6f, 0x6e, 0x73, 0x00,
  0x72, 0x65, 0x73, 0x6f, 0x6c, 0x75, 0x74, 0x69, 0x6f, 0x6e, 0x78, 0x79, 0x7a, 0x00, 0x70, 0x72,
  0x65, 0x76, 0x69, 0x65, 0x77, 0x72, 0x65, 0x73, 0x78, 0x79, 0x7a, 0x00, 0x72, 0x65, 0x61, 0x6c,
  0x73, 0x69, 0x7a, 0x65, 0x00, 0x67, 0x75, 0x69, 0x44, 0x69, 0x73, 0x70, 0x6c, 0x61, 0x79, 0x4d,
  0x6f, 0x64, 0x65, 0x00, 0x72, 0x65, 0x6e, 0x64, 0x65, 0x72, 0x44, 0x69, 0x73, 0x70, 0x6c, 0x61,
  0x79, 0x4d, 0x6f, 0x64, 0x65, 0x00, 0x76, 0x69, 0x73, 0x63, 0x6f, 0x73, 0x69, 0x74, 0x79, 0x56,
  0x61, 0x6c, 0x75, 0x65, 0x00, 0x76, 0x69, 0x73, 0x63, 0x6f, 0x73, 0x69, 0x74, 0x79, 0x4d, 0x6f,
  0x64, 0x65, 0x00, 0x76, 0x69, 0x73, 0x63, 0x6f, 0x73, 0x69, 0x74, 0x79, 0x45, 0x78, 0x70, 0x6f,
  0x6e, 0x65, 0x6e, 0x74, 0x00, 0x67, 0x72, 0x61, 0x76, 0x78, 0x00, 0x67, 0x72, 0x61, 0x76, 0x79,
  0x00, 0x67, 0x72, 0x61, 0x76, 0x7a, 0x00, 0x61, 0x6e, 0x69, 0x6d, 0x53, 0x74, 0x61, 0x72, 0x74,
  0x00, 0x61, 0x6e, 0x69, 0x6d, 0x45, 0x6e, 0x64, 0x00, 0x67, 0x73, 0x74, 0x61, 0x72, 0x00, 0x6d,
  0x61, 0x78, 0x52, 0x65, 0x66, 0x69, 0x6e, 0x65, 0x00, 0x69, 0x6e, 0x69, 0x56, 0x65, 0x6c, 0x78,
  0x00, 0x69, 0x6e, 0x69, 0x56, 0x65, 0x6c, 0x79, 0x00, 0x69, 0x6e, 0x69, 0x56, 0x65, 0x6c, 0x7a,
  0x00, 0x2a, 0x6f, 0x72, 0x67, 0x4d, 0x65, 0x73, 0x68, 0x00, 0x2a, 0x6d, 0x65, 0x73, 0x68, 0x53,
  0x75, 0x72, 0x66, 0x61, 0x63, 0x65, 0x00, 0x2a, 0x6d, 0x65, 0x73, 0x68, 0x42, 0x42, 0x00, 0x73,
  0x75, 0x72, 0x66, 0x64, 0x61, 0x74, 0x61, 0x50, 0x61, 0x74, 0x68, 0x5b, 0x32, 0x34, 0x30, 0x5d,
  0x00, 0x62, 0x62, 0x53, 0x74, 0x61, 0x72, 0x74, 0x5b, 0x33, 0x5d, 0x00, 0x62, 0x62, 0x53, 0x69,
  0x7a, 0x65, 0x5b, 0x33, 0x5d, 0x00, 0x74, 0x79, 0x70, 0x65, 0x46, 0x6c, 0x61, 0x67, 0x73, 0x00,
  0x64, 0x6f, 0x6d, 0x61, 0x69, 0x6e, 0x4e, 0x6f, 0x76, 0x65, 0x63, 0x67, 0x65, 0x6e, 0x00, 0x76,
  0x6f, 0x6c, 0x75, 0x6d, 0x65, 0x49, 0x6e, 0x69, 0x74, 0x54, 0x79, 0x70, 0x65, 0x00, 0x70, 0x61,
  0x72, 0x74, 0x53, 0x6c, 0x69, 0x70, 0x56, 0x61, 0x6c, 0x75, 0x65, 0x00, 0x67, 0x65, 0x6e, 0x65,
  0x72, 0x61, 0x74, 0x65, 0x54, 0x72, 0x61, 0x63, 0x65, 0x72, 0x73, 0x00, 0x67, 0x65, 0x6e, 0x65,
  0x72, 0x61, 0x74, 0x65, 0x50, 0x61, 0x72, 0x74, 0x69, 0x63, 0x6c, 0x65, 0x73, 0x00, 0x73, 0x75,
  0x72, 0x66, 0x61, 0x63, 0x65, 0x53, 0x6d, 0x6f, 0x6f, 0x74, 0x68, 0x69, 0x6e, 0x67, 0x00, 0x73,
  0x75, 0x72, 0x66, 0x61, 0x63, 0x65, 0x53, 0x75, 0x62, 0x64, 0x69, 0x76, 0x73, 0x00, 0x70, 0x61,
  0x72, 0x74, 0x69, 0x63, 0x6c, 0x65, 0x49, 0x6e, 0x66, 0x53, 0x69, 0x7a, 0x65, 0x00, 0x70, 0x61,
  0x72, 0x74, 0x69, 0x63, 0x6c, 0x65, 0x49, 0x6e, 0x66, 0x41, 0x6c, 0x70, 0x68, 0x61, 0x00, 0x66,
  0x61, 0x72, 0x46, 0x69, 0x65, 0x6c, 0x64, 0x53, 0x69, 0x7a, 0x65, 0x00, 0x2a, 0x6d, 0x65, 0x73,
  0x68, 0x53, 0x75, 0x72, 0x66, 0x4e, 0x6f, 0x72, 0x6d, 0x61, 0x6c, 0x73, 0x00, 0x63, 0x70, 0x73,
  0x54, 0x69, 0x6d, 0x65, 0x53, 0x74, 0x61, 0x72, 0x74, 0x00, 0x63, 0x70, 0x73, 0x54, 0x69, 0x6d,
  0x65, 0x45, 0x6e, 0x64, 0x00, 0x63, 0x70, 0x73, 0x51, 0x75, 0x61, 0x6c, 0x69, 0x74, 0x79, 0x00,
  0x61, 0x74, 0x74, 0x72, 0x61, 0x63, 0x74, 0x66, 0x6f, 0x72, 0x63, 0x65, 0x53, 0x74, 0x72, 0x65,
  0x6e, 0x67, 0x74, 0x68, 0x00, 0x61, 0x74, 0x74, 0x72, 0x61, 0x63, 0x74, 0x66, 0x6f, 0x72, 0x63,
  0x65, 0x52, 0x61, 0x64, 0x69, 0x75, 0x73, 0x00, 0x76, 0x65, 0x6c, 0x6f, 0x63, 0x69, 0x74, 0x79,
  0x66, 0x6f, 0x72, 0x63, 0x65, 0x53, 0x74, 0x72, 0x65, 0x6e, 0x67, 0x74, 0x68, 0x00, 0x76, 0x65,
  0x6c, 0x6f, 0x63, 0x69, 0x74, 0x79, 0x66, 0x6f, 0x72, 0x63, 0x65, 0x52, 0x61, 0x64, 0x69, 0x75,
  0x73, 0x00, 0x6c, 0x61, 0x73, 0x74, 0x67, 0x6f, 0x6f, 0x64, 0x66, 0x72, 0x61, 0x6d, 0x65, 0x00,
  0x6d, 0x69, 0x73, 0x74, 0x79, 0x70, 0x65, 0x00, 0x68, 0x6f, 0x72, 0x72, 0x00, 0x68, 0x6f, 0x72,
  0x67, 0x00, 0x68, 0x6f, 0x72, 0x62, 0x00, 0x68, 0x6f, 0x72, 0x6b, 0x00, 0x7a, 0x65, 0x6e, 0x72,
  0x00, 0x7a, 0x65, 0x6e, 0x67, 0x00, 0x7a, 0x65, 0x6e, 0x62, 0x00, 0x7a, 0x65, 0x6e, 0x6b, 0x00,
  0x61, 0x6d, 0x62, 0x6b, 0x00, 0x66, 0x61, 0x73, 0x74, 0x63, 0x6f, 0x6c, 0x00, 0x65, 0x78, 0x70,
  0x6f, 0x73, 0x75, 0x72, 0x65, 0x00, 0x65, 0x78, 0x70, 0x00, 0x72, 0x61, 0x6e, 0x67, 0x65, 0x00,
  0x6c, 0x69, 0x6e, 0x66, 0x61, 0x63, 0x00, 0x6c, 0x6f, 0x67, 0x66, 0x61, 0x63, 0x00, 0x67, 0x72,
  0x61, 0x76, 0x69, 0x74, 0x79, 0x00, 0x61, 0x63, 0x74, 0x69, 0x76, 0x69, 0x74, 0x79, 0x42, 0x6f,
  0x78, 0x52, 0x61, 0x64, 0x69, 0x75, 0x73, 0x00, 0x73, 0x6b, 0x79, 0x74, 0x79, 0x70, 0x65, 0x00,
  0x70, 0x68, 0x79, 0x73, 0x69, 0x63, 0x73, 0x45, 0x6e, 0x67, 0x69, 0x6e, 0x65, 0x00, 0x6d, 0x69,
  0x73, 0x69, 0x00, 0x6d, 0x69, 0x73, 0x74, 0x73, 0x74, 0x61, 0x00, 0x6d, 0x69, 0x73, 0x74, 0x64,
  0x69, 0x73, 0x74, 0x00, 0x6d, 0x69, 0x73, 0x74, 0x68, 0x69, 0x00, 0x73, 0x74, 0x61, 0x72, 0x72,
  0x00, 0x73, 0x74, 0x61, 0x72, 0x67, 0x00, 0x73, 0x74, 0x61, 0x72, 0x62, 0x00, 0x73, 0x74, 0x61,
  0x72, 0x6b, 0x00, 0x73, 0x74, 0x61, 0x72, 0x73, 0x69, 0x7a, 0x65, 0x00, 0x73, 0x74, 0x61, 0x72,
  0x6d, 0x69, 0x6e, 0x64, 0x69, 0x73, 0x74, 0x00, 0x73, 0x74, 0x61, 0x72, 0x64, 0x69, 0x73, 0x74,
  0x00, 0x73, 0x74, 0x61, 0x72, 0x63, 0x6f, 0x6c, 0x6e, 0x6f, 0x69, 0x73, 0x65, 0x00, 0x64, 0x6f,
  0x66, 0x73, 0x74, 0x61, 0x00, 0x64, 0x6f, 0x66, 0x65, 0x6e, 0x64, 0x00, 0x64, 0x6f, 0x66, 0x6d,
  0x69, 0x6e, 0x00, 0x64, 0x6f, 0x66, 0x6d, 0x61, 0x78, 0x00, 0x61, 0x6f, 0x64, 0x69, 0x73, 0x74,
  0x00, 0x61, 0x6f, 0x64, 0x69, 0x73, 0x74, 0x66, 0x61, 0x63, 0x00, 0x61, 0x6f, 0x65, 0x6e, 0x65,
  0x72, 0x67, 0x79, 0x00, 0x61, 0x6f, 0x62, 0x69, 0x61, 0x73, 0x00, 0x61, 0x6f, 0x6d, 0x6f, 0x64,
  0x65, 0x00, 0x61, 0x6f, 0x73, 0x61, 0x6d, 0x70, 0x00, 0x61, 0x6f, 0x6d, 0x69, 0x78, 0x00, 0x61,
  0x6f, 0x63, 0x6f, 0x6c, 0x6f, 0x72, 0x00, 0x61, 0x6f, 0x5f, 0x61, 0x64, 0x61, 0x70, 0x74, 0x5f,
  0x74, 0x68, 0x72, 0x65, 0x73, 0x68, 0x00, 0x61, 0x6f, 0x5f, 0x61, 0x64, 0x61, 0x70, 0x74, 0x5f,
  0x73, 0x70, 0x65, 0x65, 0x64, 0x5f, 0x66, 0x61, 0x63, 0x00, 0x61, 0x6f, 0x5f, 0x61, 0x70, 0x70,
  0x72, 0x6f, 0x78, 0x5f, 0x65, 0x72, 0x72, 0x6f, 0x72, 0x00, 0x61, 0x6f, 0x5f, 0x61, 0x70, 0x70,
  0x72, 0x6f, 0x78, 0x5f, 0x63, 0x6f, 0x72, 0x72, 0x65, 0x63, 0x74, 0x69, 0x6f, 0x6e, 0x00, 0x61,
  0x6f, 0x5f, 0x73, 0x61, 0x6d, 0x70, 0x5f, 0x6d, 0x65, 0x74, 0x68, 0x6f, 0x64, 0x00, 0x61, 0x6f,
  0x5f, 0x67, 0x61, 0x74, 0x68, 0x65, 0x72, 0x5f, 0x6d, 0x65, 0x74, 0x68, 0x6f, 0x64, 0x00, 0x61,
  0x6f, 0x5f, 0x61, 0x70, 0x70, 0x72, 0x6f, 0x78, 0x5f, 0x70, 0x61, 0x73, 0x73, 0x65, 0x73, 0x00,
  0x2a, 0x61, 0x6f, 0x73, 0x70, 0x68, 0x65, 0x72, 0x65, 0x00, 0x2a, 0x61, 0x6f, 0x74, 0x61, 0x62,
  0x6c, 0x65, 0x73, 0x00, 0x68, 0x65, 0x6d, 0x69, 0x72, 0x65, 0x73, 0x00, 0x6d, 0x61, 0x78, 0x69,
  0x74, 0x65, 0x72, 0x00, 0x64, 0x72, 0x61, 0x77, 0x74, 0x79, 0x70, 0x65, 0x00, 0x73, 0x75, 0x62,
  0x73, 0x68, 0x6f, 0x6f, 0x74, 0x70, 0x00, 0x73, 0x75, 0x62, 0x73, 0x68, 0x6f, 0x6f, 0x74, 0x65,
  0x00, 0x6e, 0x6f, 0x64, 0x65, 0x6c, 0x69, 0x6d, 0x00, 0x6d, 0x61, 0x78, 0x73, 0x75, 0x62, 0x6c,
  0x61, 0x6d, 0x70, 0x00, 0x70, 0x61, 0x6d, 0x61, 0x00, 0x70, 0x61, 0x6d, 0x69, 0x00, 0x65, 0x6c,
  0x6d, 0x61, 0x00, 0x65, 0x6c, 0x6d, 0x69, 0x00, 0x6d, 0x61, 0x78, 0x6e, 0x6f, 0x64, 0x65, 0x00,
  0x63, 0x6f, 0x6e, 0x76, 0x65, 0x72, 0x67, 0x65, 0x6e, 0x63, 0x65, 0x00, 0x72, 0x61, 0x64, 0x66,
  0x61, 0x63, 0x00, 0x67, 0x61, 0x6d, 0x6d, 0x61, 0x00, 0x73, 0x65, 0x6c, 0x63, 0x6f, 0x6c, 0x00,
  0x73, 0x78, 0x00, 0x73, 0x79, 0x00, 0x2a, 0x6c, 0x70, 0x46, 0x6f, 0x72, 0x6d, 0x61, 0x74, 0x00,
  0x2a, 0x6c, 0x70, 0x50, 0x61, 0x72, 0x6d, 0x73, 0x00, 0x63, 0x62, 0x46, 0x6f, 0x72, 0x6d, 0x61,
  0x74, 0x00, 0x63, 0x62, 0x50, 0x61, 0x72, 0x6d, 0x73, 0x00, 0x66, 0x63, 0x63, 0x54, 0x79, 0x70,
  0x65, 0x00, 0x66, 0x63, 0x63, 0x48, 0x61, 0x6e, 0x64, 0x6c, 0x65, 0x72, 0x00, 0x64, 0x77, 0x4b,
  0x65, 0x79, 0x46, 0x72, 0x61, 0x6d, 0x65, 0x45, 0x76, 0x65, 0x72, 0x79, 0x00, 0x64, 0x77, 0x51,
  0x75, 0x61, 0x6c, 0x69, 0x74, 0x79, 0x00, 0x64, 0x77, 0x42, 0x79, 0x74, 0x65, 0x73, 0x50, 0x65,
  0x72, 0x53, 0x65, 0x63, 0x6f, 0x6e, 0x64, 0x00, 0x64, 0x77, 0x46, 0x6c, 0x61, 0x67, 0x73, 0x00,
  0x64, 0x77, 0x49, 0x6e, 0x74, 0x65, 0x72, 0x6c, 0x65, 0x61, 0x76, 0x65, 0x45, 0x76, 0x65, 0x72,
  0x79, 0x00, 0x61, 0x76, 0x69, 0x63, 0x6f, 0x64, 0x65, 0x63, 0x6e, 0x61, 0x6d, 0x65, 0x5b, 0x31,
  0x32, 0x38, 0x5d, 0x00, 0x2a, 0x63, 0x64, 0x50, 0x61, 0x72, 0x6d, 0x73, 0x00, 0x2a, 0x70, 0x61,
  0x64, 0x00, 0x63, 0x64, 0x53, 0x69, 0x7a, 0x65, 0x00, 0x71, 0x74, 0x63, 0x6f, 0x64, 0x65, 0x63,
  0x6e, 0x61, 0x6d, 0x65, 0x5b, 0x31, 0x32, 0x38, 0x5d, 0x00, 0x63, 0x6f, 0x64, 0x65, 0x63, 0x00,
  0x61, 0x75, 0x64, 0x69, 0x6f, 0x5f, 0x63, 0x6f, 0x64, 0x65, 0x63, 0x00, 0x76, 0x69, 0x64, 0x65,
  0x6f, 0x5f, 0x62, 0x69, 0x74, 0x72, 0x61, 0x74, 0x65, 0x00, 0x61, 0x75, 0x64, 0x69, 0x6f, 0x5f,
  0x62, 0x69, 0x74, 0x72, 0x61, 0x74, 0x65, 0x00, 0x67, 0x6f, 0x70, 0x5f, 0x73, 0x69, 0x7a, 0x65,
  0x00, 0x72, 0x63, 0x5f, 0x6d, 0x69, 0x6e, 0x5f, 0x72, 0x61, 0x74, 0x65, 0x00, 0x72, 0x63, 0x5f,
  0x6d, 0x61, 0x78, 0x5f, 0x72, 0x61, 0x74, 0x65, 0x00, 0x72, 0x63, 0x5f, 0x62, 0x75, 0x66, 0x66,
  0x65, 0x72, 0x5f, 0x73, 0x69, 0x7a, 0x65, 0x00, 0x6d, 0x75, 0x78, 0x5f, 0x70, 0x61, 0x63, 0x6b,
  0x65, 0x74, 0x5f, 0x73, 0x69, 0x7a, 0x65, 0x00, 0x6d, 0x75, 0x78, 0x5f, 0x72, 0x61, 0x74, 0x65,
  0x00, 0x6d, 0x69, 0x78, 0x72, 0x61, 0x74, 0x65, 0x00, 0x6d, 0x61, 0x69, 0x6e, 0x00, 0x2a, 0x6d,
  0x61, 0x74, 0x5f, 0x6f, 0x76, 0x65, 0x72, 0x72, 0x69, 0x64, 0x65, 0x00, 0x2a, 0x6c, 0x69, 0x67,
  0x68, 0x74, 0x5f, 0x6f, 0x76, 0x65, 0x72, 0x72, 0x69, 0x64, 0x65, 0x00, 0x6c, 0x61, 0x79, 0x5f,
  0x7a, 0x6d, 0x61, 0x73, 0x6b, 0x00, 0x6c, 0x61, 0x79, 0x66, 0x6c, 0x61, 0x67, 0x00, 0x70, 0x61,
  0x73, 0x73, 0x66, 0x6c, 0x61, 0x67, 0x00, 0x70, 0x61, 0x73, 0x73, 0x5f, 0x78, 0x6f, 0x72, 0x00,
  0x2a, 0x61, 0x76, 0x69, 0x63, 0x6f, 0x64, 0x65, 0x63, 0x64, 0x61, 0x74, 0x61, 0x00, 0x2a, 0x71,
  0x74, 0x63, 0x6f, 0x64, 0x65, 0x63, 0x64, 0x61, 0x74, 0x61, 0x00, 0x66, 0x66, 0x63, 0x6f, 0x64,
  0x65, 0x63, 0x64, 0x61, 0x74, 0x61, 0x00, 0x63, 0x66, 0x72, 0x61, 0x00, 0x70, 0x73, 0x66, 0x72,
  0x61, 0x00, 0x70, 0x65, 0x66, 0x72, 0x61, 0x00, 0x69, 0x6d, 0x61, 0x67, 0x65, 0x73, 0x00, 0x66,
  0x72, 0x61, 0x6d, 0x61, 0x70, 0x74, 0x6f, 0x00, 0x74, 0x68, 0x72, 0x65, 0x61, 0x64, 0x73, 0x00,
  0x66, 0x72, 0x61, 0x6d, 0x65, 0x6c, 0x65, 0x6e, 0x00, 0x62, 0x6c, 0x75, 0x72, 0x66, 0x61, 0x63,
  0x00, 0x65, 0x64, 0x67, 0x65, 0x52, 0x00, 0x65, 0x64, 0x67, 0x65, 0x47, 0x00, 0x65, 0x64, 0x67,
  0x65, 0x42, 0x00, 0x66, 0x75, 0x6c, 0x6c, 0x73, 0x63, 0x72, 0x65, 0x65, 0x6e, 0x00, 0x78, 0x70,
  0x6c, 0x61, 0x79, 0x00, 0x79, 0x70, 0x6c, 0x61, 0x79, 0x00, 0x66, 0x72, 0x65, 0x71, 0x70, 0x6c,
  0x61, 0x79, 0x00, 0x61, 0x74, 0x74, 0x72, 0x69, 0x62, 0x00, 0x72, 0x74, 0x31, 0x00, 0x73, 0x74,
  0x65, 0x72, 0x65, 0x6f, 0x6d, 0x6f, 0x64, 0x65, 0x00, 0x64, 0x69, 0x6d, 0x65, 0x6e, 0x73, 0x69,
  0x6f, 0x6e, 0x73, 0x70, 0x72, 0x65, 0x73, 0x65, 0x74, 0x00, 0x6d, 0x61, 0x78, 0x69, 0x6d, 0x73,
  0x69, 0x7a, 0x65, 0x00, 0x78, 0x73, 0x63, 0x68, 0x00, 0x79, 0x73, 0x63, 0x68, 0x00, 0x78, 0x70,
  0x61, 0x72, 0x74, 0x73, 0x00, 0x79, 0x70, 0x61, 0x72, 0x74, 0x73, 0x00, 0x77, 0x69, 0x6e, 0x70,
  0x6f, 0x73, 0x00, 0x70, 0x6c, 0x61, 0x6e, 0x65, 0x73, 0x00, 0x69, 0x6d, 0x74, 0x79, 0x70, 0x65,
  0x00, 0x73, 0x75, 0x62, 0x69, 0x6d, 0x74, 0x79, 0x70, 0x65, 0x00, 0x71, 0x75, 0x61, 0x6c, 0x69,
  0x74, 0x79, 0x00, 0x72, 0x70, 0x61, 0x64, 0x00, 0x72, 0x70, 0x61, 0x64, 0x31, 0x00, 0x72, 0x70,
  0x61, 0x64, 0x32, 0x00, 0x73, 0x63, 0x65, 0x6d, 0x6f, 0x64, 0x65, 0x00, 0x72, 0x65, 0x6e, 0x64,
  0x65, 0x72, 0x65, 0x72, 0x00, 0x6f, 0x63, 0x72, 0x65, 0x73, 0x00, 0x61, 0x6c, 0x70, 0x68, 0x61,
  0x6d, 0x6f, 0x64, 0x65, 0x00, 0x6f, 0x73, 0x61, 0x00, 0x66, 0x72, 0x73, 0x5f, 0x73, 0x65, 0x63,
  0x00, 0x65, 0x64, 0x67, 0x65, 0x69, 0x6e, 0x74, 0x00, 0x73, 0x61, 0x66, 0x65, 0x74, 0x79, 0x00,
  0x62, 0x6f, 0x72, 0x64, 0x65, 0x72, 0x00, 0x64, 0x69, 0x73, 0x70, 0x72, 0x65, 0x63, 0x74, 0x00,
  0x6c, 0x61, 0x79, 0x65, 0x72, 0x73, 0x00, 0x61, 0x63, 0x74, 0x6c, 0x61, 0x79, 0x00, 0x78, 0x61,
  0x73, 0x70, 0x00, 0x79, 0x61, 0x73, 0x70, 0x00, 0x66, 0x72, 0x73, 0x5f, 0x73, 0x65, 0x63, 0x5f,
  0x62, 0x61, 0x73, 0x65, 0x00, 0x67, 0x61, 0x75, 0x73, 0x73, 0x00, 0x70, 0x6f, 0x73, 0x74, 0x6d,
  0x75, 0x6c, 0x00, 0x70, 0x6f, 0x73, 0x74, 0x67, 0x61, 0x6d, 0x6d, 0x61, 0x00, 0x70, 0x6f, 0x73,
  0x74, 0x68, 0x75, 0x65, 0x00, 0x70, 0x6f, 0x73, 0x74, 0x73, 0x61, 0x74, 0x00, 0x64, 0x69, 0x74,
  0x68, 0x65, 0x72, 0x5f, 0x69, 0x6e, 0x74, 0x65, 0x6e, 0x73, 0x69, 0x74, 0x79, 0x00, 0x62, 0x61,
  0x6b, 0x65, 0x5f, 0x6f, 0x73, 0x61, 0x00, 0x62, 0x61, 0x6b, 0x65, 0x5f, 0x66, 0x69, 0x6c, 0x74,
  0x65, 0x72, 0x00, 0x62, 0x61, 0x6b, 0x65, 0x5f, 0x6d, 0x6f, 0x64, 0x65, 0x00, 0x62, 0x61, 0x6b,
  0x65, 0x5f, 0x66, 0x6c, 0x61, 0x67, 0x00, 0x62, 0x61, 0x6b, 0x65, 0x5f, 0x6e, 0x6f, 0x72, 0x6d,
  0x61, 0x6c, 0x5f, 0x73, 0x70, 0x61, 0x63, 0x65, 0x00, 0x62, 0x61, 0x6b, 0x65, 0x5f, 0x71, 0x75,
  0x61, 0x64, 0x5f, 0x73, 0x70, 0x6c, 0x69, 0x74, 0x00, 0x62, 0x61, 0x6b, 0x65, 0x5f, 0x6d, 0x61,
  0x78, 0x64, 0x69, 0x73, 0x74, 0x00, 0x62, 0x61, 0x6b, 0x65, 0x5f, 0x62, 0x69, 0x61, 0x73, 0x64,
  0x69, 0x73, 0x74, 0x00, 0x62, 0x61, 0x6b, 0x65, 0x5f, 0x70, 0x61, 0x64, 0x00, 0x47, 0x49, 0x71,
  0x75, 0x61, 0x6c, 0x69, 0x74, 0x79, 0x00, 0x47, 0x49, 0x63, 0x61, 0x63, 0x68, 0x65, 0x00, 0x47,
  0x49, 0x6d, 0x65, 0x74, 0x68, 0x6f, 0x64, 0x00, 0x47, 0x49, 0x70, 0x68, 0x6f, 0x74, 0x6f, 0x6e,
  0x73, 0x00, 0x47, 0x49, 0x64, 0x69, 0x72, 0x65, 0x63, 0x74, 0x00, 0x59, 0x46, 0x5f, 0x41, 0x41,
  0x00, 0x59, 0x46, 0x65, 0x78, 0x70, 0x6f, 0x72, 0x74, 0x78, 0x6d, 0x6c, 0x00, 0x59, 0x46, 0x5f,
  0x6e, 0x6f, 0x62, 0x75, 0x6d, 0x70, 0x00, 0x59, 0x46, 0x5f, 0x63, 0x6c, 0x61, 0x6d, 0x70, 0x72,
  0x67, 0x62, 0x00, 0x79, 0x66, 0x70, 0x61, 0x64, 0x31, 0x00, 0x47, 0x49, 0x64, 0x65, 0x70, 0x74,
  0x68, 0x00, 0x47, 0x49, 0x63, 0x61, 0x75, 0x73, 0x64, 0x65, 0x70, 0x74, 0x68, 0x00, 0x47, 0x49,
  0x70, 0x69, 0x78, 0x65, 0x6c, 0x73, 0x70, 0x65, 0x72, 0x73, 0x61, 0x6d, 0x70, 0x6c, 0x65, 0x00,
  0x47, 0x49, 0x70, 0x68, 0x6f, 0x74, 0x6f, 0x6e, 0x63, 0x6f, 0x75, 0x6e, 0x74, 0x00, 0x47, 0x49,
  0x6d, 0x69, 0x78, 0x70, 0x68, 0x6f, 0x74, 0x6f, 0x6e, 0x73, 0x00, 0x47, 0x49, 0x70, 0x68, 0x6f,
  0x74, 0x6f, 0x6e, 0x72, 0x61, 0x64, 0x69, 0x75, 0x73, 0x00, 0x59, 0x46, 0x5f, 0x72, 0x61, 0x79,
  0x64, 0x65, 0x70, 0x74, 0x68, 0x00, 0x59, 0x46, 0x5f, 0x41, 0x41, 0x70, 0x61, 0x73, 0x73, 0x65,
  0x73, 0x00, 0x59, 0x46, 0x5f, 0x41, 0x41, 0x73, 0x61, 0x6d, 0x70, 0x6c, 0x65, 0x73, 0x00, 0x79,
  0x66, 0x70, 0x61, 0x64, 0x32, 0x00, 0x47, 0x49, 0x73, 0x68, 0x61, 0x64, 0x6f, 0x77, 0x71, 0x75,
  0x61, 0x6c, 0x69, 0x74, 0x79, 0x00, 0x47, 0x49, 0x72, 0x65, 0x66, 0x69, 0x6e, 0x65, 0x6d, 0x65,
  0x6e, 0x74, 0x00, 0x47, 0x49, 0x70, 0x6f, 0x77, 0x65, 0x72, 0x00, 0x47, 0x49, 0x69, 0x6e, 0x64,
  0x69, 0x72, 0x70, 0x6f, 0x77, 0x65, 0x72, 0x00, 0x59, 0x46, 0x5f, 0x67, 0x61, 0x6d, 0x6d, 0x61,
  0x00, 0x59, 0x46, 0x5f, 0x65, 0x78, 0x70, 0x6f, 0x73, 0x75, 0x72, 0x65, 0x00, 0x59, 0x46, 0x5f,
  0x72, 0x61, 0x79, 0x62, 0x69, 0x61, 0x73, 0x00, 0x59, 0x46, 0x5f, 0x41, 0x41, 0x70, 0x69, 0x78,
  0x65, 0x6c, 0x73, 0x69, 0x7a, 0x65, 0x00, 0x59, 0x46, 0x5f, 0x41, 0x41, 0x74, 0x68, 0x72, 0x65,
  0x73, 0x68, 0x6f, 0x6c, 0x64, 0x00, 0x62, 0x61, 0x63, 0x6b, 0x62, 0x75, 0x66, 0x5b, 0x31, 0x36,
  0x30, 0x5d, 0x00, 0x70, 0x69, 0x63, 0x5b, 0x31, 0x36, 0x30, 0x5d, 0x00, 0x73, 0x74, 0x61, 0x6d,
  0x70, 0x00, 0x73, 0x74, 0x61, 0x6d, 0x70, 0x5f, 0x66, 0x6f, 0x6e, 0x74, 0x5f, 0x69, 0x64, 0x00,
  0x73, 0x74, 0x61, 0x6d, 0x70, 0x5f, 0x75, 0x64, 0x61, 0x74, 0x61, 0x5b, 0x31, 0x36, 0x30, 0x5d,
  0x00, 0x66, 0x67, 0x5f, 0x73, 0x74, 0x61, 0x6d, 0x70, 0x5b, 0x34, 0x5d, 0x00, 0x62, 0x67, 0x5f,
  0x73, 0x74, 0x61, 0x6d, 0x70, 0x5b, 0x34, 0x5d, 0x00, 0x73, 0x69, 0x6d, 0x70, 0x6c, 0x69, 0x66,
  0x79, 0x5f, 0x73, 0x75, 0x62, 0x73, 0x75, 0x72, 0x66, 0x00, 0x73, 0x69, 0x6d, 0x70, 0x6c, 0x69,
  0x66, 0x79, 0x5f, 0x73, 0x68, 0x61, 0x64, 0x6f, 0x77, 0x73, 0x61, 0x6d, 0x70, 0x6c, 0x65, 0x73,
  0x00, 0x73, 0x69, 0x6d, 0x70, 0x6c, 0x69, 0x66, 0x79, 0x5f, 0x70, 0x61, 0x72, 0x74, 0x69, 0x63,
  0x6c, 0x65, 0x73, 0x00, 0x73, 0x69, 0x6d, 0x70, 0x6c, 0x69, 0x66, 0x79, 0x5f, 0x61, 0x6f, 0x73,
  0x73, 0x73, 0x00, 0x63, 0x69, 0x6e, 0x65, 0x6f, 0x6e, 0x77, 0x68, 0x69, 0x74, 0x65, 0x00, 0x63,
  0x69, 0x6e, 0x65, 0x6f, 0x6e, 0x62, 0x6c, 0x61, 0x63, 0x6b, 0x00, 0x63, 0x69, 0x6e, 0x65, 0x6f,
  0x6e, 0x67, 0x61, 0x6d, 0x6d, 0x61, 0x00, 0x70, 0x61, 0x72, 0x74, 0x69, 0x63, 0x6c, 0x65, 0x5f,
  0x70, 0x65, 0x72, 0x63, 0x00, 0x73, 0x75, 0x62, 0x73, 0x75, 0x72, 0x66, 0x5f, 0x6d, 0x61, 0x78,
  0x00, 0x73, 0x68, 0x61, 0x64, 0x62, 0x75, 0x66, 0x73, 0x61, 0x6d, 0x70, 0x6c, 0x65, 0x5f, 0x6d,
  0x61, 0x78, 0x00, 0x61, 0x6f, 0x5f, 0x65, 0x72, 0x72, 0x6f, 0x72, 0x00, 0x63, 0x6f, 0x6c, 0x5b,
  0x33, 0x5d, 0x00, 0x66, 0x72, 0x61, 0x6d, 0x65, 0x00, 0x6e, 0x61, 0x6d, 0x65, 0x5b, 0x36, 0x34,
  0x5d, 0x00, 0x2a, 0x62, 0x72, 0x75, 0x73, 0x68, 0x00, 0x74, 0x6f, 0x6f, 0x6c, 0x00, 0x73, 0x74,
  0x65, 0x70, 0x00, 0x69, 0x6e, 0x76, 0x65, 0x72, 0x74, 0x00, 0x74, 0x6f, 0x74, 0x72, 0x65, 0x6b,
  0x65, 0x79, 0x00, 0x74, 0x6f, 0x74, 0x61, 0x64, 0x64, 0x6b, 0x65, 0x79, 0x00, 0x62, 0x72, 0x75,
  0x73, 0x68, 0x74, 0x79, 0x70, 0x65, 0x00, 0x62, 0x72, 0x75, 0x73, 0x68, 0x5b, 0x37, 0x5d, 0x00,
  0x65, 0x6d, 0x69, 0x74, 0x74, 0x65, 0x72, 0x64, 0x69, 0x73, 0x74, 0x00, 0x64, 0x72, 0x61, 0x77,
  0x5f, 0x74, 0x69, 0x6d, 0x65, 0x64, 0x00, 0x6e, 0x61, 0x6d, 0x65, 0x5b, 0x33, 0x36, 0x5d, 0x00,
  0x6d, 0x61, 0x74, 0x5b, 0x33, 0x5d, 0x5b, 0x33, 0x5d, 0x00, 0x63, 0x6f, 0x72, 0x6e, 0x65, 0x72,
  0x74, 0x79, 0x70, 0x65, 0x00, 0x65, 0x64, 0x69, 0x74, 0x62, 0x75, 0x74, 0x66, 0x6c, 0x61, 0x67,
  0x00, 0x6a, 0x6f, 0x69, 0x6e, 0x74, 0x72, 0x69, 0x6c, 0x69, 0x6d, 0x69, 0x74, 0x00, 0x64, 0x65,
  0x67, 0x72, 0x00, 0x74, 0x75, 0x72, 0x6e, 0x00, 0x65, 0x78, 0x74, 0x72, 0x5f, 0x6f, 0x66, 0x66,
  0x73, 0x00, 0x64, 0x6f, 0x75, 0x62, 0x6c, 0x69, 0x6d, 0x69, 0x74, 0x00, 0x73, 0x65, 0x67, 0x6d,
  0x65, 0x6e, 0x74, 0x73, 0x00, 0x72, 0x69, 0x6e, 0x67, 0x73, 0x00, 0x76, 0x65, 0x72, 0x74, 0x69,
  0x63, 0x65, 0x73, 0x00, 0x75, 0x6e, 0x77, 0x72, 0x61, 0x70, 0x70, 0x65, 0x72, 0x00, 0x75, 0x76,
  0x63, 0x61, 0x6c, 0x63, 0x5f, 0x72, 0x61, 0x64, 0x69, 0x75, 0x73, 0x00, 0x75, 0x76, 0x63, 0x61,
  0x6c, 0x63, 0x5f, 0x63, 0x75, 0x62, 0x65, 0x73, 0x69, 0x7a, 0x65, 0x00, 0x75, 0x76, 0x63, 0x61,
  0x6c, 0x63, 0x5f, 0x6d, 0x61, 0x70, 0x64, 0x69, 0x72, 0x00, 0x75, 0x76, 0x63, 0x61, 0x6c, 0x63,
  0x5f, 0x6d, 0x61, 0x70, 0x61, 0x6c, 0x69, 0x67, 0x6e, 0x00, 0x75, 0x76, 0x63, 0x61, 0x6c, 0x63,
  0x5f, 0x66, 0x6c, 0x61, 0x67, 0x00, 0x61, 0x75, 0x74, 0x6f, 0x69, 0x6b, 0x5f, 0x63, 0x68, 0x61,
  0x69, 0x6e, 0x6c, 0x65, 0x6e, 0x00, 0x69, 0x6d, 0x61, 0x70, 0x61, 0x69, 0x6e, 0x74, 0x00, 0x70,
  0x61, 0x72, 0x74, 0x69, 0x63, 0x6c, 0x65, 0x00, 0x73, 0x65, 0x6c, 0x65, 0x63, 0x74, 0x5f, 0x74,
  0x68, 0x72, 0x65, 0x73, 0x68, 0x00, 0x63, 0x6c, 0x65, 0x61, 0x6e, 0x5f, 0x74, 0x68, 0x72, 0x65,
  0x73, 0x68, 0x00, 0x72, 0x65, 0x74, 0x6f, 0x70, 0x6f, 0x5f, 0x6d, 0x6f, 0x64, 0x65, 0x00, 0x72,
  0x65, 0x74, 0x6f, 0x70, 0x6f, 0x5f, 0x70, 0x61, 0x69, 0x6e, 0x74, 0x5f, 0x74, 0x6f, 0x6f, 0x6c,
  0x00, 0x6c, 0x69, 0x6e, 0x65, 0x5f, 0x64, 0x69, 0x76, 0x00, 0x65, 0x6c, 0x6c, 0x69, 0x70, 0x73,
  0x65, 0x5f, 0x64, 0x69, 0x76, 0x00, 0x72, 0x65, 0x74, 0x6f, 0x70, 0x6f, 0x5f, 0x68, 0x6f, 0x74,
  0x73, 0x70, 0x6f, 0x74, 0x00, 0x6d, 0x75, 0x6c, 0x74, 0x69, 0x72, 0x65, 0x73, 0x5f, 0x73, 0x75,
  0x62, 0x64, 0x69, 0x76, 0x5f, 0x74, 0x79, 0x70, 0x65, 0x00, 0x73, 0x6b, 0x67, 0x65, 0x6e, 0x5f,
  0x72, 0x65, 0x73, 0x6f, 0x6c, 0x75, 0x74, 0x69, 0x6f, 0x6e, 0x00, 0x73, 0x6b, 0x67, 0x65, 0x6e,
  0x5f, 0x74, 0x68, 0x72, 0x65, 0x73, 0x68, 0x6f, 0x6c, 0x64, 0x5f, 0x69, 0x6e, 0x74, 0x65, 0x72,
  0x6e, 0x61, 0x6c, 0x00, 0x73, 0x6b, 0x67, 0x65, 0x6e, 0x5f, 0x74, 0x68, 0x72, 0x65, 0x73, 0x68,
  0x6f, 0x6c, 0x64, 0x5f, 0x65, 0x78, 0x74, 0x65, 0x72, 0x6e, 0x61, 0x6c, 0x00, 0x73, 0x6b, 0x67,
  0x65, 0x6e, 0x5f, 0x6c, 0x65, 0x6e, 0x67, 0x74, 0x68, 0x5f, 0x72, 0x61, 0x74, 0x69, 0x6f, 0x00,
  0x73, 0x6b, 0x67, 0x65, 0x6e, 0x5f, 0x6c, 0x65, 0x6e, 0x67, 0x74, 0x68, 0x5f, 0x6c, 0x69, 0x6d,
  0x69, 0x74, 0x00, 0x73, 0x6b, 0x67, 0x65, 0x6e, 0x5f, 0x61, 0x6e, 0x67, 0x6c, 0x65, 0x5f, 0x6c,
  0x69, 0x6d, 0x69, 0x74, 0x00, 0x73, 0x6b, 0x67, 0x65, 0x6e, 0x5f, 0x63, 0x6f, 0x72, 0x72, 0x65,
  0x6c, 0x61, 0x74, 0x69, 0x6f, 0x6e, 0x5f, 0x6c, 0x69, 0x6d, 0x69, 0x74, 0x00, 0x73, 0x6b, 0x67,
  0x65, 0x6e, 0x5f, 0x73, 0x79, 0x6d, 0x6d, 0x65, 0x74, 0x72, 0x79, 0x5f, 0x6c, 0x69, 0x6d, 0x69,
  0x74, 0x00, 0x73, 0x6b, 0x67, 0x65, 0x6e, 0x5f, 0x6f, 0x70, 0x74, 0x69, 0x6f, 0x6e, 0x73, 0x00,
  0x73, 0x6b, 0x67, 0x65, 0x6e, 0x5f, 0x70, 0x6f, 0x73, 0x74, 0x70, 0x72, 0x6f, 0x00, 0x73, 0x6b,
  0x67, 0x65, 0x6e, 0x5f, 0x70, 0x6f, 0x73, 0x74, 0x70, 0x72, 0x6f, 0x5f, 0x70, 0x61, 0x73, 0x73,
  0x65, 0x73, 0x00, 0x73, 0x6b, 0x67, 0x65, 0x6e, 0x5f, 0x73, 0x75, 0x62, 0x64, 0x69, 0x76, 0x69,
  0x73, 0x69, 0x6f, 0x6e, 0x73, 0x5b, 0x33, 0x5d, 0x00, 0x65, 0x64, 0x67, 0x65, 0x5f, 0x6d, 0x6f,
  0x64, 0x65, 0x00, 0x70, 0x61, 0x64, 0x33, 0x5b, 0x34, 0x5d, 0x00, 0x64, 0x69, 0x72, 0x00, 0x76,
  0x69, 0x65, 0x77, 0x00, 0x2a, 0x73, 0x65, 0x73, 0x73, 0x69, 0x6f, 0x6e, 0x00, 0x2a, 0x63, 0x75,
  0x6d, 0x61, 0x70, 0x00, 0x64, 0x72, 0x61, 0x77, 0x62, 0x72, 0x75, 0x73, 0x68, 0x00, 0x73, 0x6d,
  0x6f, 0x6f, 0x74, 0x68, 0x62, 0x72, 0x75, 0x73, 0x68, 0x00, 0x70, 0x69, 0x6e, 0x63, 0x68, 0x62,
  0x72, 0x75, 0x73, 0x68, 0x00, 0x69, 0x6e, 0x66, 0x6c, 0x61, 0x74, 0x65, 0x62, 0x72, 0x75, 0x73,
  0x68, 0x00, 0x67, 0x72, 0x61, 0x62, 0x62, 0x72, 0x75, 0x73, 0x68, 0x00, 0x6c, 0x61, 0x79, 0x65,
  0x72, 0x62, 0x72, 0x75, 0x73, 0x68, 0x00, 0x66, 0x6c, 0x61, 0x74, 0x74, 0x65, 0x6e, 0x62, 0x72,
  0x75, 0x73, 0x68, 0x00, 0x70, 0x69, 0x76, 0x6f, 0x74, 0x5b, 0x33, 0x5d, 0x00, 0x62, 0x72, 0x75,
  0x73, 0x68, 0x5f, 0x74, 0x79, 0x70, 0x65, 0x00, 0x74, 0x65, 0x78, 0x6e, 0x72, 0x00, 0x74, 0x65,
  0x78, 0x72, 0x65, 0x70, 0x74, 0x00, 0x74, 0x65, 0x78, 0x66, 0x61, 0x64, 0x65, 0x00, 0x74, 0x65,
  0x78, 0x73, 0x65, 0x70, 0x00, 0x61, 0x76, 0x65, 0x72, 0x61, 0x67, 0x69, 0x6e, 0x67, 0x00, 0x74,
  0x61, 0x62, 0x6c, 0x65, 0x74, 0x5f, 0x73, 0x69, 0x7a, 0x65, 0x00, 0x74, 0x61, 0x62, 0x6c, 0x65,
  0x74, 0x5f, 0x73, 0x74, 0x72, 0x65, 0x6e, 0x67, 0x74, 0x68, 0x00, 0x73, 0x79, 0x6d, 0x6d, 0x00,
  0x72, 0x61, 0x6b, 0x65, 0x00, 0x61, 0x78, 0x69, 0x73, 0x6c, 0x6f, 0x63, 0x6b, 0x00, 0x2a, 0x63,
  0x61, 0x6d, 0x65, 0x72, 0x61, 0x00, 0x2a, 0x77, 0x6f, 0x72, 0x6c, 0x64, 0x00, 0x2a, 0x73, 0x65,
  0x74, 0x00, 0x62, 0x61, 0x73, 0x65, 0x00, 0x2a, 0x62, 0x61, 0x73, 0x61, 0x63, 0x74, 0x00, 0x63,
  0x75, 0x72, 0x73, 0x6f, 0x72, 0x5b, 0x33, 0x5d, 0x00, 0x74, 0x77, 0x63, 0x65, 0x6e, 0x74, 0x5b,
  0x33, 0x5d, 0x00, 0x74, 0x77, 0x6d, 0x69, 0x6e, 0x5b, 0x33, 0x5d, 0x00, 0x74, 0x77, 0x6d, 0x61,
  0x78, 0x5b, 0x33, 0x5d, 0x00, 0x65, 0x64, 0x69, 0x74, 0x62, 0x75, 0x74, 0x73, 0x69, 0x7a, 0x65,
  0x00, 0x73, 0x65, 0x6c, 0x65, 0x63, 0x74, 0x6d, 0x6f, 0x64, 0x65, 0x00, 0x70, 0x72, 0x6f, 0x70,
  0x6f, 0x72, 0x74, 0x69, 0x6f, 0x6e, 0x61, 0x6c, 0x00, 0x70, 0x72, 0x6f, 0x70, 0x5f, 0x6d, 0x6f,
  0x64, 0x65, 0x00, 0x61, 0x75, 0x74, 0x6f, 0x6d, 0x65, 0x72, 0x67, 0x65, 0x00, 0x70, 0x61, 0x64,
  0x35, 0x00, 0x70, 0x61, 0x64, 0x36, 0x00, 0x61, 0x75, 0x74, 0x6f, 0x6b, 0x65, 0x79, 0x5f, 0x6d,
  0x6f, 0x64, 0x65, 0x00, 0x2a, 0x65, 0x64, 0x00, 0x2a, 0x72, 0x61, 0x64, 0x69, 0x6f, 0x00, 0x66,
  0x72, 0x61, 0x6d, 0x69, 0x6e, 0x67, 0x00, 0x2a, 0x74, 0x6f, 0x6f, 0x6c, 0x73, 0x65, 0x74, 0x74,
  0x69, 0x6e, 0x67, 0x73, 0x00, 0x61, 0x75, 0x64, 0x69, 0x6f, 0x00, 0x74, 0x72, 0x61, 0x6e, 0x73,
  0x66, 0x6f, 0x72, 0x6d, 0x5f, 0x73, 0x70, 0x61, 0x63, 0x65, 0x73, 0x00, 0x6a, 0x75, 0x6d, 0x70,
  0x66, 0x72, 0x61, 0x6d, 0x65, 0x00, 0x73, 0x6e, 0x61, 0x70, 0x5f, 0x6d, 0x6f, 0x64, 0x65, 0x00,
  0x73, 0x6e, 0x61, 0x70, 0x5f, 0x66, 0x6c, 0x61, 0x67, 0x00, 0x73, 0x6e, 0x61, 0x70, 0x5f, 0x74,
  0x61, 0x72, 0x67, 0x65, 0x74, 0x00, 0x2a, 0x74, 0x68, 0x65, 0x44, 0x61, 0x67, 0x00, 0x64, 0x61,
  0x67, 0x69, 0x73, 0x76, 0x61, 0x6c, 0x69, 0x64, 0x00, 0x64, 0x61, 0x67, 0x66, 0x6c, 0x61, 0x67,
  0x73, 0x00, 0x73, 0x63, 0x75, 0x6c, 0x70, 0x74, 0x64, 0x61, 0x74, 0x61, 0x00, 0x66, 0x72, 0x61,
  0x6d, 0x65, 0x5f, 0x73, 0x74, 0x65, 0x70, 0x00, 0x7a, 0x6f, 0x6f, 0x6d, 0x00, 0x62, 0x6c, 0x65,
  0x6e, 0x64, 0x00, 0x78, 0x69, 0x6d, 0x00, 0x79, 0x69, 0x6d, 0x00, 0x73, 0x70, 0x61, 0x63, 0x65,
  0x74, 0x79, 0x70, 0x65, 0x00, 0x62, 0x6c, 0x6f, 0x63, 0x6b, 0x73, 0x63, 0x61, 0x6c, 0x65, 0x00,
  0x2a, 0x61, 0x72, 0x65, 0x61, 0x00, 0x62, 0x6c, 0x6f, 0x63, 0x6b, 0x68, 0x61, 0x6e, 0x64, 0x6c,
  0x65, 0x72, 0x5b, 0x38, 0x5d, 0x00, 0x76, 0x69, 0x65, 0x77, 0x6d, 0x61, 0x74, 0x5b, 0x34, 0x5d,
  0x5b, 0x34, 0x5d, 0x00, 0x76, 0x69, 0x65, 0x77, 0x69, 0x6e, 0x76, 0x5b, 0x34, 0x5d, 0x5b, 0x34,
  0x5d, 0x00, 0x70, 0x65, 0x72, 0x73, 0x6d, 0x61, 0x74, 0x5b, 0x34, 0x5d, 0x5b, 0x34, 0x5d, 0x00,
  0x70, 0x65, 0x72, 0x73, 0x69, 0x6e, 0x76, 0x5b, 0x34, 0x5d, 0x5b, 0x34, 0x5d, 0x00, 0x77, 0x69,
  0x6e, 0x6d, 0x61, 0x74, 0x31, 0x5b, 0x34, 0x5d, 0x5b, 0x34, 0x5d, 0x00, 0x76, 0x69, 0x65, 0x77,
  0x6d, 0x61, 0x74, 0x31, 0x5b, 0x34, 0x5d, 0x5b, 0x34, 0x5d, 0x00, 0x76, 0x69, 0x65, 0x77, 0x71,
  0x75, 0x61, 0x74, 0x5b, 0x34, 0x5d, 0x00, 0x7a, 0x66, 0x61, 0x63, 0x00, 0x6c, 0x61, 0x79, 0x5f,
  0x75, 0x73, 0x65, 0x64, 0x00, 0x70, 0x65, 0x72, 0x73, 0x70, 0x00, 0x2a, 0x6f, 0x62, 0x5f, 0x63,
  0x65, 0x6e, 0x74, 0x72, 0x65, 0x00, 0x2a, 0x62, 0x67, 0x70, 0x69, 0x63, 0x00, 0x2a, 0x6c, 0x6f,
  0x63, 0x61, 0x6c, 0x76, 0x64, 0x00, 0x2a, 0x72, 0x69, 0x00, 0x2a, 0x72, 0x65, 0x74, 0x6f, 0x70,
  0x6f, 0x5f, 0x76, 0x69, 0x65, 0x77, 0x5f, 0x64, 0x61, 0x74, 0x61, 0x00, 0x2a, 0x64, 0x65, 0x70,
  0x74, 0x68, 0x73, 0x00, 0x6f, 0x62, 0x5f, 0x63, 0x65, 0x6e, 0x74, 0x72, 0x65, 0x5f, 0x62, 0x6f,
  0x6e, 0x65, 0x5b, 0x33, 0x32, 0x5d, 0x00, 0x6c, 0x6f, 0x63, 0x61, 0x6c, 0x76, 0x69, 0x65, 0x77,
  0x00, 0x6c, 0x61, 0x79, 0x61, 0x63, 0x74, 0x00, 0x73, 0x63, 0x65, 0x6e, 0x65, 0x6c, 0x6f, 0x63,
  0x6b, 0x00, 0x61, 0x72, 0x6f, 0x75, 0x6e, 0x64, 0x00, 0x63, 0x61, 0x6d, 0x7a, 0x6f, 0x6f, 0x6d,
  0x00, 0x70, 0x69, 0x76, 0x6f, 0x74, 0x5f, 0x6c, 0x61, 0x73, 0x74, 0x00, 0x67, 0x72, 0x69, 0x64,
  0x00, 0x67, 0x72, 0x69, 0x64, 0x76, 0x69, 0x65, 0x77, 0x00, 0x70, 0x69, 0x78, 0x73, 0x69, 0x7a,
  0x65, 0x00, 0x6e, 0x65, 0x61, 0x72, 0x00, 0x66, 0x61, 0x72, 0x00, 0x63, 0x61, 0x6d, 0x64, 0x78,
  0x00, 0x63, 0x61, 0x6d, 0x64, 0x79, 0x00, 0x67, 0x72, 0x69, 0x64, 0x6c, 0x69, 0x6e, 0x65, 0x73,
  0x00, 0x76, 0x69, 0x65, 0x77, 0x62, 0x75, 0x74, 0x00, 0x67, 0x72, 0x69, 0x64, 0x66, 0x6c, 0x61,
  0x67, 0x00, 0x6d, 0x6f, 0x64, 0x65, 0x73, 0x65, 0x6c, 0x65, 0x63, 0x74, 0x00, 0x74, 0x77, 0x74,
  0x79, 0x70, 0x65, 0x00, 0x74, 0x77, 0x6d, 0x6f, 0x64, 0x65, 0x00, 0x74, 0x77, 0x66, 0x6c, 0x61,
  0x67, 0x00, 0x74, 0x77, 0x64, 0x72, 0x61, 0x77, 0x66, 0x6c, 0x61, 0x67, 0x00, 0x74, 0x77, 0x6d,
  0x61, 0x74, 0x5b, 0x34, 0x5d, 0x5b, 0x34, 0x5d, 0x00, 0x63, 0x6c, 0x69, 0x70, 0x5b, 0x34, 0x5d,
  0x5b, 0x34, 0x5d, 0x00, 0x2a, 0x63, 0x6c, 0x69, 0x70, 0x62, 0x62, 0x00, 0x61, 0x66, 0x74, 0x65,
  0x72, 0x64, 0x72, 0x61, 0x77, 0x00, 0x7a, 0x62, 0x75, 0x66, 0x00, 0x78, 0x72, 0x61, 0x79, 0x00,
  0x66, 0x6c, 0x61, 0x67, 0x32, 0x00, 0x67, 0x72, 0x69, 0x64, 0x73, 0x75, 0x62, 0x64, 0x69, 0x76,
  0x00, 0x6b, 0x65, 0x79, 0x66, 0x6c, 0x61, 0x67, 0x73, 0x00, 0x6e, 0x64, 0x6f, 0x66, 0x6d, 0x6f,
  0x64, 0x65, 0x00, 0x6e, 0x64, 0x6f, 0x66, 0x66, 0x69, 0x6c, 0x74, 0x65, 0x72, 0x00, 0x2a, 0x70,
  0x72, 0x6f, 0x70, 0x65, 0x72, 0x74, 0x69, 0x65, 0x73, 0x5f, 0x73, 0x74, 0x6f, 0x72, 0x61, 0x67,
  0x65, 0x00, 0x2a, 0x67, 0x70, 0x64, 0x00, 0x6c, 0x76, 0x69, 0x65, 0x77, 0x71, 0x75, 0x61, 0x74,
  0x5b, 0x34, 0x5d, 0x00, 0x6c, 0x70, 0x65, 0x72, 0x73, 0x70, 0x00, 0x6c, 0x76, 0x69, 0x65, 0x77,
  0x00, 0x76, 0x65, 0x72, 0x74, 0x00, 0x68, 0x6f, 0x72, 0x00, 0x6d, 0x61, 0x73, 0x6b, 0x00, 0x6d,
  0x69, 0x6e, 0x5b, 0x32, 0x5d, 0x00, 0x6d, 0x61, 0x78, 0x5b, 0x32, 0x5d, 0x00, 0x6d, 0x69, 0x6e,
  0x7a, 0x6f, 0x6f, 0x6d, 0x00, 0x6d, 0x61, 0x78, 0x7a, 0x6f, 0x6f, 0x6d, 0x00, 0x73, 0x63, 0x72,
  0x6f, 0x6c, 0x6c, 0x00, 0x6b, 0x65, 0x65, 0x70, 0x74, 0x6f, 0x74, 0x00, 0x6b, 0x65, 0x65, 0x70,
  0x61, 0x73, 0x70, 0x65, 0x63, 0x74, 0x00, 0x6b, 0x65, 0x65, 0x70, 0x7a, 0x6f, 0x6f, 0x6d, 0x00,
  0x6f, 0x6c, 0x64, 0x77, 0x69, 0x6e, 0x78, 0x00, 0x6f, 0x6c, 0x64, 0x77, 0x69, 0x6e, 0x79, 0x00,
  0x63, 0x75, 0x72, 0x73, 0x6f, 0x72, 0x5b, 0x32, 0x5d, 0x00, 0x72, 0x6f, 0x77, 0x62, 0x75, 0x74,
  0x00, 0x76, 0x32, 0x64, 0x00, 0x2a, 0x65, 0x64, 0x69, 0x74, 0x69, 0x70, 0x6f, 0x00, 0x69, 0x70,
  0x6f, 0x6b, 0x65, 0x79, 0x00, 0x61, 0x63, 0x74, 0x6e, 0x61, 0x6d, 0x65, 0x5b, 0x33, 0x32, 0x5d,
  0x00, 0x63, 0x6f, 0x6e, 0x73, 0x74, 0x6e, 0x61, 0x6d, 0x65, 0x5b, 0x33, 0x32, 0x5d, 0x00, 0x62,
  0x6f, 0x6e, 0x65, 0x6e, 0x61, 0x6d, 0x65, 0x5b, 0x33, 0x32, 0x5d, 0x00, 0x74, 0x6f, 0x74, 0x69,
  0x70, 0x6f, 0x00, 0x70, 0x69, 0x6e, 0x00, 0x62, 0x75, 0x74, 0x6f, 0x66, 0x73, 0x00, 0x63, 0x68,
  0x61, 0x6e, 0x6e, 0x65, 0x6c, 0x00, 0x6c, 0x6f, 0x63, 0x6b, 0x00, 0x6d, 0x65, 0x64, 0x69, 0x61,
  0x6e, 0x5b, 0x33, 0x5d, 0x00, 0x63, 0x75, 0x72, 0x73, 0x65, 0x6e, 0x73, 0x00, 0x63, 0x75, 0x72,
  0x61, 0x63, 0x74, 0x00, 0x61, 0x6c, 0x69, 0x67, 0x6e, 0x00, 0x74, 0x61, 0x62, 0x6f, 0x00, 0x6d,
  0x61, 0x69, 0x6e, 0x62, 0x00, 0x6d, 0x61, 0x69, 0x6e, 0x62, 0x6f, 0x00, 0x2a, 0x6c, 0x6f, 0x63,
  0x6b, 0x70, 0x6f, 0x69, 0x6e, 0x00, 0x74, 0x65, 0x78, 0x66, 0x72, 0x6f, 0x6d, 0x00, 0x73, 0x68,
  0x6f, 0x77, 0x67, 0x72, 0x6f, 0x75, 0x70, 0x00, 0x6d, 0x6f, 0x64, 0x65, 0x6c, 0x74, 0x79, 0x70,
  0x65, 0x00, 0x73, 0x63, 0x72, 0x69, 0x70, 0x74, 0x62, 0x6c, 0x6f, 0x63, 0x6b, 0x00, 0x72, 0x65,
  0x5f, 0x61, 0x6c, 0x69, 0x67, 0x6e, 0x00, 0x6f, 0x6c, 0x64, 0x6b, 0x65, 0x79, 0x70, 0x72, 0x65,
  0x73, 0x73, 0x00, 0x74, 0x61, 0x62, 0x5b, 0x37, 0x5d, 0x00, 0x63, 0x68, 0x61, 0x6e, 0x73, 0x68,
  0x6f, 0x77, 0x6e, 0x00, 0x7a, 0x65, 0x62, 0x72, 0x61, 0x00, 0x2a, 0x66, 0x69, 0x6c, 0x65, 0x6c,
  0x69, 0x73, 0x74, 0x00, 0x74, 0x6f, 0x74, 0x66, 0x69, 0x6c, 0x65, 0x00, 0x74, 0x69, 0x74, 0x6c,
  0x65, 0x5b, 0x32, 0x34, 0x5d, 0x00, 0x64, 0x69, 0x72, 0x5b, 0x32, 0x34, 0x30, 0x5d, 0x00, 0x66,
  0x69, 0x6c, 0x65, 0x5b, 0x38, 0x30, 0x5d, 0x00, 0x6f, 0x66, 0x73, 0x00, 0x73, 0x6f, 0x72, 0x74,
  0x00, 0x6d, 0x61, 0x78, 0x6e, 0x61, 0x6d, 0x65, 0x6c, 0x65, 0x6e, 0x00, 0x63, 0x6f, 0x6c, 0x6c,
  0x75, 0x6d, 0x73, 0x00, 0x66, 0x5f, 0x66, 0x70, 0x00, 0x66, 0x70, 0x5f, 0x73, 0x74, 0x72, 0x5b,
  0x38, 0x5d, 0x00, 0x2a, 0x6c, 0x69, 0x62, 0x66, 0x69, 0x6c, 0x65, 0x64, 0x61, 0x74, 0x61, 0x00,
  0x72, 0x65, 0x74, 0x76, 0x61, 0x6c, 0x00, 0x6d, 0x65, 0x6e, 0x75, 0x00, 0x61, 0x63, 0x74, 0x00,
  0x28, 0x2a, 0x72, 0x65, 0x74, 0x75, 0x72, 0x6e, 0x66, 0x75, 0x6e, 0x63, 0x29, 0x28, 0x29, 0x00,
  0x28, 0x2a, 0x72, 0x65, 0x74, 0x75, 0x72, 0x6e, 0x66, 0x75, 0x6e, 0x63, 0x5f, 0x65, 0x76, 0x65,
  0x6e, 0x74, 0x29, 0x28, 0x29, 0x00, 0x28, 0x2a, 0x72, 0x65, 0x74, 0x75, 0x72, 0x6e, 0x66, 0x75,
  0x6e, 0x63, 0x5f, 0x61, 0x72, 0x67, 0x73, 0x29, 0x28, 0x29, 0x00, 0x2a, 0x61, 0x72, 0x67, 0x31,
  0x00, 0x2a, 0x61, 0x72, 0x67, 0x32, 0x00, 0x2a, 0x6d, 0x65, 0x6e, 0x75, 0x70, 0x00, 0x2a, 0x70,
  0x75, 0x70, 0x6d, 0x65, 0x6e, 0x75, 0x00, 0x6f, 0x6f, 0x70, 0x73, 0x00, 0x76, 0x69, 0x73, 0x69,
  0x66, 0x6c, 0x61, 0x67, 0x00, 0x74, 0x72, 0x65, 0x65, 0x00, 0x2a, 0x74, 0x72, 0x65, 0x65, 0x73,
  0x74, 0x6f, 0x72, 0x65, 0x00, 0x73, 0x65, 0x61, 0x72, 0x63, 0x68, 0x5f, 0x73, 0x74, 0x72, 0x69,
  0x6e, 0x67, 0x5b, 0x33, 0x32, 0x5d, 0x00, 0x73, 0x65, 0x61, 0x72, 0x63, 0x68, 0x5f, 0x74, 0x73,
  0x65, 0x00, 0x73, 0x65, 0x61, 0x72, 0x63, 0x68, 0x5f, 0x66, 0x6c, 0x61, 0x67, 0x73, 0x00, 0x64,
  0x6f, 0x5f, 0x00, 0x6f, 0x75, 0x74, 0x6c, 0x69, 0x6e, 0x65, 0x76, 0x69, 0x73, 0x00, 0x73, 0x74,
  0x6f, 0x72, 0x65, 0x66, 0x6c, 0x61, 0x67, 0x00, 0x64, 0x65, 0x70, 0x73, 0x5f, 0x66, 0x6c, 0x61,
  0x67, 0x73, 0x00, 0x69, 0x6d, 0x61, 0x6e, 0x72, 0x00, 0x63, 0x75, 0x72, 0x74, 0x69, 0x6c, 0x65,
  0x00, 0x69, 0x6d, 0x74, 0x79, 0x70, 0x65, 0x6e, 0x72, 0x00, 0x64, 0x74, 0x5f, 0x75, 0x76, 0x00,
  0x73, 0x74, 0x69, 0x63, 0x6b, 0x79, 0x00, 0x64, 0x74, 0x5f, 0x75, 0x76, 0x73, 0x74, 0x72, 0x65,
  0x74, 0x63, 0x68, 0x00, 0x70, 0x61, 0x64, 0x5b, 0x35, 0x5d, 0x00, 0x63, 0x65, 0x6e, 0x74, 0x78,
  0x00, 0x63, 0x65, 0x6e, 0x74, 0x79, 0x00, 0x61, 0x75, 0x74, 0x6f, 0x73, 0x6e, 0x61, 0x70, 0x00,
  0x2a, 0x74, 0x65, 0x78, 0x74, 0x00, 0x74, 0x6f, 0x70, 0x00, 0x76, 0x69, 0x65, 0x77, 0x6c, 0x69,
  0x6e, 0x65, 0x73, 0x00, 0x66, 0x6f, 0x6e, 0x74, 0x5f, 0x69, 0x64, 0x00, 0x6c, 0x68, 0x65, 0x69,
  0x67, 0x68, 0x74, 0x00, 0x6c, 0x65, 0x66, 0x74, 0x00, 0x73, 0x68, 0x6f, 0x77, 0x6c, 0x69, 0x6e,
  0x65, 0x6e, 0x72, 0x73, 0x00, 0x74, 0x61, 0x62, 0x6e, 0x75, 0x6d, 0x62, 0x65, 0x72, 0x00, 0x63,
  0x75, 0x72, 0x72, 0x74, 0x61, 0x62, 0x5f, 0x73, 0x65, 0x74, 0x00, 0x73, 0x68, 0x6f, 0x77, 0x73,
  0x79, 0x6e, 0x74, 0x61, 0x78, 0x00, 0x6f, 0x76, 0x65, 0x72, 0x77, 0x72, 0x69, 0x74, 0x65, 0x00,
  0x70, 0x69, 0x78, 0x5f, 0x70, 0x65, 0x72, 0x5f, 0x6c, 0x69, 0x6e, 0x65, 0x00, 0x74, 0x78, 0x74,
  0x73, 0x63, 0x72, 0x6f, 0x6c, 0x6c, 0x00, 0x74, 0x78, 0x74, 0x62, 0x61, 0x72, 0x00, 0x77, 0x6f,
  0x72, 0x64, 0x77, 0x72, 0x61, 0x70, 0x00, 0x64, 0x6f, 0x70, 0x6c, 0x75, 0x67, 0x69, 0x6e, 0x73,
  0x00, 0x2a, 0x70, 0x79, 0x5f, 0x64, 0x72, 0x61, 0x77, 0x00, 0x2a, 0x70, 0x79, 0x5f, 0x65, 0x76,
  0x65, 0x6e, 0x74, 0x00, 0x2a, 0x70, 0x79, 0x5f, 0x62, 0x75, 0x74, 0x74, 0x6f, 0x6e, 0x00, 0x2a,
  0x70, 0x79, 0x5f, 0x62, 0x72, 0x6f, 0x77, 0x73, 0x65, 0x72, 0x63, 0x61, 0x6c, 0x6c, 0x62, 0x61,
  0x63, 0x6b, 0x00, 0x2a, 0x70, 0x79, 0x5f, 0x67, 0x6c, 0x6f, 0x62, 0x61, 0x6c, 0x64, 0x69, 0x63,
  0x74, 0x00, 0x6c, 0x61, 0x73, 0x74, 0x73, 0x70, 0x61, 0x63, 0x65, 0x00, 0x73, 0x63, 0x72, 0x69,
  0x70, 0x74, 0x6e, 0x61, 0x6d, 0x65, 0x5b, 0x32, 0x35, 0x36, 0x5d, 0x00, 0x73, 0x63, 0x72, 0x69,
  0x70, 0x74, 0x61, 0x72, 0x67, 0x5b, 0x32, 0x35, 0x36, 0x5d, 0x00, 0x2a, 0x73, 0x63, 0x72, 0x69,
  0x70, 0x74, 0x00, 0x2a, 0x62, 0x75, 0x74, 0x5f, 0x72, 0x65, 0x66, 0x73, 0x00, 0x72, 0x65, 0x64,
  0x72, 0x61, 0x77, 0x73, 0x00, 0x2a, 0x69, 0x64, 0x00, 0x61, 0x73, 0x70, 0x65, 0x63, 0x74, 0x00,
  0x2a, 0x63, 0x75, 0x72, 0x66, 0x6f, 0x6e, 0x74, 0x00, 0x2a, 0x65, 0x64, 0x69, 0x74, 0x74, 0x72,
  0x65, 0x65, 0x00, 0x74, 0x72, 0x65, 0x65, 0x74, 0x79, 0x70, 0x65, 0x00, 0x2a, 0x66, 0x69, 0x6c,
  0x65, 0x73, 0x00, 0x61, 0x63, 0x74, 0x69, 0x76, 0x65, 0x5f, 0x66, 0x69, 0x6c, 0x65, 0x00, 0x6e,
  0x75, 0x6d, 0x74, 0x69, 0x6c, 0x65, 0x73, 0x78, 0x00, 0x6e, 0x75, 0x6d, 0x74, 0x69, 0x6c, 0x65,
  0x73, 0x79, 0x00, 0x73, 0x65, 0x6c, 0x73, 0x74, 0x61, 0x74, 0x65, 0x00, 0x76, 0x69, 0x65, 0x77,
  0x72, 0x65, 0x63, 0x74, 0x00, 0x62, 0x6f, 0x6f, 0x6b, 0x6d, 0x61, 0x72, 0x6b, 0x72, 0x65, 0x63,
  0x74, 0x00, 0x73, 0x63, 0x72, 0x6f, 0x6c, 0x6c, 0x70, 0x6f, 0x73, 0x00, 0x73, 0x63, 0x72, 0x6f,
  0x6c, 0x6c, 0x68, 0x65, 0x69, 0x67, 0x68, 0x74, 0x00, 0x73, 0x63, 0x72, 0x6f, 0x6c, 0x6c, 0x61,
  0x72, 0x65, 0x61, 0x00, 0x61, 0x63, 0x74, 0x69, 0x76, 0x65, 0x5f, 0x62, 0x6f, 0x6f, 0x6b, 0x6d,
  0x61, 0x72, 0x6b, 0x00, 0x70, 0x72, 0x76, 0x5f, 0x77, 0x00, 0x70, 0x72, 0x76, 0x5f, 0x68, 0x00,
  0x2a, 0x69, 0x6d, 0x67, 0x00, 0x6f, 0x75, 0x74, 0x6c, 0x69, 0x6e, 0x65, 0x5b, 0x34, 0x5d, 0x00,
  0x6e, 0x65, 0x75, 0x74, 0x72, 0x61, 0x6c, 0x5b, 0x34, 0x5d, 0x00, 0x61, 0x63, 0x74, 0x69, 0x6f,
  0x6e, 0x5b, 0x34, 0x5d, 0x00, 0x73, 0x65, 0x74, 0x74, 0x69, 0x6e, 0x67, 0x5b, 0x34, 0x5d, 0x00,
  0x73, 0x65, 0x74, 0x74, 0x69, 0x6e, 0x67, 0x31, 0x5b, 0x34, 0x5d, 0x00, 0x73, 0x65, 0x74, 0x74,
  0x69, 0x6e, 0x67, 0x32, 0x5b, 0x34, 0x5d, 0x00, 0x6e, 0x75, 0x6d, 0x5b, 0x34, 0x5d, 0x00, 0x74,
  0x65, 0x78, 0x74, 0x66, 0x69, 0x65, 0x6c, 0x64, 0x5b, 0x34, 0x5d, 0x00, 0x74, 0x65, 0x78, 0x74,
  0x66, 0x69, 0x65, 0x6c, 0x64, 0x5f, 0x68, 0x69, 0x5b, 0x34, 0x5d, 0x00, 0x70, 0x6f, 0x70, 0x75,
  0x70, 0x5b, 0x34, 0x5d, 0x00, 0x74, 0x65, 0x78, 0x74, 0x5b, 0x34, 0x5d, 0x00, 0x74, 0x65, 0x78,
  0x74, 0x5f, 0x68, 0x69, 0x5b, 0x34, 0x5d, 0x00, 0x6d, 0x65, 0x6e, 0x75, 0x5f, 0x62, 0x61, 0x63,
  0x6b, 0x5b, 0x34, 0x5d, 0x00, 0x6d, 0x65, 0x6e, 0x75, 0x5f, 0x69, 0x74, 0x65, 0x6d, 0x5b, 0x34,
  0x5d, 0x00, 0x6d, 0x65, 0x6e, 0x75, 0x5f, 0x68, 0x69, 0x6c, 0x69, 0x74, 0x65, 0x5b, 0x34, 0x5d,
  0x00, 0x6d, 0x65, 0x6e, 0x75, 0x5f, 0x74, 0x65, 0x78, 0x74, 0x5b, 0x34, 0x5d, 0x00, 0x6d, 0x65,
  0x6e, 0x75, 0x5f, 0x74, 0x65, 0x78, 0x74, 0x5f, 0x68, 0x69, 0x5b, 0x34, 0x5d, 0x00, 0x62, 0x75,
  0x74, 0x5f, 0x64, 0x72, 0x61, 0x77, 0x74, 0x79, 0x70, 0x65, 0x00, 0x69, 0x63, 0x6f, 0x6e, 0x66,
  0x69, 0x6c, 0x65, 0x5b, 0x38, 0x30, 0x5d, 0x00, 0x62, 0x61, 0x63, 0x6b, 0x5b, 0x34, 0x5d, 0x00,
  0x68, 0x65, 0x61, 0x64, 0x65, 0x72, 0x5b, 0x34, 0x5d, 0x00, 0x70, 0x61, 0x6e, 0x65, 0x6c, 0x5b,
  0x34, 0x5d, 0x00, 0x73, 0x68, 0x61, 0x64, 0x65, 0x31, 0x5b, 0x34, 0x5d, 0x00, 0x73, 0x68, 0x61,
  0x64, 0x65, 0x32, 0x5b, 0x34, 0x5d, 0x00, 0x68, 0x69, 0x6c, 0x69, 0x74, 0x65, 0x5b, 0x34, 0x5d,
  0x00, 0x67, 0x72, 0x69, 0x64, 0x5b, 0x34, 0x5d, 0x00, 0x77, 0x69, 0x72, 0x65, 0x5b, 0x34, 0x5d,
  0x00, 0x73, 0x65, 0x6c, 0x65, 0x63, 0x74, 0x5b, 0x34, 0x5d, 0x00, 0x6c, 0x61, 0x6d, 0x70, 0x5b,
  0x34, 0x5d, 0x00, 0x61, 0x63, 0x74, 0x69, 0x76, 0x65, 0x5b, 0x34, 0x5d, 0x00, 0x67, 0x72, 0x6f,
  0x75, 0x70, 0x5b, 0x34, 0x5d, 0x00, 0x67, 0x72, 0x6f, 0x75, 0x70, 0x5f, 0x61, 0x63, 0x74, 0x69,
  0x76, 0x65, 0x5b, 0x34, 0x5d, 0x00, 0x74, 0x72, 0x61, 0x6e, 0x73, 0x66, 0x6f, 0x72, 0x6d, 0x5b,
  0x34, 0x5d, 0x00, 0x76, 0x65, 0x72, 0x74, 0x65, 0x78, 0x5b, 0x34, 0x5d, 0x00, 0x76, 0x65, 0x72,
  0x74, 0x65, 0x78, 0x5f, 0x73, 0x65, 0x6c, 0x65, 0x63, 0x74, 0x5b, 0x34, 0x5d, 0x00, 0x65, 0x64,
  0x67, 0x65, 0x5b, 0x34, 0x5d, 0x00, 0x65, 0x64, 0x67, 0x65, 0x5f, 0x73, 0x65, 0x6c, 0x65, 0x63,
  0x74, 0x5b, 0x34, 0x5d, 0x00, 0x65, 0x64, 0x67, 0x65, 0x5f, 0x73, 0x65, 0x61, 0x6d, 0x5b, 0x34,
  0x5d, 0x00, 0x65, 0x64, 0x67, 0x65, 0x5f, 0x73, 0x68, 0x61, 0x72, 0x70, 0x5b, 0x34, 0x5d, 0x00,
  0x65, 0x64, 0x67, 0x65, 0x5f, 0x66, 0x61, 0x63, 0x65, 0x73, 0x65, 0x6c, 0x5b, 0x34, 0x5d, 0x00,
  0x66, 0x61, 0x63, 0x65, 0x5b, 0x34, 0x5d, 0x00, 0x66, 0x61, 0x63, 0x65, 0x5f, 0x73, 0x65, 0x6c,
  0x65, 0x63, 0x74, 0x5b, 0x34, 0x5d, 0x00, 0x66, 0x61, 0x63, 0x65, 0x5f, 0x64, 0x6f, 0x74, 0x5b,
  0x34, 0x5d, 0x00, 0x6e, 0x6f, 0x72, 0x6d, 0x61, 0x6c, 0x5b, 0x34, 0x5d, 0x00, 0x62, 0x6f, 0x6e,
  0x65, 0x5f, 0x73, 0x6f, 0x6c, 0x69, 0x64, 0x5b, 0x34, 0x5d, 0x00, 0x62, 0x6f, 0x6e, 0x65, 0x5f,
  0x70, 0x6f, 0x73, 0x65, 0x5b, 0x34, 0x5d, 0x00, 0x73, 0x74, 0x72, 0x69, 0x70, 0x5b, 0x34, 0x5d,
  0x00, 0x73, 0x74, 0x72, 0x69, 0x70, 0x5f, 0x73, 0x65, 0x6c, 0x65, 0x63, 0x74, 0x5b, 0x34, 0x5d,
  0x00, 0x63, 0x66, 0x72, 0x61, 0x6d, 0x65, 0x5b, 0x34, 0x5d, 0x00, 0x76, 0x65, 0x72, 0x74, 0x65,
  0x78, 0x5f, 0x73, 0x69, 0x7a, 0x65, 0x00, 0x66, 0x61, 0x63, 0x65, 0x64, 0x6f, 0x74, 0x5f, 0x73,
  0x69, 0x7a, 0x65, 0x00, 0x62, 0x70, 0x61, 0x64, 0x5b, 0x32, 0x5d, 0x00, 0x73, 0x79, 0x6e, 0x74,
  0x61, 0x78, 0x6c, 0x5b, 0x34, 0x5d, 0x00, 0x73, 0x79, 0x6e, 0x74, 0x61, 0x78, 0x6e, 0x5b, 0x34,
  0x5d, 0x00, 0x73, 0x79, 0x6e, 0x74, 0x61, 0x78, 0x62, 0x5b, 0x34, 0x5d, 0x00, 0x73, 0x79, 0x6e,
  0x74, 0x61, 0x78, 0x76, 0x5b, 0x34, 0x5d, 0x00, 0x73, 0x79, 0x6e, 0x74, 0x61, 0x78, 0x63, 0x5b,
  0x34, 0x5d, 0x00, 0x6d, 0x6f, 0x76, 0x69, 0x65, 0x5b, 0x34, 0x5d, 0x00, 0x69, 0x6d, 0x61, 0x67,
  0x65, 0x5b, 0x34, 0x5d, 0x00, 0x73, 0x63, 0x65, 0x6e, 0x65, 0x5b, 0x34, 0x5d, 0x00, 0x61, 0x75,
  0x64, 0x69, 0x6f, 0x5b, 0x34, 0x5d, 0x00, 0x65, 0x66, 0x66, 0x65, 0x63, 0x74, 0x5b, 0x34, 0x5d,
  0x00, 0x70, 0x6c, 0x75, 0x67, 0x69, 0x6e, 0x5b, 0x34, 0x5d, 0x00, 0x74, 0x72, 0x61, 0x6e, 0x73,
  0x69, 0x74, 0x69, 0x6f, 0x6e, 0x5b, 0x34, 0x5d, 0x00, 0x6d, 0x65, 0x74, 0x61, 0x5b, 0x34, 0x5d,
  0x00, 0x65, 0x64, 0x69, 0x74, 0x6d, 0x65, 0x73, 0x68, 0x5f, 0x61, 0x63, 0x74, 0x69, 0x76, 0x65,
  0x5b, 0x34, 0x5d, 0x00, 0x68, 0x61, 0x6e, 0x64, 0x6c, 0x65, 0x5f, 0x76, 0x65, 0x72, 0x74, 0x65,
  0x78, 0x5b, 0x34, 0x5d, 0x00, 0x68, 0x61, 0x6e, 0x64, 0x6c, 0x65, 0x5f, 0x76, 0x65, 0x72, 0x74,
  0x65, 0x78, 0x5f, 0x73, 0x65, 0x6c, 0x65, 0x63, 0x74, 0x5b, 0x34, 0x5d, 0x00, 0x68, 0x61, 0x6e,
  0x64, 0x6c, 0x65, 0x5f, 0x76, 0x65, 0x72, 0x74, 0x65, 0x78, 0x5f, 0x73, 0x69, 0x7a, 0x65, 0x00,
  0x68, 0x70, 0x61, 0x64, 0x5b, 0x37, 0x5d, 0x00, 0x73, 0x6f, 0x6c, 0x69, 0x64, 0x5b, 0x34, 0x5d,
  0x00, 0x74, 0x75, 0x69, 0x00, 0x74, 0x62, 0x75, 0x74, 0x73, 0x00, 0x74, 0x76, 0x33, 0x64, 0x00,
  0x74, 0x66, 0x69, 0x6c, 0x65, 0x00, 0x74, 0x69, 0x70, 0x6f, 0x00, 0x74, 0x69, 0x6e, 0x66, 0x6f,
  0x00, 0x74, 0x73, 0x6e, 0x64, 0x00, 0x74, 0x61, 0x63, 0x74, 0x00, 0x74, 0x6e, 0x6c, 0x61, 0x00,
  0x74, 0x73, 0x65, 0x71, 0x00, 0x74, 0x69, 0x6d, 0x61, 0x00, 0x74, 0x69, 0x6d, 0x61, 0x73, 0x65,
  0x6c, 0x00, 0x74, 0x65, 0x78, 0x74, 0x00, 0x74, 0x6f, 0x6f, 0x70, 0x73, 0x00, 0x74, 0x74, 0x69,
  0x6d, 0x65, 0x00, 0x74, 0x6e, 0x6f, 0x64, 0x65, 0x00, 0x74, 0x61, 0x72, 0x6d, 0x5b, 0x32, 0x30,
  0x5d, 0x00, 0x62, 0x70, 0x61, 0x64, 0x5b, 0x34, 0x5d, 0x00, 0x62, 0x70, 0x61, 0x64, 0x31, 0x5b,
  0x34, 0x5d, 0x00, 0x73, 0x70, 0x65, 0x63, 0x5b, 0x34, 0x5d, 0x00, 0x64, 0x75, 0x70, 0x66, 0x6c,
  0x61, 0x67, 0x00, 0x73, 0x61, 0x76, 0x65, 0x74, 0x69, 0x6d, 0x65, 0x00, 0x74, 0x65, 0x6d, 0x70,
  0x64, 0x69, 0x72, 0x5b, 0x31, 0x36, 0x30, 0x5d, 0x00, 0x66, 0x6f, 0x6e, 0x74, 0x64, 0x69, 0x72,
  0x5b, 0x31, 0x36, 0x30, 0x5d, 0x00, 0x72, 0x65, 0x6e, 0x64, 0x65, 0x72, 0x64, 0x69, 0x72, 0x5b,
  0x31, 0x36, 0x30, 0x5d, 0x00, 0x74, 0x65, 0x78, 0x74, 0x75, 0x64, 0x69, 0x72, 0x5b, 0x31, 0x36,
  0x30, 0x5d, 0x00, 0x70, 0x6c, 0x75, 0x67, 0x74, 0x65, 0x78, 0x64, 0x69, 0x72, 0x5b, 0x31, 0x36,
  0x30, 0x5d, 0x00, 0x70, 0x6c, 0x75, 0x67, 0x73, 0x65, 0x71, 0x64, 0x69, 0x72, 0x5b, 0x31, 0x36,
  0x30, 0x5d, 0x00, 0x70, 0x79, 0x74, 0x68, 0x6f, 0x6e, 0x64, 0x69, 0x72, 0x5b, 0x31, 0x36, 0x30,
  0x5d, 0x00, 0x73, 0x6f, 0x75, 0x6e, 0x64, 0x64, 0x69, 0x72, 0x5b, 0x31, 0x36, 0x30, 0x5d, 0x00,
  0x79, 0x66, 0x65, 0x78, 0x70, 0x6f, 0x72, 0x74, 0x64, 0x69, 0x72, 0x5b, 0x31, 0x36, 0x30, 0x5d,
  0x00, 0x76, 0x65, 0x72, 0x73, 0x69, 0x6f, 0x6e, 0x73, 0x00, 0x76, 0x72, 0x6d, 0x6c, 0x66, 0x6c,
  0x61, 0x67, 0x00, 0x67, 0x61, 0x6d, 0x65, 0x66, 0x6c, 0x61, 0x67, 0x73, 0x00, 0x77, 0x68, 0x65,
  0x65, 0x6c, 0x6c, 0x69, 0x6e, 0x65, 0x73, 0x63, 0x72, 0x6f, 0x6c, 0x6c, 0x00, 0x75, 0x69, 0x66,
  0x6c, 0x61, 0x67, 0x00, 0x6c, 0x61, 0x6e, 0x67, 0x75, 0x61, 0x67, 0x65, 0x00, 0x75, 0x73, 0x65,
  0x72, 0x70, 0x72, 0x65, 0x66, 0x00, 0x76, 0x69, 0x65, 0x77, 0x7a, 0x6f, 0x6f, 0x6d, 0x00, 0x63,
  0x6f, 0x6e, 0x73, 0x6f, 0x6c, 0x65, 0x5f, 0x62, 0x75, 0x66, 0x66, 0x65, 0x72, 0x00, 0x63, 0x6f,
  0x6e, 0x73, 0x6f, 0x6c, 0x65, 0x5f, 0x6f, 0x75, 0x74, 0x00, 0x6d, 0x69, 0x78, 0x62, 0x75, 0x66,
  0x73, 0x69, 0x7a, 0x65, 0x00, 0x66, 0x6f, 0x6e, 0x74, 0x73, 0x69, 0x7a, 0x65, 0x00, 0x65, 0x6e,
  0x63, 0x6f, 0x64, 0x69, 0x6e, 0x67, 0x00, 0x74, 0x72, 0x61, 0x6e, 0x73, 0x6f, 0x70, 0x74, 0x73,
  0x00, 0x6d, 0x65, 0x6e, 0x75, 0x74, 0x68, 0x72, 0x65, 0x73, 0x68, 0x6f, 0x6c, 0x64, 0x31, 0x00,
  0x6d, 0x65, 0x6e, 0x75, 0x74, 0x68, 0x72, 0x65, 0x73, 0x68, 0x6f, 0x6c, 0x64, 0x32, 0x00, 0x66,
  0x6f, 0x6e, 0x74, 0x6e, 0x61, 0x6d, 0x65, 0x5b, 0x32, 0x35, 0x36, 0x5d, 0x00, 0x74, 0x68, 0x65,
  0x6d, 0x65, 0x73, 0x00, 0x75, 0x6e, 0x64, 0x6f, 0x73, 0x74, 0x65, 0x70, 0x73, 0x00, 0x75, 0x6e,
  0x64, 0x6f, 0x6d, 0x65, 0x6d, 0x6f, 0x72, 0x79, 0x00, 0x67, 0x70, 0x5f, 0x6d, 0x61, 0x6e, 0x68,
  0x61, 0x74, 0x74, 0x65, 0x6e, 0x64, 0x69, 0x73, 0x74, 0x00, 0x67, 0x70, 0x5f, 0x65, 0x75, 0x63,
  0x6c, 0x69, 0x64, 0x65, 0x61, 0x6e, 0x64, 0x69, 0x73, 0x74, 0x00, 0x67, 0x70, 0x5f, 0x65, 0x72,
  0x61, 0x73, 0x65, 0x72, 0x00, 0x67, 0x70, 0x5f, 0x73, 0x65, 0x74, 0x74, 0x69, 0x6e, 0x67, 0x73,
  0x00, 0x74, 0x62, 0x5f, 0x6c, 0x65, 0x66, 0x74, 0x6d, 0x6f, 0x75, 0x73, 0x65, 0x00, 0x74, 0x62,
  0x5f, 0x72, 0x69, 0x67, 0x68, 0x74, 0x6d, 0x6f, 0x75, 0x73, 0x65, 0x00, 0x6c, 0x69, 0x67, 0x68,
  0x74, 0x5b, 0x33, 0x5d, 0x00, 0x74, 0x77, 0x5f, 0x68, 0x6f, 0x74, 0x73, 0x70, 0x6f, 0x74, 0x00,
  0x74, 0x77, 0x5f, 0x66, 0x6c, 0x61, 0x67, 0x00, 0x74, 0x77, 0x5f, 0x68, 0x61, 0x6e, 0x64, 0x6c,
  0x65, 0x73, 0x69, 0x7a, 0x65, 0x00, 0x74, 0x77, 0x5f, 0x73, 0x69, 0x7a, 0x65, 0x00, 0x74, 0x65,
  0x78, 0x74, 0x69, 0x6d, 0x65, 0x6f, 0x75, 0x74, 0x00, 0x74, 0x65, 0x78, 0x63, 0x6f, 0x6c, 0x6c,
  0x65, 0x63, 0x74, 0x72, 0x61, 0x74, 0x65, 0x00, 0x6d, 0x65, 0x6d, 0x63, 0x61, 0x63, 0x68, 0x65,
  0x6c, 0x69, 0x6d, 0x69, 0x74, 0x00, 0x70, 0x72, 0x65, 0x66, 0x65, 0x74, 0x63, 0x68, 0x66, 0x72,
  0x61, 0x6d, 0x65, 0x73, 0x00, 0x66, 0x72, 0x61, 0x6d, 0x65, 0x73, 0x65, 0x72, 0x76, 0x65, 0x72,
  0x70, 0x6f, 0x72, 0x74, 0x00, 0x70, 0x61, 0x64, 0x5f, 0x72, 0x6f, 0x74, 0x5f, 0x61, 0x6e, 0x67,
  0x6c, 0x65, 0x00, 0x6f, 0x62, 0x63, 0x65, 0x6e, 0x74, 0x65, 0x72, 0x5f, 0x64, 0x69, 0x61, 0x00,
  0x72, 0x76, 0x69, 0x73, 0x69, 0x7a, 0x65, 0x00, 0x72, 0x76, 0x69, 0x62, 0x72, 0x69, 0x67, 0x68,
  0x74, 0x00, 0x72, 0x65, 0x63, 0x65, 0x6e, 0x74, 0x5f, 0x66, 0x69, 0x6c, 0x65, 0x73, 0x00, 0x73,
  0x6d, 0x6f, 0x6f, 0x74, 0x68, 0x5f, 0x76, 0x69, 0x65, 0x77, 0x74, 0x78, 0x00, 0x67, 0x6c, 0x72,
  0x65, 0x73, 0x6c, 0x69, 0x6d, 0x69, 0x74, 0x00, 0x6e, 0x64, 0x6f, 0x66, 0x5f, 0x70, 0x61, 0x6e,
  0x00, 0x6e, 0x64, 0x6f, 0x66, 0x5f, 0x72, 0x6f, 0x74, 0x61, 0x74, 0x65, 0x00, 0x63, 0x75, 0x72,
  0x73, 0x73, 0x69, 0x7a, 0x65, 0x00, 0x70, 0x61, 0x64, 0x5b, 0x38, 0x5d, 0x00, 0x76, 0x65, 0x72,
  0x73, 0x65, 0x6d, 0x61, 0x73, 0x74, 0x65, 0x72, 0x5b, 0x31, 0x36, 0x30, 0x5d, 0x00, 0x76, 0x65,
  0x72, 0x73, 0x65, 0x75, 0x73, 0x65, 0x72, 0x5b, 0x31, 0x36, 0x30, 0x5d, 0x00, 0x67, 0x6c, 0x61,
  0x6c, 0x70, 0x68, 0x61, 0x63, 0x6c, 0x69, 0x70, 0x00, 0x61, 0x75, 0x74, 0x6f, 0x6b, 0x65, 0x79,
  0x5f, 0x66, 0x6c, 0x61, 0x67, 0x00, 0x63, 0x6f, 0x62, 0x61, 0x5f, 0x77, 0x65, 0x69, 0x67, 0x68,
  0x74, 0x00, 0x76, 0x65, 0x72, 0x74, 0x62, 0x61, 0x73, 0x65, 0x00, 0x65, 0x64, 0x67, 0x65, 0x62,
  0x61, 0x73, 0x65, 0x00, 0x61, 0x72, 0x65, 0x61, 0x62, 0x61, 0x73, 0x65, 0x00, 0x2a, 0x73, 0x63,
  0x65, 0x6e, 0x65, 0x00, 0x65, 0x6e, 0x64, 0x78, 0x00, 0x65, 0x6e, 0x64, 0x79, 0x00, 0x73, 0x69,
  0x7a, 0x65, 0x78, 0x00, 0x73, 0x69, 0x7a, 0x65, 0x79, 0x00, 0x73, 0x63, 0x65, 0x6e, 0x65, 0x6e,
  0x72, 0x00, 0x73, 0x63, 0x72, 0x65, 0x65, 0x6e, 0x6e, 0x72, 0x00, 0x66, 0x75, 0x6c, 0x6c, 0x00,
  0x6d, 0x61, 0x69, 0x6e, 0x77, 0x69, 0x6e, 0x00, 0x77, 0x69, 0x6e, 0x61, 0x6b, 0x74, 0x00, 0x68,
  0x61, 0x6e, 0x64, 0x6c, 0x65, 0x72, 0x5b, 0x38, 0x5d, 0x00, 0x2a, 0x6e, 0x65, 0x77, 0x76, 0x00,
  0x76, 0x65, 0x63, 0x00, 0x2a, 0x76, 0x31, 0x00, 0x2a, 0x76, 0x32, 0x00, 0x70, 0x61, 0x6e, 0x65,
  0x6c, 0x6e, 0x61, 0x6d, 0x65, 0x5b, 0x36, 0x34, 0x5d, 0x00, 0x74, 0x61, 0x62, 0x6e, 0x61, 0x6d,
  0x65, 0x5b, 0x36, 0x34, 0x5d, 0x00, 0x64, 0x72, 0x61, 0x77, 0x6e, 0x61, 0x6d, 0x65, 0x5b, 0x36,
  0x34, 0x5d, 0x00, 0x6f, 0x66, 0x73, 0x78, 0x00, 0x6f, 0x66, 0x73, 0x79, 0x00, 0x63, 0x6f, 0x6e,
  0x74, 0x72, 0x6f, 0x6c, 0x00, 0x73, 0x6e, 0x61, 0x70, 0x00, 0x6f, 0x6c, 0x64, 0x5f, 0x6f, 0x66,
  0x73, 0x78, 0x00, 0x6f, 0x6c, 0x64, 0x5f, 0x6f, 0x66, 0x73, 0x79, 0x00, 0x73, 0x6f, 0x72, 0x74,
  0x63, 0x6f, 0x75, 0x6e, 0x74, 0x65, 0x72, 0x00, 0x2a, 0x70, 0x61, 0x6e, 0x65, 0x6c, 0x74, 0x61,
  0x62, 0x00, 0x2a, 0x76, 0x33, 0x00, 0x2a, 0x76, 0x34, 0x00, 0x2a, 0x66, 0x75, 0x6c, 0x6c, 0x00,
  0x77, 0x69, 0x6e, 0x6d, 0x61, 0x74, 0x5b, 0x34, 0x5d, 0x5b, 0x34, 0x5d, 0x00, 0x68, 0x65, 0x61,
  0x64, 0x72, 0x63, 0x74, 0x00, 0x77, 0x69, 0x6e, 0x72, 0x63, 0x74, 0x00, 0x68, 0x65, 0x61, 0x64,
  0x77, 0x69, 0x6e, 0x00, 0x77, 0x69, 0x6e, 0x00, 0x68, 0x65, 0x61, 0x64, 0x65, 0x72, 0x74, 0x79,
  0x70, 0x65, 0x00, 0x62, 0x75, 0x74, 0x73, 0x70, 0x61, 0x63, 0x65, 0x74, 0x79, 0x70, 0x65, 0x00,
  0x77, 0x69, 0x6e, 0x78, 0x00, 0x77, 0x69, 0x6e, 0x79, 0x00, 0x68, 0x65, 0x61, 0x64, 0x5f, 0x73,
  0x77, 0x61, 0x70, 0x00, 0x68, 0x65, 0x61, 0x64, 0x5f, 0x65, 0x71, 0x75, 0x61, 0x6c, 0x00, 0x77,
  0x69, 0x6e, 0x5f, 0x73, 0x77, 0x61, 0x70, 0x00, 0x77, 0x69, 0x6e, 0x5f, 0x65, 0x71, 0x75, 0x61,
  0x6c, 0x00, 0x68, 0x65, 0x61, 0x64, 0x62, 0x75, 0x74, 0x6c, 0x65, 0x6e, 0x00, 0x68, 0x65, 0x61,
  0x64, 0x62, 0x75, 0x74, 0x6f, 0x66, 0x73, 0x00, 0x63, 0x75, 0x72, 0x73, 0x6f, 0x72, 0x00, 0x73,
  0x70, 0x61, 0x63, 0x65, 0x64, 0x61, 0x74, 0x61, 0x00, 0x75, 0x69, 0x62, 0x6c, 0x6f, 0x63, 0x6b,
  0x73, 0x00, 0x70, 0x61, 0x6e, 0x65, 0x6c, 0x73, 0x00, 0x73, 0x75, 0x62, 0x76, 0x73, 0x74, 0x72,
  0x5b, 0x34, 0x5d, 0x00, 0x73, 0x75, 0x62, 0x76, 0x65, 0x72, 0x73, 0x69, 0x6f, 0x6e, 0x00, 0x70,
  0x61, 0x64, 0x73, 0x00, 0x6d, 0x69, 0x6e, 0x76, 0x65, 0x72, 0x73, 0x69, 0x6f, 0x6e, 0x00, 0x6d,
  0x69, 0x6e, 0x73, 0x75, 0x62, 0x76, 0x65, 0x72, 0x73, 0x69, 0x6f, 0x6e, 0x00, 0x64, 0x69, 0x73,
  0x70, 0x6c, 0x61, 0x79, 0x6d, 0x6f, 0x64, 0x65, 0x00, 0x2a, 0x63, 0x75, 0x72, 0x73, 0x63, 0x72,
  0x65, 0x65, 0x6e, 0x00, 0x2a, 0x63, 0x75, 0x72, 0x73, 0x63, 0x65, 0x6e, 0x65, 0x00, 0x66, 0x69,
  0x6c, 0x65, 0x66, 0x6c, 0x61, 0x67, 0x73, 0x00, 0x67, 0x6c, 0x6f, 0x62, 0x61, 0x6c, 0x66, 0x00,
  0x6e, 0x61, 0x6d, 0x65, 0x5b, 0x38, 0x30, 0x5d, 0x00, 0x2a, 0x69, 0x62, 0x75, 0x66, 0x00, 0x2a,
  0x69, 0x62, 0x75, 0x66, 0x5f, 0x63, 0x6f, 0x6d, 0x70, 0x00, 0x2a, 0x73, 0x65, 0x31, 0x00, 0x2a,
  0x73, 0x65, 0x32, 0x00, 0x2a, 0x73, 0x65, 0x33, 0x00, 0x6e, 0x72, 0x00, 0x62, 0x6f, 0x74, 0x74,
  0x6f, 0x6d, 0x00, 0x72, 0x69, 0x67, 0x68, 0x74, 0x00, 0x78, 0x6f, 0x66, 0x73, 0x00, 0x79, 0x6f,
  0x66, 0x73, 0x00, 0x6c, 0x69, 0x66, 0x74, 0x5b, 0x33, 0x5d, 0x00, 0x67, 0x61, 0x6d, 0x6d, 0x61,
  0x5b, 0x33, 0x5d, 0x00, 0x67, 0x61, 0x69, 0x6e, 0x5b, 0x33, 0x5d, 0x00, 0x73, 0x61, 0x74, 0x75,
  0x72, 0x61, 0x74, 0x69, 0x6f, 0x6e, 0x00, 0x64, 0x69, 0x72, 0x5b, 0x31, 0x36, 0x30, 0x5d, 0x00,
  0x64, 0x6f, 0x6e, 0x65, 0x00, 0x73, 0x74, 0x61, 0x72, 0x74, 0x73, 0x74, 0x69, 0x6c, 0x6c, 0x00,
  0x65, 0x6e, 0x64, 0x73, 0x74, 0x69, 0x6c, 0x6c, 0x00, 0x2a, 0x73, 0x74, 0x72, 0x69, 0x70, 0x64,
  0x61, 0x74, 0x61, 0x00, 0x6f, 0x72, 0x78, 0x00, 0x6f, 0x72, 0x79, 0x00, 0x2a, 0x63, 0x72, 0x6f,
  0x70, 0x00, 0x2a, 0x74, 0x72, 0x61, 0x6e, 0x73, 0x66, 0x6f, 0x72, 0x6d, 0x00, 0x2a, 0x63, 0x6f,
  0x6c, 0x6f, 0x72, 0x5f, 0x62, 0x61, 0x6c, 0x61, 0x6e, 0x63, 0x65, 0x00, 0x2a, 0x74, 0x73, 0x74,
  0x72, 0x69, 0x70, 0x64, 0x61, 0x74, 0x61, 0x00, 0x2a, 0x74, 0x73, 0x74, 0x72, 0x69, 0x70, 0x64,
  0x61, 0x74, 0x61, 0x5f, 0x73, 0x74, 0x61, 0x72, 0x74, 0x73, 0x74, 0x69, 0x6c, 0x6c, 0x00, 0x2a,
  0x74, 0x73, 0x74, 0x72, 0x69, 0x70, 0x64, 0x61, 0x74, 0x61, 0x5f, 0x65, 0x6e, 0x64, 0x73, 0x74,
  0x69, 0x6c, 0x6c, 0x00, 0x2a, 0x69, 0x62, 0x75, 0x66, 0x5f, 0x73, 0x74, 0x61, 0x72, 0x74, 0x73,
  0x74, 0x69, 0x6c, 0x6c, 0x00, 0x2a, 0x69, 0x62, 0x75, 0x66, 0x5f, 0x65, 0x6e, 0x64, 0x73, 0x74,
  0x69, 0x6c, 0x6c, 0x00, 0x2a, 0x69, 0x6e, 0x73, 0x74, 0x61, 0x6e, 0x63, 0x65, 0x5f, 0x70, 0x72,
  0x69, 0x76, 0x61, 0x74, 0x65, 0x5f, 0x64, 0x61, 0x74, 0x61, 0x00, 0x2a, 0x2a, 0x63, 0x75, 0x72,
  0x72, 0x65, 0x6e, 0x74, 0x5f, 0x70, 0x72, 0x69, 0x76, 0x61, 0x74, 0x65, 0x5f, 0x64, 0x61, 0x74,
  0x61, 0x00, 0x2a, 0x74, 0x6d, 0x70, 0x00, 0x73, 0x74, 0x61, 0x72, 0x74, 0x6f, 0x66, 0x73, 0x00,
  0x65, 0x6e, 0x64, 0x6f, 0x66, 0x73, 0x00, 0x6d, 0x61, 0x63, 0x68, 0x69, 0x6e, 0x65, 0x00, 0x73,
  0x74, 0x61, 0x72, 0x74, 0x64, 0x69, 0x73, 0x70, 0x00, 0x65, 0x6e, 0x64, 0x64, 0x69, 0x73, 0x70,
  0x00, 0x6d, 0x75, 0x6c, 0x00, 0x68, 0x61, 0x6e, 0x64, 0x73, 0x69, 0x7a, 0x65, 0x00, 0x61, 0x6e,
  0x69, 0x6d, 0x5f, 0x70, 0x72, 0x65, 0x73, 0x65, 0x65, 0x6b, 0x00, 0x2a, 0x73, 0x74, 0x72, 0x69,
  0x70, 0x00, 0x66, 0x61, 0x63, 0x66, 0x30, 0x00, 0x66, 0x61, 0x63, 0x66, 0x31, 0x00, 0x2a, 0x73,
  0x65, 0x71, 0x31, 0x00, 0x2a, 0x73, 0x65, 0x71, 0x32, 0x00, 0x2a, 0x73, 0x65, 0x71, 0x33, 0x00,
  0x73, 0x65, 0x71, 0x62, 0x61, 0x73, 0x65, 0x00, 0x2a, 0x73, 0x6f, 0x75, 0x6e, 0x64, 0x00, 0x2a,
  0x68, 0x64, 0x61, 0x75, 0x64, 0x69, 0x6f, 0x00, 0x6c, 0x65, 0x76, 0x65, 0x6c, 0x00, 0x70, 0x61,
  0x6e, 0x00, 0x63, 0x75, 0x72, 0x70, 0x6f, 0x73, 0x00, 0x73, 0x74, 0x72, 0x6f, 0x62, 0x65, 0x00,
  0x2a, 0x65, 0x66, 0x66, 0x65, 0x63, 0x74, 0x64, 0x61, 0x74, 0x61, 0x00, 0x61, 0x6e, 0x69, 0x6d,
  0x5f, 0x73, 0x74, 0x61, 0x72, 0x74, 0x6f, 0x66, 0x73, 0x00, 0x61, 0x6e, 0x69, 0x6d, 0x5f, 0x65,
  0x6e, 0x64, 0x6f, 0x66, 0x73, 0x00, 0x62, 0x6c, 0x65, 0x6e, 0x64, 0x5f, 0x6d, 0x6f, 0x64, 0x65,
  0x00, 0x62, 0x6c, 0x65, 0x6e, 0x64, 0x5f, 0x6f, 0x70, 0x61, 0x63, 0x69, 0x74, 0x79, 0x00, 0x2a,
  0x6f, 0x6c, 0x64, 0x62, 0x61, 0x73, 0x65, 0x70, 0x00, 0x2a, 0x70, 0x61, 0x72, 0x73, 0x65, 0x71,
  0x00, 0x2a, 0x73, 0x65, 0x71, 0x62, 0x61, 0x73, 0x65, 0x70, 0x00, 0x6d, 0x65, 0x74, 0x61, 0x73,
  0x74, 0x61, 0x63, 0x6b, 0x00, 0x65, 0x64, 0x67, 0x65, 0x57, 0x69, 0x64, 0x74, 0x68, 0x00, 0x66,
  0x6f, 0x72, 0x77, 0x61, 0x72, 0x64, 0x00, 0x77, 0x69, 0x70, 0x65, 0x74, 0x79, 0x70, 0x65, 0x00,
  0x66, 0x4d, 0x69, 0x6e, 0x69, 0x00, 0x66, 0x43, 0x6c, 0x61, 0x6d, 0x70, 0x00, 0x66, 0x42, 0x6f,
  0x6f, 0x73, 0x74, 0x00, 0x64, 0x44, 0x69, 0x73, 0x74, 0x00, 0x64, 0x51, 0x75, 0x61, 0x6c, 0x69,
  0x74, 0x79, 0x00, 0x62, 0x4e, 0x6f, 0x43, 0x6f, 0x6d, 0x70, 0x00, 0x53, 0x63, 0x61, 0x6c, 0x65,
  0x78, 0x49, 0x6e, 0x69, 0x00, 0x53, 0x63, 0x61, 0x6c, 0x65, 0x79, 0x49, 0x6e, 0x69, 0x00, 0x53,
  0x63, 0x61, 0x6c, 0x65, 0x78, 0x46, 0x69, 0x6e, 0x00, 0x53, 0x63, 0x61, 0x6c, 0x65, 0x79, 0x46,
  0x69, 0x6e, 0x00, 0x78, 0x49, 0x6e, 0x69, 0x00, 0x78, 0x46, 0x69, 0x6e, 0x00, 0x79, 0x49, 0x6e,
  0x69, 0x00, 0x79, 0x46, 0x69, 0x6e, 0x00, 0x72, 0x6f, 0x74, 0x49, 0x6e, 0x69, 0x00, 0x72, 0x6f,
  0x74, 0x46, 0x69, 0x6e, 0x00, 0x69, 0x6e, 0x74, 0x65, 0x72, 0x70, 0x6f, 0x6c, 0x61, 0x74, 0x69,
  0x6f, 0x6e, 0x00, 0x2a, 0x66, 0x72, 0x61, 0x6d, 0x65, 0x4d, 0x61, 0x70, 0x00, 0x67, 0x6c, 0x6f,
  0x62, 0x61, 0x6c, 0x53, 0x70, 0x65, 0x65, 0x64, 0x00, 0x6c, 0x61, 0x73, 0x74, 0x56, 0x61, 0x6c,
  0x69, 0x64, 0x46, 0x72, 0x61, 0x6d, 0x65, 0x00, 0x62, 0x75, 0x74, 0x74, 0x79, 0x70, 0x65, 0x00,
  0x75, 0x73, 0x65, 0x72, 0x6a, 0x69, 0x74, 0x00, 0x73, 0x74, 0x61, 0x00, 0x74, 0x6f, 0x74, 0x70,
  0x61, 0x72, 0x74, 0x00, 0x6e, 0x6f, 0x72, 0x6d, 0x66, 0x61, 0x63, 0x00, 0x6f, 0x62, 0x66, 0x61,
  0x63, 0x00, 0x72, 0x61, 0x6e, 0x64, 0x66, 0x61, 0x63, 0x00, 0x74, 0x65, 0x78, 0x66, 0x61, 0x63,
  0x00, 0x72, 0x61, 0x6e, 0x64, 0x6c, 0x69, 0x66, 0x65, 0x00, 0x66, 0x6f, 0x72, 0x63, 0x65, 0x5b,
  0x33, 0x5d, 0x00, 0x76, 0x65, 0x63, 0x74, 0x73, 0x69, 0x7a, 0x65, 0x00, 0x6d, 0x61, 0x78, 0x6c,
  0x65, 0x6e, 0x00, 0x64, 0x65, 0x66, 0x76, 0x65, 0x63, 0x5b, 0x33, 0x5d, 0x00, 0x6d, 0x75, 0x6c,
  0x74, 0x5b, 0x34, 0x5d, 0x00, 0x6c, 0x69, 0x66, 0x65, 0x5b, 0x34, 0x5d, 0x00, 0x63, 0x68, 0x69,
  0x6c, 0x64, 0x5b, 0x34, 0x5d, 0x00, 0x6d, 0x61, 0x74, 0x5b, 0x34, 0x5d, 0x00, 0x74, 0x65, 0x78,
  0x6d, 0x61, 0x70, 0x00, 0x63, 0x75, 0x72, 0x6d, 0x75, 0x6c, 0x74, 0x00, 0x73, 0x74, 0x61, 0x74,
  0x69, 0x63, 0x73, 0x74, 0x65, 0x70, 0x00, 0x6f, 0x6d, 0x61, 0x74, 0x00, 0x74, 0x69, 0x6d, 0x65,
  0x74, 0x65, 0x78, 0x00, 0x73, 0x70, 0x65, 0x65, 0x64, 0x74, 0x65, 0x78, 0x00, 0x66, 0x6c, 0x61,
  0x67, 0x32, 0x6e, 0x65, 0x67, 0x00, 0x76, 0x65, 0x72, 0x74, 0x67, 0x72, 0x6f, 0x75, 0x70, 0x5f,
  0x76, 0x00, 0x76, 0x67, 0x72, 0x6f, 0x75, 0x70, 0x6e, 0x61, 0x6d, 0x65, 0x5b, 0x33, 0x32, 0x5d,
  0x00, 0x76, 0x67, 0x72, 0x6f, 0x75, 0x70, 0x6e, 0x61, 0x6d, 0x65, 0x5f, 0x76, 0x5b, 0x33, 0x32,
  0x5d, 0x00, 0x2a, 0x6b, 0x65, 0x79, 0x73, 0x00, 0x6d, 0x69, 0x6e, 0x66, 0x61, 0x63, 0x00, 0x75,
  0x73, 0x65, 0x64, 0x00, 0x75, 0x73, 0x65, 0x64, 0x65, 0x6c, 0x65, 0x6d, 0x00, 0x64, 0x78, 0x00,
  0x64, 0x79, 0x00, 0x6c, 0x69, 0x6e, 0x6b, 0x00, 0x6f, 0x74, 0x79, 0x70, 0x65, 0x00, 0x6f, 0x6c,
  0x64, 0x00, 0x2a, 0x70, 0x6f, 0x69, 0x6e, 0x00, 0x2a, 0x6f, 0x6c, 0x64, 0x70, 0x6f, 0x69, 0x6e,
  0x00, 0x72, 0x65, 0x73, 0x65, 0x74, 0x64, 0x69, 0x73, 0x74, 0x00, 0x6c, 0x61, 0x73, 0x74, 0x76,
  0x61, 0x6c, 0x00, 0x2a, 0x6d, 0x61, 0x00, 0x6b, 0x65, 0x79, 0x00, 0x71, 0x75, 0x61, 0x6c, 0x00,
  0x71, 0x75, 0x61, 0x6c, 0x32, 0x00, 0x74, 0x61, 0x72, 0x67, 0x65, 0x74, 0x4e, 0x61, 0x6d, 0x65,
  0x5b, 0x33, 0x32, 0x5d, 0x00, 0x74, 0x6f, 0x67, 0x67, 0x6c, 0x65, 0x4e, 0x61, 0x6d, 0x65, 0x5b,
  0x33, 0x32, 0x5d, 0x00, 0x76, 0x61, 0x6c, 0x75, 0x65, 0x5b, 0x33, 0x32, 0x5d, 0x00, 0x6d, 0x61,
  0x78, 0x76, 0x61, 0x6c, 0x75, 0x65, 0x5b, 0x33, 0x32, 0x5d, 0x00, 0x64, 0x65, 0x6c, 0x61, 0x79,
  0x00, 0x64, 0x75, 0x72, 0x61, 0x74, 0x69, 0x6f, 0x6e, 0x00, 0x6d, 0x61, 0x74, 0x65, 0x72, 0x69,
  0x61, 0x6c, 0x4e, 0x61, 0x6d, 0x65, 0x5b, 0x33, 0x32, 0x5d, 0x00, 0x64, 0x61, 0x6d, 0x70, 0x74,
  0x69, 0x6d, 0x65, 0x72, 0x00, 0x70, 0x72, 0x6f, 0x70, 0x6e, 0x61, 0x6d, 0x65, 0x5b, 0x33, 0x32,
  0x5d, 0x00, 0x6d, 0x61, 0x74, 0x6e, 0x61, 0x6d, 0x65, 0x5b, 0x33, 0x32, 0x5d, 0x00, 0x61, 0x78,
  0x69, 0x73, 0x66, 0x6c, 0x61, 0x67, 0x00, 0x2a, 0x66, 0x72, 0x6f, 0x6d, 0x4f, 0x62, 0x6a, 0x65,
  0x63, 0x74, 0x00, 0x73, 0x75, 0x62, 0x6a, 0x65, 0x63, 0x74, 0x5b, 0x33, 0x32, 0x5d, 0x00, 0x62,
  0x6f, 0x64, 0x79, 0x5b, 0x33, 0x32, 0x5d, 0x00, 0x70, 0x75, 0x6c, 0x73, 0x65, 0x00, 0x66, 0x72,
  0x65, 0x71, 0x00, 0x74, 0x6f, 0x74, 0x6c, 0x69, 0x6e, 0x6b, 0x73, 0x00, 0x2a, 0x2a, 0x6c, 0x69,
  0x6e, 0x6b, 0x73, 0x00, 0x6a, 0x6f, 0x79, 0x69, 0x6e, 0x64, 0x65, 0x78, 0x00, 0x61, 0x78, 0x69,
  0x73, 0x66, 0x00, 0x62, 0x75, 0x74, 0x74, 0x6f, 0x6e, 0x00, 0x68, 0x61, 0x74, 0x00, 0x68, 0x61,
  0x74, 0x66, 0x00, 0x70, 0x72, 0x65, 0x63, 0x69, 0x73, 0x69, 0x6f, 0x6e, 0x00, 0x73, 0x74, 0x72,
  0x5b, 0x31, 0x32, 0x38, 0x5d, 0x00, 0x2a, 0x6d, 0x79, 0x6e, 0x65, 0x77, 0x00, 0x69, 0x6e, 0x70,
  0x75, 0x74, 0x73, 0x00, 0x74, 0x6f, 0x74, 0x73, 0x6c, 0x69, 0x6e, 0x6b, 0x73, 0x00, 0x2a, 0x2a,
  0x73, 0x6c, 0x69, 0x6e, 0x6b, 0x73, 0x00, 0x76, 0x61, 0x6c, 0x6f, 0x00, 0x73, 0x74, 0x61, 0x74,
  0x65, 0x5f, 0x6d, 0x61, 0x73, 0x6b, 0x00, 0x2a, 0x61, 0x63, 0x74, 0x00, 0x66, 0x72, 0x61, 0x6d,
  0x65, 0x50, 0x72, 0x6f, 0x70, 0x5b, 0x33, 0x32, 0x5d, 0x00, 0x62, 0x6c, 0x65, 0x6e, 0x64, 0x69,
  0x6e, 0x00, 0x70, 0x72, 0x69, 0x6f, 0x72, 0x69, 0x74, 0x79, 0x00, 0x65, 0x6e, 0x64, 0x5f, 0x72,
  0x65, 0x73, 0x65, 0x74, 0x00, 0x73, 0x74, 0x72, 0x69, 0x64, 0x65, 0x61, 0x78, 0x69, 0x73, 0x00,
  0x73, 0x74, 0x72, 0x69, 0x64, 0x65, 0x6c, 0x65, 0x6e, 0x67, 0x74, 0x68, 0x00, 0x73, 0x6e, 0x64,
  0x6e, 0x72, 0x00, 0x70, 0x61, 0x64, 0x31, 0x5b, 0x32, 0x5d, 0x00, 0x6d, 0x61, 0x6b, 0x65, 0x63,
  0x6f, 0x70, 0x79, 0x00, 0x63, 0x6f, 0x70, 0x79, 0x6d, 0x61, 0x64, 0x65, 0x00, 0x70, 0x61, 0x64,
  0x32, 0x5b, 0x31, 0x5d, 0x00, 0x74, 0x72, 0x61, 0x63, 0x6b, 0x00, 0x2a, 0x6d, 0x65, 0x00, 0x6c,
  0x69, 0x6e, 0x56, 0x65, 0x6c, 0x6f, 0x63, 0x69, 0x74, 0x79, 0x5b, 0x33, 0x5d, 0x00, 0x61, 0x6e,
  0x67, 0x56, 0x65, 0x6c, 0x6f, 0x63, 0x69, 0x74, 0x79, 0x5b, 0x33, 0x5d, 0x00, 0x6c, 0x6f, 0x63,
  0x61, 0x6c, 0x66, 0x6c, 0x61, 0x67, 0x00, 0x64, 0x79, 0x6e, 0x5f, 0x6f, 0x70, 0x65, 0x72, 0x61,
  0x74, 0x69, 0x6f, 0x6e, 0x00, 0x66, 0x6f, 0x72, 0x63, 0x65, 0x6c, 0x6f, 0x63, 0x5b, 0x33, 0x5d,
  0x00, 0x66, 0x6f, 0x72, 0x63, 0x65, 0x72, 0x6f, 0x74, 0x5b, 0x33, 0x5d, 0x00, 0x6c, 0x69, 0x6e,
  0x65, 0x61, 0x72, 0x76, 0x65, 0x6c, 0x6f, 0x63, 0x69, 0x74, 0x79, 0x5b, 0x33, 0x5d, 0x00, 0x61,
  0x6e, 0x67, 0x75, 0x6c, 0x61, 0x72, 0x76, 0x65, 0x6c, 0x6f, 0x63, 0x69, 0x74, 0x79, 0x5b, 0x33,
  0x5d, 0x00, 0x62, 0x75, 0x74, 0x73, 0x74, 0x61, 0x00, 0x62, 0x75, 0x74, 0x65, 0x6e, 0x64, 0x00,
  0x6d, 0x69, 0x6e, 0x00, 0x6d, 0x61, 0x78, 0x00, 0x76, 0x69, 0x73, 0x69, 0x66, 0x61, 0x63, 0x00,
  0x72, 0x6f, 0x74, 0x64, 0x61, 0x6d, 0x70, 0x00, 0x6d, 0x69, 0x6e, 0x6c, 0x6f, 0x63, 0x5b, 0x33,
  0x5d, 0x00, 0x6d, 0x61, 0x78, 0x6c, 0x6f, 0x63, 0x5b, 0x33, 0x5d, 0x00, 0x6d, 0x69, 0x6e, 0x72,
  0x6f, 0x74, 0x5b, 0x33, 0x5d, 0x00, 0x6d, 0x61, 0x78, 0x72, 0x6f, 0x74, 0x5b, 0x33, 0x5d, 0x00,
  0x6d, 0x61, 0x74, 0x70, 0x72, 0x6f, 0x70, 0x5b, 0x33, 0x32, 0x5d, 0x00, 0x64, 0x69, 0x73, 0x74,
  0x72, 0x69, 0x62, 0x75, 0x74, 0x69, 0x6f, 0x6e, 0x00, 0x69, 0x6e, 0x74, 0x5f, 0x61, 0x72, 0x67,
  0x5f, 0x31, 0x00, 0x69, 0x6e, 0x74, 0x5f, 0x61, 0x72, 0x67, 0x5f, 0x32, 0x00, 0x66, 0x6c, 0x6f,
  0x61, 0x74, 0x5f, 0x61, 0x72, 0x67, 0x5f, 0x31, 0x00, 0x66, 0x6c, 0x6f, 0x61, 0x74, 0x5f, 0x61,
  0x72, 0x67, 0x5f, 0x32, 0x00, 0x74, 0x6f, 0x50, 0x72, 0x6f, 0x70, 0x4e, 0x61, 0x6d, 0x65, 0x5b,
  0x33, 0x32, 0x5d, 0x00, 0x2a, 0x74, 0x6f, 0x4f, 0x62, 0x6a, 0x65, 0x63, 0x74, 0x00, 0x62, 0x6f,
  0x64, 0x79, 0x54, 0x79, 0x70, 0x65, 0x00, 0x66, 0x69, 0x6c, 0x65, 0x6e, 0x61, 0x6d, 0x65, 0x5b,
  0x36, 0x34, 0x5d, 0x00, 0x6c, 0x6f, 0x61, 0x64, 0x61, 0x6e, 0x69, 0x6e, 0x61, 0x6d, 0x65, 0x5b,
  0x36, 0x34, 0x5d, 0x00, 0x69, 0x6e, 0x74, 0x5f, 0x61, 0x72, 0x67, 0x00, 0x66, 0x6c, 0x6f, 0x61,
  0x74, 0x5f, 0x61, 0x72, 0x67, 0x00, 0x67, 0x6f, 0x00, 0x61, 0x63, 0x63, 0x65, 0x6c, 0x6c, 0x65,
  0x72, 0x61, 0x74, 0x69, 0x6f, 0x6e, 0x00, 0x6d, 0x61, 0x78, 0x73, 0x70, 0x65, 0x65, 0x64, 0x00,
  0x6d, 0x61, 0x78, 0x72, 0x6f, 0x74, 0x73, 0x70, 0x65, 0x65, 0x64, 0x00, 0x6d, 0x61, 0x78, 0x74,
  0x69, 0x6c, 0x74, 0x73, 0x70, 0x65, 0x65, 0x64, 0x00, 0x74, 0x69, 0x6c, 0x74, 0x64, 0x61, 0x6d,
  0x70, 0x00, 0x73, 0x70, 0x65, 0x65, 0x64, 0x64, 0x61, 0x6d, 0x70, 0x00, 0x2a, 0x73, 0x61, 0x6d,
  0x70, 0x6c, 0x65, 0x00, 0x2a, 0x73, 0x74, 0x72, 0x65, 0x61, 0x6d, 0x00, 0x2a, 0x6e, 0x65, 0x77,
  0x70, 0x61, 0x63, 0x6b, 0x65, 0x64, 0x66, 0x69, 0x6c, 0x65, 0x00, 0x2a, 0x73, 0x6e, 0x64, 0x5f,
  0x73, 0x6f, 0x75, 0x6e, 0x64, 0x00, 0x70, 0x61, 0x6e, 0x6e, 0x69, 0x6e, 0x67, 0x00, 0x61, 0x74,
  0x74, 0x65, 0x6e, 0x75, 0x61, 0x74, 0x69, 0x6f, 0x6e, 0x00, 0x70, 0x69, 0x74, 0x63, 0x68, 0x00,
  0x6d, 0x69, 0x6e, 0x5f, 0x67, 0x61, 0x69, 0x6e, 0x00, 0x6d, 0x61, 0x78, 0x5f, 0x67, 0x61, 0x69,
  0x6e, 0x00, 0x64, 0x69, 0x73, 0x74, 0x61, 0x6e, 0x63, 0x65, 0x00, 0x73, 0x74, 0x72, 0x65, 0x61,
  0x6d, 0x6c, 0x65, 0x6e, 0x00, 0x63, 0x68, 0x61, 0x6e, 0x6e, 0x65, 0x6c, 0x73, 0x00, 0x68, 0x69,
  0x67, 0x68, 0x70, 0x72, 0x69, 0x6f, 0x00, 0x70, 0x61, 0x64, 0x5b, 0x31, 0x30, 0x5d, 0x00, 0x67,
  0x61, 0x69, 0x6e, 0x00, 0x64, 0x6f, 0x70, 0x70, 0x6c, 0x65, 0x72, 0x66, 0x61, 0x63, 0x74, 0x6f,
  0x72, 0x00, 0x64, 0x6f, 0x70, 0x70, 0x6c, 0x65, 0x72, 0x76, 0x65, 0x6c, 0x6f, 0x63, 0x69, 0x74,
  0x79, 0x00, 0x6e, 0x75, 0x6d, 0x73, 0x6f, 0x75, 0x6e, 0x64, 0x73, 0x62, 0x6c, 0x65, 0x6e, 0x64,
  0x65, 0x72, 0x00, 0x6e, 0x75, 0x6d, 0x73, 0x6f, 0x75, 0x6e, 0x64, 0x73, 0x67, 0x61, 0x6d, 0x65,
  0x65, 0x6e, 0x67, 0x69, 0x6e, 0x65, 0x00, 0x2a, 0x6c, 0x61, 0x6d, 0x70, 0x72, 0x65, 0x6e, 0x00,
  0x67, 0x6f, 0x62, 0x6a, 0x65, 0x63, 0x74, 0x00, 0x64, 0x75, 0x70, 0x6c, 0x69, 0x5f, 0x6f, 0x66,
  0x73, 0x5b, 0x33, 0x5d, 0x00, 0x63, 0x68, 0x69, 0x6c, 0x64, 0x62, 0x61, 0x73, 0x65, 0x00, 0x72,
  0x6f, 0x6c, 0x6c, 0x00, 0x68, 0x65, 0x61, 0x64, 0x5b, 0x33, 0x5d, 0x00, 0x74, 0x61, 0x69, 0x6c,
  0x5b, 0x33, 0x5d, 0x00, 0x62, 0x6f, 0x6e, 0x65, 0x5f, 0x6d, 0x61, 0x74, 0x5b, 0x33, 0x5d, 0x5b,
  0x33, 0x5d, 0x00, 0x61, 0x72, 0x6d, 0x5f, 0x68, 0x65, 0x61, 0x64, 0x5b, 0x33, 0x5d, 0x00, 0x61,
  0x72, 0x6d, 0x5f, 0x74, 0x61, 0x69, 0x6c, 0x5b, 0x33, 0x5d, 0x00, 0x61, 0x72, 0x6d, 0x5f, 0x6d,
  0x61, 0x74, 0x5b, 0x34, 0x5d, 0x5b, 0x34, 0x5d, 0x00, 0x78, 0x77, 0x69, 0x64, 0x74, 0x68, 0x00,
  0x7a, 0x77, 0x69, 0x64, 0x74, 0x68, 0x00, 0x65, 0x61, 0x73, 0x65, 0x31, 0x00, 0x65, 0x61, 0x73,
  0x65, 0x32, 0x00, 0x72, 0x61, 0x64, 0x5f, 0x68, 0x65, 0x61, 0x64, 0x00, 0x72, 0x61, 0x64, 0x5f,
  0x74, 0x61, 0x69, 0x6c, 0x00, 0x62, 0x6f, 0x6e, 0x65, 0x62, 0x61, 0x73, 0x65, 0x00, 0x63, 0x68,
  0x61, 0x69, 0x6e, 0x62, 0x61, 0x73, 0x65, 0x00, 0x70, 0x61, 0x74, 0x68, 0x66, 0x6c, 0x61, 0x67,
  0x00, 0x6c, 0x61, 0x79, 0x65, 0x72, 0x5f, 0x70, 0x72, 0x6f, 0x74, 0x65, 0x63, 0x74, 0x65, 0x64,
  0x00, 0x67, 0x68, 0x6f, 0x73, 0x74, 0x65, 0x70, 0x00, 0x67, 0x68, 0x6f, 0x73, 0x74, 0x73, 0x69,
  0x7a, 0x65, 0x00, 0x67, 0x68, 0x6f, 0x73, 0x74, 0x74, 0x79, 0x70, 0x65, 0x00, 0x70, 0x61, 0x74,
  0x68, 0x73, 0x69, 0x7a, 0x65, 0x00, 0x67, 0x68, 0x6f, 0x73, 0x74, 0x73, 0x66, 0x00, 0x67, 0x68,
  0x6f, 0x73, 0x74, 0x65, 0x66, 0x00, 0x70, 0x61, 0x74, 0x68, 0x73, 0x66, 0x00, 0x70, 0x61, 0x74,
  0x68, 0x65, 0x66, 0x00, 0x70, 0x61, 0x74, 0x68, 0x62, 0x63, 0x00, 0x70, 0x61, 0x74, 0x68, 0x61,
  0x63, 0x00, 0x63, 0x6f, 0x6e, 0x73, 0x74, 0x66, 0x6c, 0x61, 0x67, 0x00, 0x69, 0x6b, 0x66, 0x6c,
  0x61, 0x67, 0x00, 0x73, 0x65, 0x6c, 0x65, 0x63, 0x74, 0x66, 0x6c, 0x61, 0x67, 0x00, 0x61, 0x67,
  0x72, 0x70, 0x5f, 0x69, 0x6e, 0x64, 0x65, 0x78, 0x00, 0x2a, 0x62, 0x6f, 0x6e, 0x65, 0x00, 0x2a,
  0x63, 0x68, 0x69, 0x6c, 0x64, 0x00, 0x69, 0x6b, 0x74, 0x72, 0x65, 0x65, 0x00, 0x2a, 0x62, 0x5f,
  0x62, 0x6f, 0x6e, 0x65, 0x5f, 0x6d, 0x61, 0x74, 0x73, 0x00, 0x2a, 0x64, 0x75, 0x61, 0x6c, 0x5f,
  0x71, 0x75, 0x61, 0x74, 0x00, 0x2a, 0x62, 0x5f, 0x62, 0x6f, 0x6e, 0x65, 0x5f, 0x64, 0x75, 0x61,
  0x6c, 0x5f, 0x71, 0x75, 0x61, 0x74, 0x73, 0x00, 0x63, 0x68, 0x61, 0x6e, 0x5f, 0x6d, 0x61, 0x74,
  0x5b, 0x34, 0x5d, 0x5b, 0x34, 0x5d, 0x00, 0x70, 0x6f, 0x73, 0x65, 0x5f, 0x6d, 0x61, 0x74, 0x5b,
  0x34, 0x5d, 0x5b, 0x34, 0x5d, 0x00, 0x70, 0x6f, 0x73, 0x65, 0x5f, 0x68, 0x65, 0x61, 0x64, 0x5b,
  0x33, 0x5d, 0x00, 0x70, 0x6f, 0x73, 0x65, 0x5f, 0x74, 0x61, 0x69, 0x6c, 0x5b, 0x33, 0x5d, 0x00,
  0x6c, 0x69, 0x6d, 0x69, 0x74, 0x6d, 0x69, 0x6e, 0x5b, 0x33, 0x5d, 0x00, 0x6c, 0x69, 0x6d, 0x69,
  0x74, 0x6d, 0x61, 0x78, 0x5b, 0x33, 0x5d, 0x00, 0x73, 0x74, 0x69, 0x66, 0x66, 0x6e, 0x65, 0x73,
  0x73, 0x5b, 0x33, 0x5d, 0x00, 0x69, 0x6b, 0x73, 0x74, 0x72, 0x65, 0x74, 0x63, 0x68, 0x00, 0x2a,
  0x63, 0x75, 0x73, 0x74, 0x6f, 0x6d, 0x00, 0x63, 0x68, 0x61, 0x6e, 0x62, 0x61, 0x73, 0x65, 0x00,
  0x70, 0x72, 0x6f, 0x78, 0x79, 0x5f, 0x6c, 0x61, 0x79, 0x65, 0x72, 0x00, 0x73, 0x74, 0x72, 0x69,
  0x64, 0x65, 0x5f, 0x6f, 0x66, 0x66, 0x73, 0x65, 0x74, 0x5b, 0x33, 0x5d, 0x00, 0x63, 0x79, 0x63,
  0x6c, 0x69, 0x63, 0x5f, 0x6f, 0x66, 0x66, 0x73, 0x65, 0x74, 0x5b, 0x33, 0x5d, 0x00, 0x61, 0x67,
  0x72, 0x6f, 0x75, 0x70, 0x73, 0x00, 0x61, 0x63, 0x74, 0x69, 0x76, 0x65, 0x5f, 0x67, 0x72, 0x6f,
  0x75, 0x70, 0x00, 0x63, 0x75, 0x73, 0x74, 0x6f, 0x6d, 0x43, 0x6f, 0x6c, 0x00, 0x63, 0x73, 0x00,
  0x2a, 0x67, 0x72, 0x70, 0x00, 0x72, 0x65, 0x73, 0x65, 0x72, 0x76, 0x65, 0x64, 0x31, 0x00, 0x67,
  0x72, 0x6f, 0x75, 0x70, 0x73, 0x00, 0x61, 0x63, 0x74, 0x69, 0x76, 0x65, 0x5f, 0x6d, 0x61, 0x72,
  0x6b, 0x65, 0x72, 0x00, 0x61, 0x63, 0x74, 0x6e, 0x72, 0x00, 0x61, 0x63, 0x74, 0x77, 0x69, 0x64,
  0x74, 0x68, 0x00, 0x74, 0x69, 0x6d, 0x65, 0x73, 0x6c, 0x69, 0x64, 0x65, 0x00, 0x6e, 0x61, 0x6d,
  0x65, 0x5b, 0x33, 0x30, 0x5d, 0x00, 0x6f, 0x77, 0x6e, 0x73, 0x70, 0x61, 0x63, 0x65, 0x00, 0x74,
  0x61, 0x72, 0x73, 0x70, 0x61, 0x63, 0x65, 0x00, 0x65, 0x6e, 0x66, 0x6f, 0x72, 0x63, 0x65, 0x00,
  0x68, 0x65, 0x61, 0x64, 0x74, 0x61, 0x69, 0x6c, 0x00, 0x2a, 0x74, 0x61, 0x72, 0x00, 0x73, 0x75,
  0x62, 0x74, 0x61, 0x72, 0x67, 0x65, 0x74, 0x5b, 0x33, 0x32, 0x5d, 0x00, 0x6d, 0x61, 0x74, 0x72,
  0x69, 0x78, 0x5b, 0x34, 0x5d, 0x5b, 0x34, 0x5d, 0x00, 0x73, 0x70, 0x61, 0x63, 0x65, 0x00, 0x2a,
  0x70, 0x72, 0x6f, 0x70, 0x00, 0x74, 0x61, 0x72, 0x6e, 0x75, 0x6d, 0x00, 0x74, 0x61, 0x72, 0x67,
  0x65, 0x74, 0x73, 0x00, 0x69, 0x74, 0x65, 0x72, 0x61, 0x74, 0x69, 0x6f, 0x6e, 0x73, 0x00, 0x72,
  0x6f, 0x6f, 0x74, 0x62, 0x6f, 0x6e, 0x65, 0x00, 0x6d, 0x61, 0x78, 0x5f, 0x72, 0x6f, 0x6f, 0x74,
  0x62, 0x6f, 0x6e, 0x65, 0x00, 0x2a, 0x70, 0x6f, 0x6c, 0x65, 0x74, 0x61, 0x72, 0x00, 0x70, 0x6f,
  0x6c, 0x65, 0x73, 0x75, 0x62, 0x74, 0x61, 0x72, 0x67, 0x65, 0x74, 0x5b, 0x33, 0x32, 0x5d, 0x00,
  0x70, 0x6f, 0x6c, 0x65, 0x61, 0x6e, 0x67, 0x6c, 0x65, 0x00, 0x6f, 0x72, 0x69, 0x65, 0x6e, 0x74,
  0x77, 0x65, 0x69, 0x67, 0x68, 0x74, 0x00, 0x67, 0x72, 0x61, 0x62, 0x74, 0x61, 0x72, 0x67, 0x65,
  0x74, 0x5b, 0x33, 0x5d, 0x00, 0x72, 0x65, 0x73, 0x65, 0x72, 0x76, 0x65, 0x64, 0x32, 0x00, 0x6d,
  0x69, 0x6e, 0x6d, 0x61, 0x78, 0x66, 0x6c, 0x61, 0x67, 0x00, 0x73, 0x74, 0x75, 0x63, 0x6b, 0x00,
  0x63, 0x61, 0x63, 0x68, 0x65, 0x5b, 0x33, 0x5d, 0x00, 0x6c, 0x6f, 0x63, 0x6b, 0x66, 0x6c, 0x61,
  0x67, 0x00, 0x66, 0x6f, 0x6c, 0x6c, 0x6f, 0x77, 0x66, 0x6c, 0x61, 0x67, 0x00, 0x76, 0x6f, 0x6c,
  0x6d, 0x6f, 0x64, 0x65, 0x00, 0x70, 0x6c, 0x61, 0x6e, 0x65, 0x00, 0x6f, 0x72, 0x67, 0x6c, 0x65,
  0x6e, 0x67, 0x74, 0x68, 0x00, 0x62, 0x75, 0x6c, 0x67, 0x65, 0x00, 0x70, 0x69, 0x76, 0x58, 0x00,
  0x70, 0x69, 0x76, 0x59, 0x00, 0x70, 0x69, 0x76, 0x5a, 0x00, 0x61, 0x78, 0x58, 0x00, 0x61, 0x78,
  0x59, 0x00, 0x61, 0x78, 0x5a, 0x00, 0x6d, 0x69, 0x6e, 0x4c, 0x69, 0x6d, 0x69, 0x74, 0x5b, 0x36,
  0x5d, 0x00, 0x6d, 0x61, 0x78, 0x4c, 0x69, 0x6d, 0x69, 0x74, 0x5b, 0x36, 0x5d, 0x00, 0x65, 0x78,
  0x74, 0x72, 0x61, 0x46, 0x7a, 0x00, 0x69, 0x6e, 0x76, 0x6d, 0x61, 0x74, 0x5b, 0x34, 0x5d, 0x5b,
  0x34, 0x5d, 0x00, 0x66, 0x72, 0x6f, 0x6d, 0x00, 0x74, 0x6f, 0x00, 0x6d, 0x61, 0x70, 0x5b, 0x33,
  0x5d, 0x00, 0x65, 0x78, 0x70, 0x6f, 0x00, 0x66, 0x72, 0x6f, 0x6d, 0x5f, 0x6d, 0x69, 0x6e, 0x5b,
  0x33, 0x5d, 0x00, 0x66, 0x72, 0x6f, 0x6d, 0x5f, 0x6d, 0x61, 0x78, 0x5b, 0x33, 0x5d, 0x00, 0x74,
  0x6f, 0x5f, 0x6d, 0x69, 0x6e, 0x5b, 0x33, 0x5d, 0x00, 0x74, 0x6f, 0x5f, 0x6d, 0x61, 0x78, 0x5b,
  0x33, 0x5d, 0x00, 0x7a, 0x6d, 0x69, 0x6e, 0x00, 0x7a, 0x6d, 0x61, 0x78, 0x00, 0x63, 0x68, 0x61,
  0x6e, 0x6e, 0x65, 0x6c, 0x5b, 0x33, 0x32, 0x5d, 0x00, 0x6e, 0x6f, 0x5f, 0x72, 0x6f, 0x74, 0x5f,
  0x61, 0x78, 0x69, 0x73, 0x00, 0x73, 0x74, 0x72, 0x69, 0x64, 0x65, 0x5f, 0x61, 0x78, 0x69, 0x73,
  0x00, 0x63, 0x75, 0x72, 0x6d, 0x6f, 0x64, 0x00, 0x61, 0x63, 0x74, 0x73, 0x74, 0x61, 0x72, 0x74,
  0x00, 0x61, 0x63, 0x74, 0x65, 0x6e, 0x64, 0x00, 0x61, 0x63, 0x74, 0x6f, 0x66, 0x66, 0x73, 0x00,
  0x73, 0x74, 0x72, 0x69, 0x64, 0x65, 0x6c, 0x65, 0x6e, 0x00, 0x62, 0x6c, 0x65, 0x6e, 0x64, 0x6f,
  0x75, 0x74, 0x00, 0x73, 0x74, 0x72, 0x69, 0x64, 0x65, 0x63, 0x68, 0x61, 0x6e, 0x6e, 0x65, 0x6c,
  0x5b, 0x33, 0x32, 0x5d, 0x00, 0x6f, 0x66, 0x66, 0x73, 0x5f, 0x62, 0x6f, 0x6e, 0x65, 0x5b, 0x33,
  0x32, 0x5d, 0x00, 0x68, 0x61, 0x73, 0x69, 0x6e, 0x70, 0x75, 0x74, 0x00, 0x68, 0x61, 0x73, 0x6f,
  0x75, 0x74, 0x70, 0x75, 0x74, 0x00, 0x64, 0x61, 0x74, 0x61, 0x74, 0x79, 0x70, 0x65, 0x00, 0x73,
  0x6f, 0x63, 0x6b, 0x65, 0x74, 0x74, 0x79, 0x70, 0x65, 0x00, 0x2a, 0x6e, 0x65, 0x77, 0x5f, 0x73,
  0x6f, 0x63, 0x6b, 0x00, 0x6e, 0x73, 0x00, 0x6c, 0x69, 0x6d, 0x69, 0x74, 0x00, 0x73, 0x74, 0x61,
  0x63, 0x6b, 0x5f, 0x69, 0x6e, 0x64, 0x65, 0x78, 0x00, 0x69, 0x6e, 0x74, 0x65, 0x72, 0x6e, 0x00,
  0x73, 0x74, 0x61, 0x63, 0x6b, 0x5f, 0x69, 0x6e, 0x64, 0x65, 0x78, 0x5f, 0x65, 0x78, 0x74, 0x00,
  0x6c, 0x6f, 0x63, 0x78, 0x00, 0x6c, 0x6f, 0x63, 0x79, 0x00, 0x6f, 0x77, 0x6e, 0x5f, 0x69, 0x6e,
  0x64, 0x65, 0x78, 0x00, 0x74, 0x6f, 0x5f, 0x69, 0x6e, 0x64, 0x65, 0x78, 0x00, 0x2a, 0x74, 0x6f,
  0x73, 0x6f, 0x63, 0x6b, 0x00, 0x2a, 0x6c, 0x69, 0x6e, 0x6b, 0x00, 0x2a, 0x6e, 0x65, 0x77, 0x5f,
  0x6e, 0x6f, 0x64, 0x65, 0x00, 0x75, 0x73, 0x65, 0x72, 0x6e, 0x61, 0x6d, 0x65, 0x5b, 0x33, 0x32,
  0x5d, 0x00, 0x6c, 0x61, 0x73, 0x74, 0x79, 0x00, 0x6f, 0x75, 0x74, 0x70, 0x75, 0x74, 0x73, 0x00,
  0x2a, 0x73, 0x74, 0x6f, 0x72, 0x61, 0x67, 0x65, 0x00, 0x6d, 0x69, 0x6e, 0x69, 0x77, 0x69, 0x64,
  0x74, 0x68, 0x00, 0x63, 0x75, 0x73, 0x74, 0x6f, 0x6d, 0x31, 0x00, 0x63, 0x75, 0x73, 0x74, 0x6f,
  0x6d, 0x32, 0x00, 0x6e, 0x65, 0x65, 0x64, 0x5f, 0x65, 0x78, 0x65, 0x63, 0x00, 0x65, 0x78, 0x65,
  0x63, 0x00, 0x74, 0x6f, 0x74, 0x72, 0x00, 0x62, 0x75, 0x74, 0x72, 0x00, 0x70, 0x72, 0x76, 0x72,
  0x00, 0x2a, 0x74, 0x79, 0x70, 0x65, 0x69, 0x6e, 0x66, 0x6f, 0x00, 0x2a, 0x66, 0x72, 0x6f, 0x6d,
  0x6e, 0x6f, 0x64, 0x65, 0x00, 0x2a, 0x74, 0x6f, 0x6e, 0x6f, 0x64, 0x65, 0x00, 0x2a, 0x66, 0x72,
  0x6f, 0x6d, 0x73, 0x6f, 0x63, 0x6b, 0x00, 0x6e, 0x6f, 0x64, 0x65, 0x73, 0x00, 0x6c, 0x69, 0x6e,
  0x6b, 0x73, 0x00, 0x2a, 0x73, 0x74, 0x61, 0x63, 0x6b, 0x00, 0x2a, 0x74, 0x68, 0x72, 0x65, 0x61,
  0x64, 0x73, 0x74, 0x61, 0x63, 0x6b, 0x00, 0x69, 0x6e, 0x69, 0x74, 0x00, 0x73, 0x74, 0x61, 0x63,
  0x6b, 0x73, 0x69, 0x7a, 0x65, 0x00, 0x63, 0x75, 0x72, 0x5f, 0x69, 0x6e, 0x64, 0x65, 0x78, 0x00,
  0x61, 0x6c, 0x6c, 0x74, 0x79, 0x70, 0x65, 0x73, 0x00, 0x2a, 0x6f, 0x77, 0x6e, 0x74, 0x79, 0x70,
  0x65, 0x00, 0x2a, 0x73, 0x65, 0x6c, 0x69, 0x6e, 0x00, 0x2a, 0x73, 0x65, 0x6c, 0x6f, 0x75, 0x74,
  0x00, 0x28, 0x2a, 0x74, 0x69, 0x6d, 0x65, 0x63, 0x75, 0x72, 0x73, 0x6f, 0x72, 0x29, 0x28, 0x29,
  0x00, 0x28, 0x2a, 0x73, 0x74, 0x61, 0x74, 0x73, 0x5f, 0x64, 0x72, 0x61, 0x77, 0x29, 0x28, 0x29,
  0x00, 0x28, 0x2a, 0x74, 0x65, 0x73, 0x74, 0x5f, 0x62, 0x72, 0x65, 0x61, 0x6b, 0x29, 0x28, 0x29,
  0x00, 0x63, 0x79, 0x63, 0x6c, 0x69, 0x63, 0x00, 0x6d, 0x6f, 0x76, 0x69, 0x65, 0x00, 0x73, 0x61,
  0x6d, 0x70, 0x6c, 0x65, 0x73, 0x00, 0x6d, 0x69, 0x6e, 0x73, 0x70, 0x65, 0x65, 0x64, 0x00, 0x70,
  0x65, 0x72, 0x63, 0x65, 0x6e, 0x74, 0x78, 0x00, 0x70, 0x65, 0x72, 0x63, 0x65, 0x6e, 0x74, 0x79,
  0x00, 0x62, 0x6f, 0x6b, 0x65, 0x68, 0x00, 0x63, 0x75, 0x72, 0x76, 0x65, 0x64, 0x00, 0x69, 0x6d,
  0x61, 0x67, 0x65, 0x5f, 0x69, 0x6e, 0x5f, 0x77, 0x69, 0x64, 0x74, 0x68, 0x00, 0x69, 0x6d, 0x61,
  0x67, 0x65, 0x5f, 0x69, 0x6e, 0x5f, 0x68, 0x65, 0x69, 0x67, 0x68, 0x74, 0x00, 0x63, 0x65, 0x6e,
  0x74, 0x65, 0x72, 0x5f, 0x78, 0x00, 0x63, 0x65, 0x6e, 0x74, 0x65, 0x72, 0x5f, 0x79, 0x00, 0x73,
  0x70, 0x69, 0x6e, 0x00, 0x69, 0x74, 0x65, 0x72, 0x00, 0x77, 0x72, 0x61, 0x70, 0x00, 0x73, 0x69,
  0x67, 0x6d, 0x61, 0x5f, 0x63, 0x6f, 0x6c, 0x6f, 0x72, 0x00, 0x73, 0x69, 0x67, 0x6d, 0x61, 0x5f,
  0x73, 0x70, 0x61, 0x63, 0x65, 0x00, 0x68, 0x75, 0x65, 0x00, 0x73, 0x61, 0x74, 0x00, 0x74, 0x31,
  0x00, 0x74, 0x32, 0x00, 0x74, 0x33, 0x00, 0x66, 0x73, 0x74, 0x72, 0x65, 0x6e, 0x67, 0x74, 0x68,
  0x00, 0x66, 0x61, 0x6c, 0x70, 0x68, 0x61, 0x00, 0x6b, 0x65, 0x79, 0x5b, 0x34, 0x5d, 0x00, 0x78,
  0x31, 0x00, 0x78, 0x32, 0x00, 0x79, 0x31, 0x00, 0x79, 0x32, 0x00, 0x63, 0x6f, 0x6c, 0x6e, 0x61,
  0x6d, 0x65, 0x5b, 0x33, 0x32, 0x5d, 0x00, 0x62, 0x6b, 0x74, 0x79, 0x70, 0x65, 0x00, 0x72, 0x6f,
  0x74, 0x61, 0x74, 0x69, 0x6f, 0x6e, 0x00, 0x70, 0x72, 0x65, 0x76, 0x69, 0x65, 0x77, 0x00, 0x67,
  0x61, 0x6d, 0x63, 0x6f, 0x00, 0x6e, 0x6f, 0x5f, 0x7a, 0x62, 0x75, 0x66, 0x00, 0x66, 0x73, 0x74,
  0x6f, 0x70, 0x00, 0x6d, 0x61, 0x78, 0x62, 0x6c, 0x75, 0x72, 0x00, 0x62, 0x74, 0x68, 0x72, 0x65,
  0x73, 0x68, 0x00, 0x2a, 0x64, 0x69, 0x63, 0x74, 0x00, 0x2a, 0x6e, 0x6f, 0x64, 0x65, 0x00, 0x61,
  0x6e, 0x67, 0x6c, 0x65, 0x5f, 0x6f, 0x66, 0x73, 0x00, 0x63, 0x6f, 0x6c, 0x6d, 0x6f, 0x64, 0x00,
  0x6d, 0x69, 0x78, 0x00, 0x74, 0x68, 0x72, 0x65, 0x73, 0x68, 0x6f, 0x6c, 0x64, 0x00, 0x66, 0x61,
  0x64, 0x65, 0x00, 0x6d, 0x00, 0x63, 0x00, 0x6a, 0x69, 0x74, 0x00, 0x70, 0x72, 0x6f, 0x6a, 0x00,
  0x66, 0x69, 0x74, 0x00, 0x73, 0x68, 0x6f, 0x72, 0x74, 0x79, 0x00, 0x6d, 0x69, 0x6e, 0x74, 0x61,
  0x62, 0x6c, 0x65, 0x00, 0x6d, 0x61, 0x78, 0x74, 0x61, 0x62, 0x6c, 0x65, 0x00, 0x65, 0x78, 0x74,
  0x5f, 0x69, 0x6e, 0x5b, 0x32, 0x5d, 0x00, 0x65, 0x78, 0x74, 0x5f, 0x6f, 0x75, 0x74, 0x5b, 0x32,
  0x5d, 0x00, 0x2a, 0x63, 0x75, 0x72, 0x76, 0x65, 0x00, 0x2a, 0x74, 0x61, 0x62, 0x6c, 0x65, 0x00,
  0x2a, 0x70, 0x72, 0x65, 0x6d, 0x75, 0x6c, 0x74, 0x61, 0x62, 0x6c, 0x65, 0x00, 0x63, 0x75, 0x72,
  0x72, 0x00, 0x63, 0x6c, 0x69, 0x70, 0x72, 0x00, 0x63, 0x6d, 0x5b, 0x34, 0x5d, 0x00, 0x62, 0x6c,
  0x61, 0x63, 0x6b, 0x5b, 0x33, 0x5d, 0x00, 0x77, 0x68, 0x69, 0x74, 0x65, 0x5b, 0x33, 0x5d, 0x00,
  0x62, 0x77, 0x6d, 0x75, 0x6c, 0x5b, 0x33, 0x5d, 0x00, 0x73, 0x61, 0x6d, 0x70, 0x6c, 0x65, 0x5b,
  0x33, 0x5d, 0x00, 0x6f, 0x66, 0x66, 0x73, 0x65, 0x74, 0x5b, 0x32, 0x5d, 0x00, 0x69, 0x6e, 0x6e,
  0x65, 0x72, 0x72, 0x61, 0x64, 0x69, 0x75, 0x73, 0x00, 0x72, 0x61, 0x74, 0x65, 0x00, 0x72, 0x67,
  0x62, 0x5b, 0x33, 0x5d, 0x00, 0x63, 0x6c, 0x6f, 0x6e, 0x65, 0x00, 0x61, 0x63, 0x74, 0x69, 0x76,
  0x65, 0x5f, 0x72, 0x6e, 0x64, 0x00, 0x2a, 0x6c, 0x61, 0x79, 0x65, 0x72, 0x73, 0x00, 0x74, 0x6f,
  0x74, 0x6c, 0x61, 0x79, 0x65, 0x72, 0x00, 0x6d, 0x61, 0x78, 0x6c, 0x61, 0x79, 0x65, 0x72, 0x00,
  0x74, 0x6f, 0x74, 0x73, 0x69, 0x7a, 0x65, 0x00, 0x2a, 0x70, 0x6f, 0x6f, 0x6c, 0x00, 0x65, 0x64,
  0x69, 0x74, 0x66, 0x6c, 0x61, 0x67, 0x00, 0x76, 0x65, 0x6c, 0x5b, 0x33, 0x5d, 0x00, 0x72, 0x6f,
  0x74, 0x5b, 0x34, 0x5d, 0x00, 0x61, 0x76, 0x65, 0x5b, 0x33, 0x5d, 0x00, 0x6e, 0x75, 0x6d, 0x00,
  0x70, 0x61, 0x72, 0x65, 0x6e, 0x74, 0x00, 0x70, 0x61, 0x5b, 0x34, 0x5d, 0x00, 0x77, 0x5b, 0x34,
  0x5d, 0x00, 0x66, 0x75, 0x76, 0x5b, 0x34, 0x5d, 0x00, 0x66, 0x6f, 0x66, 0x66, 0x73, 0x65, 0x74,
  0x00, 0x72, 0x61, 0x6e, 0x64, 0x5b, 0x33, 0x5d, 0x00, 0x2a, 0x73, 0x74, 0x69, 0x63, 0x6b, 0x5f,
  0x6f, 0x62, 0x00, 0x70, 0x72, 0x65, 0x76, 0x5f, 0x73, 0x74, 0x61, 0x74, 0x65, 0x00, 0x2a, 0x68,
  0x61, 0x69, 0x72, 0x00, 0x69, 0x5f, 0x72, 0x6f, 0x74, 0x5b, 0x34, 0x5d, 0x00, 0x72, 0x5f, 0x72,
  0x6f, 0x74, 0x5b, 0x34, 0x5d, 0x00, 0x72, 0x5f, 0x61, 0x76, 0x65, 0x5b, 0x33, 0x5d, 0x00, 0x72,
  0x5f, 0x76, 0x65, 0x5b, 0x33, 0x5d, 0x00, 0x64, 0x69, 0x65, 0x74, 0x69, 0x6d, 0x65, 0x00, 0x62,
  0x61, 0x6e, 0x6b, 0x00, 0x73, 0x69, 0x7a, 0x65, 0x6d, 0x75, 0x6c, 0x00, 0x6e, 0x75, 0x6d, 0x5f,
  0x64, 0x6d, 0x63, 0x61, 0x63, 0x68, 0x65, 0x00, 0x62, 0x70, 0x69, 0x00, 0x61, 0x6c, 0x69, 0x76,
  0x65, 0x00, 0x6c, 0x6f, 0x6f, 0x70, 0x00, 0x64, 0x69, 0x73, 0x74, 0x72, 0x00, 0x70, 0x68, 0x79,
  0x73, 0x74, 0x79, 0x70, 0x65, 0x00, 0x72, 0x6f, 0x74, 0x6d, 0x6f, 0x64, 0x65, 0x00, 0x61, 0x76,
  0x65, 0x6d, 0x6f, 0x64, 0x65, 0x00, 0x72, 0x65, 0x61, 0x63, 0x74, 0x65, 0x76, 0x65, 0x6e, 0x74,
  0x00, 0x64, 0x72, 0x61, 0x77, 0x00, 0x64, 0x72, 0x61, 0x77, 0x5f, 0x61, 0x73, 0x00, 0x64, 0x72,
  0x61, 0x77, 0x5f, 0x73, 0x69, 0x7a, 0x65, 0x00, 0x63, 0x68, 0x69, 0x6c, 0x64, 0x74, 0x79, 0x70,
  0x65, 0x00, 0x64, 0x72, 0x61, 0x77, 0x5f, 0x73, 0x74, 0x65, 0x70, 0x00, 0x72, 0x65, 0x6e, 0x5f,
  0x73, 0x74, 0x65, 0x70, 0x00, 0x68, 0x61, 0x69, 0x72, 0x5f, 0x73, 0x74, 0x65, 0x70, 0x00, 0x6b,
  0x65, 0x79, 0x73, 0x5f, 0x73, 0x74, 0x65, 0x70, 0x00, 0x61, 0x64, 0x61, 0x70, 0x74, 0x5f, 0x61,
  0x6e, 0x67, 0x6c, 0x65, 0x00, 0x61, 0x64, 0x61, 0x70, 0x74, 0x5f, 0x70, 0x69, 0x78, 0x00, 0x72,
  0x6f, 0x74, 0x66, 0x72, 0x6f, 0x6d, 0x00, 0x69, 0x6e, 0x74, 0x65, 0x67, 0x72, 0x61, 0x74, 0x6f,
  0x72, 0x00, 0x6e, 0x62, 0x65, 0x74, 0x77, 0x65, 0x65, 0x6e, 0x00, 0x62, 0x6f, 0x69, 0x64, 0x6e,
  0x65, 0x69, 0x67, 0x68, 0x62, 0x6f, 0x75, 0x72, 0x73, 0x00, 0x62, 0x62, 0x5f, 0x61, 0x6c, 0x69,
  0x67, 0x6e, 0x00, 0x62, 0x62, 0x5f, 0x75, 0x76, 0x5f, 0x73, 0x70, 0x6c, 0x69, 0x74, 0x00, 0x62,
  0x62, 0x5f, 0x61, 0x6e, 0x69, 0x6d, 0x00, 0x62, 0x62, 0x5f, 0x73, 0x70, 0x6c, 0x69, 0x74, 0x5f,
  0x6f, 0x66, 0x66, 0x73, 0x65, 0x74, 0x00, 0x62, 0x62, 0x5f, 0x74, 0x69, 0x6c, 0x74, 0x00, 0x62,
  0x62, 0x5f, 0x72, 0x61, 0x6e, 0x64, 0x5f, 0x74, 0x69, 0x6c, 0x74, 0x00, 0x62, 0x62, 0x5f, 0x6f,
  0x66, 0x66, 0x73, 0x65, 0x74, 0x5b, 0x32, 0x5d, 0x00, 0x73, 0x69, 0x6d, 0x70, 0x6c, 0x69, 0x66,
  0x79, 0x5f, 0x66, 0x6c, 0x61, 0x67, 0x00, 0x73, 0x69, 0x6d, 0x70, 0x6c, 0x69, 0x66, 0x79, 0x5f,
  0x72, 0x65, 0x66, 0x73, 0x69, 0x7a, 0x65, 0x00, 0x73, 0x69, 0x6d, 0x70, 0x6c, 0x69, 0x66, 0x79,
  0x5f, 0x72, 0x61, 0x74, 0x65, 0x00, 0x73, 0x69, 0x6d, 0x70, 0x6c, 0x69, 0x66, 0x79, 0x5f, 0x74,
  0x72, 0x61, 0x6e, 0x73, 0x69, 0x74, 0x69, 0x6f, 0x6e, 0x00, 0x73, 0x69, 0x6d, 0x70, 0x6c, 0x69,
  0x66, 0x79, 0x5f, 0x76, 0x69, 0x65, 0x77, 0x70, 0x6f, 0x72, 0x74, 0x00, 0x74, 0x69, 0x6d, 0x65,
  0x74, 0x77, 0x65, 0x61, 0x6b, 0x00, 0x6a, 0x69, 0x74, 0x66, 0x61, 0x63, 0x00, 0x6b, 0x65, 0x79,
  0x65, 0x64, 0x5f, 0x74, 0x69, 0x6d, 0x65, 0x00, 0x65, 0x66, 0x66, 0x5f, 0x68, 0x61, 0x69, 0x72,
  0x00, 0x67, 0x72, 0x69, 0x64, 0x5f, 0x72, 0x65, 0x73, 0x00, 0x70, 0x61, 0x72, 0x74, 0x66, 0x61,
  0x63, 0x00, 0x74, 0x61, 0x6e, 0x66, 0x61, 0x63, 0x00, 0x74, 0x61, 0x6e, 0x70, 0x68, 0x61, 0x73,
  0x65, 0x00, 0x72, 0x65, 0x61, 0x63, 0x74, 0x66, 0x61, 0x63, 0x00, 0x61, 0x76, 0x65, 0x66, 0x61,
  0x63, 0x00, 0x70, 0x68, 0x61, 0x73, 0x65, 0x66, 0x61, 0x63, 0x00, 0x72, 0x61, 0x6e, 0x64, 0x72,
  0x6f, 0x74, 0x66, 0x61, 0x63, 0x00, 0x72, 0x61, 0x6e, 0x64, 0x70, 0x68, 0x61, 0x73, 0x65, 0x66,
  0x61, 0x63, 0x00, 0x72, 0x61, 0x6e, 0x64, 0x73, 0x69, 0x7a, 0x65, 0x00, 0x72, 0x65, 0x61, 0x63,
  0x74, 0x73, 0x68, 0x61, 0x70, 0x65, 0x00, 0x61, 0x63, 0x63, 0x5b, 0x33, 0x5d, 0x00, 0x64, 0x72,
  0x61, 0x67, 0x66, 0x61, 0x63, 0x00, 0x62, 0x72, 0x6f, 0x77, 0x6e, 0x66, 0x61, 0x63, 0x00, 0x64,
  0x61, 0x6d, 0x70, 0x66, 0x61, 0x63, 0x00, 0x61, 0x62, 0x73, 0x6c, 0x65, 0x6e, 0x67, 0x74, 0x68,
  0x00, 0x72, 0x61, 0x6e, 0x64, 0x6c, 0x65, 0x6e, 0x67, 0x74, 0x68, 0x00, 0x63, 0x68, 0x69, 0x6c,
  0x64, 0x5f, 0x6e, 0x62, 0x72, 0x00, 0x72, 0x65, 0x6e, 0x5f, 0x63, 0x68, 0x69, 0x6c, 0x64, 0x5f,
  0x6e, 0x62, 0x72, 0x00, 0x70, 0x61, 0x72, 0x65, 0x6e, 0x74, 0x73, 0x00, 0x63, 0x68, 0x69, 0x6c,
  0x64, 0x73, 0x69, 0x7a, 0x65, 0x00, 0x63, 0x68, 0x69, 0x6c, 0x64, 0x72, 0x61, 0x6e, 0x64, 0x73,
  0x69, 0x7a, 0x65, 0x00, 0x63, 0x68, 0x69, 0x6c, 0x64, 0x72, 0x61, 0x64, 0x00, 0x63, 0x68, 0x69,
  0x6c, 0x64, 0x66, 0x6c, 0x61, 0x74, 0x00, 0x63, 0x68, 0x69, 0x6c, 0x64, 0x73, 0x70, 0x72, 0x65,
  0x61, 0x64, 0x00, 0x63, 0x6c, 0x75, 0x6d, 0x70, 0x66, 0x61, 0x63, 0x00, 0x63, 0x6c, 0x75, 0x6d,
  0x70, 0x70, 0x6f, 0x77, 0x00, 0x72, 0x6f, 0x75, 0x67, 0x68, 0x31, 0x00, 0x72, 0x6f, 0x75, 0x67,
  0x68, 0x31, 0x5f, 0x73, 0x69, 0x7a, 0x65, 0x00, 0x72, 0x6f, 0x75, 0x67, 0x68, 0x32, 0x00, 0x72,
  0x6f, 0x75, 0x67, 0x68, 0x32, 0x5f, 0x73, 0x69, 0x7a, 0x65, 0x00, 0x72, 0x6f, 0x75, 0x67, 0x68,
  0x32, 0x5f, 0x74, 0x68, 0x72, 0x65, 0x73, 0x00, 0x72, 0x6f, 0x75, 0x67, 0x68, 0x5f, 0x65, 0x6e,
  0x64, 0x00, 0x72, 0x6f, 0x75, 0x67, 0x68, 0x5f, 0x65, 0x6e, 0x64, 0x5f, 0x73, 0x68, 0x61, 0x70,
  0x65, 0x00, 0x62, 0x72, 0x61, 0x6e, 0x63, 0x68, 0x5f, 0x74, 0x68, 0x72, 0x65, 0x73, 0x00, 0x64,
  0x72, 0x61, 0x77, 0x5f, 0x6c, 0x69, 0x6e, 0x65, 0x5b, 0x32, 0x5d, 0x00, 0x6d, 0x61, 0x78, 0x5f,
  0x76, 0x65, 0x6c, 0x00, 0x6d, 0x61, 0x78, 0x5f, 0x6c, 0x61, 0x74, 0x5f, 0x61, 0x63, 0x63, 0x00,
  0x6d, 0x61, 0x78, 0x5f, 0x74, 0x61, 0x6e, 0x5f, 0x61, 0x63, 0x63, 0x00, 0x61, 0x76, 0x65, 0x72,
  0x61, 0x67, 0x65, 0x5f, 0x76, 0x65, 0x6c, 0x00, 0x62, 0x61, 0x6e, 0x6b, 0x69, 0x6e, 0x67, 0x00,
  0x6d, 0x61, 0x78, 0x5f, 0x62, 0x61, 0x6e, 0x6b, 0x00, 0x67, 0x72, 0x6f, 0x75, 0x6e, 0x64, 0x7a,
  0x00, 0x62, 0x6f, 0x69, 0x64, 0x66, 0x61, 0x63, 0x5b, 0x38, 0x5d, 0x00, 0x62, 0x6f, 0x69, 0x64,
  0x72, 0x75, 0x6c, 0x65, 0x5b, 0x38, 0x5d, 0x00, 0x2a, 0x65, 0x66, 0x66, 0x5f, 0x67, 0x72, 0x6f,
  0x75, 0x70, 0x00, 0x2a, 0x64, 0x75, 0x70, 0x5f, 0x6f, 0x62, 0x00, 0x2a, 0x62, 0x62, 0x5f, 0x6f,
  0x62, 0x00, 0x2a, 0x70, 0x64, 0x32, 0x00, 0x2a, 0x70, 0x61, 0x72, 0x74, 0x00, 0x2a, 0x65, 0x64,
  0x69, 0x74, 0x00, 0x2a, 0x2a, 0x70, 0x61, 0x74, 0x68, 0x63, 0x61, 0x63, 0x68, 0x65, 0x00, 0x2a,
  0x2a, 0x63, 0x68, 0x69, 0x6c, 0x64, 0x63, 0x61, 0x63, 0x68, 0x65, 0x00, 0x70, 0x61, 0x74, 0x68,
  0x63, 0x61, 0x63, 0x68, 0x65, 0x62, 0x75, 0x66, 0x73, 0x00, 0x63, 0x68, 0x69, 0x6c, 0x64, 0x63,
  0x61, 0x63, 0x68, 0x65, 0x62, 0x75, 0x66, 0x73, 0x00, 0x2a, 0x74, 0x61, 0x72, 0x67, 0x65, 0x74,
  0x5f, 0x6f, 0x62, 0x00, 0x2a, 0x6b, 0x65, 0x79, 0x65, 0x64, 0x5f, 0x6f, 0x62, 0x00, 0x2a, 0x6c,
  0x61, 0x74, 0x74, 0x69, 0x63, 0x65, 0x00, 0x65, 0x66, 0x66, 0x65, 0x63, 0x74, 0x6f, 0x72, 0x73,
  0x00, 0x72, 0x65, 0x61, 0x63, 0x74, 0x65, 0x76, 0x65, 0x6e, 0x74, 0x73, 0x00, 0x74, 0x6f, 0x74,
  0x63, 0x68, 0x69, 0x6c, 0x64, 0x00, 0x74, 0x6f, 0x74, 0x63, 0x61, 0x63, 0x68, 0x65, 0x64, 0x00,
  0x74, 0x6f, 0x74, 0x63, 0x68, 0x69, 0x6c, 0x64, 0x63, 0x61, 0x63, 0x68, 0x65, 0x00, 0x74, 0x61,
  0x72, 0x67, 0x65, 0x74, 0x5f, 0x70, 0x73, 0x79, 0x73, 0x00, 0x6b, 0x65, 0x79, 0x65, 0x64, 0x5f,
  0x70, 0x73, 0x79, 0x73, 0x00, 0x74, 0x6f, 0x74, 0x6b, 0x65, 0x79, 0x65, 0x64, 0x00, 0x62, 0x61,
  0x6b, 0x65, 0x73, 0x70, 0x61, 0x63, 0x65, 0x00, 0x62, 0x62, 0x5f, 0x75, 0x76, 0x6e, 0x61, 0x6d,
  0x65, 0x5b, 0x33, 0x5d, 0x5b, 0x33, 0x32, 0x5d, 0x00, 0x76, 0x67, 0x72, 0x6f, 0x75, 0x70, 0x5b,
  0x31, 0x32, 0x5d, 0x00, 0x76, 0x67, 0x5f, 0x6e, 0x65, 0x67, 0x00, 0x72, 0x74, 0x33, 0x00, 0x2a,
  0x72, 0x65, 0x6e, 0x64, 0x65, 0x72, 0x64, 0x61, 0x74, 0x61, 0x00, 0x2a, 0x63, 0x61, 0x63, 0x68,
  0x65, 0x00, 0x43, 0x64, 0x69, 0x73, 0x00, 0x43, 0x76, 0x69, 0x00, 0x5b, 0x33, 0x5d, 0x00, 0x73,
  0x74, 0x72, 0x75, 0x63, 0x74, 0x75, 0x72, 0x61, 0x6c, 0x00, 0x62, 0x65, 0x6e, 0x64, 0x69, 0x6e,
  0x67, 0x00, 0x6d, 0x61, 0x78, 0x5f, 0x62, 0x65, 0x6e, 0x64, 0x00, 0x6d, 0x61, 0x78, 0x5f, 0x73,
  0x74, 0x72, 0x75, 0x63, 0x74, 0x00, 0x6d, 0x61, 0x78, 0x5f, 0x73, 0x68, 0x65, 0x61, 0x72, 0x00,
  0x61, 0x76, 0x67, 0x5f, 0x73, 0x70, 0x72, 0x69, 0x6e, 0x67, 0x5f, 0x6c, 0x65, 0x6e, 0x00, 0x74,
  0x69, 0x6d, 0x65, 0x73, 0x63, 0x61, 0x6c, 0x65, 0x00, 0x65, 0x66, 0x66, 0x5f, 0x66, 0x6f, 0x72,
  0x63, 0x65, 0x5f, 0x73, 0x63, 0x61, 0x6c, 0x65, 0x00, 0x65, 0x66, 0x66, 0x5f, 0x77, 0x69, 0x6e,
  0x64, 0x5f, 0x73, 0x63, 0x61, 0x6c, 0x65, 0x00, 0x73, 0x69, 0x6d, 0x5f, 0x74, 0x69, 0x6d, 0x65,
  0x5f, 0x6f, 0x6c, 0x64, 0x00, 0x73, 0x74, 0x65, 0x70, 0x73, 0x50, 0x65, 0x72, 0x46, 0x72, 0x61,
  0x6d, 0x65, 0x00, 0x70, 0x72, 0x65, 0x72, 0x6f, 0x6c, 0x6c, 0x00, 0x6d, 0x61, 0x78, 0x73, 0x70,
  0x72, 0x69, 0x6e, 0x67, 0x6c, 0x65, 0x6e, 0x00, 0x73, 0x6f, 0x6c, 0x76, 0x65, 0x72, 0x5f, 0x74,
  0x79, 0x70, 0x65, 0x00, 0x76, 0x67, 0x72, 0x6f, 0x75, 0x70, 0x5f, 0x62, 0x65, 0x6e, 0x64, 0x00,
  0x76, 0x67, 0x72, 0x6f, 0x75, 0x70, 0x5f, 0x6d, 0x61, 0x73, 0x73, 0x00, 0x76, 0x67, 0x72, 0x6f,
  0x75, 0x70, 0x5f, 0x73, 0x74, 0x72, 0x75, 0x63, 0x74, 0x00, 0x70, 0x72, 0x65, 0x73, 0x65, 0x74,
  0x73, 0x00, 0x2a, 0x63, 0x6f, 0x6c, 0x6c, 0x69, 0x73, 0x69, 0x6f, 0x6e, 0x5f, 0x6c, 0x69, 0x73,
  0x74, 0x00, 0x65, 0x70, 0x73, 0x69, 0x6c, 0x6f, 0x6e, 0x00, 0x73, 0x65, 0x6c, 0x66, 0x5f, 0x66,
  0x72, 0x69, 0x63, 0x74, 0x69, 0x6f, 0x6e, 0x00, 0x73, 0x65, 0x6c, 0x66, 0x65, 0x70, 0x73, 0x69,
  0x6c, 0x6f, 0x6e, 0x00, 0x73, 0x65, 0x6c, 0x66, 0x5f, 0x6c, 0x6f, 0x6f, 0x70, 0x5f, 0x63, 0x6f,
  0x75, 0x6e, 0x74, 0x00, 0x6c, 0x6f, 0x6f, 0x70, 0x5f, 0x63, 0x6f, 0x75, 0x6e, 0x74, 0x00, 0x70,
  0x72, 0x65, 0x73, 0x73, 0x75, 0x72, 0x65, 0x00, 0x2a, 0x70, 0x6f, 0x69, 0x6e, 0x74, 0x73, 0x00,
  0x74, 0x6f, 0x74, 0x70, 0x6f, 0x69, 0x6e, 0x74, 0x73, 0x00, 0x74, 0x68, 0x69, 0x63, 0x6b, 0x6e,
  0x65, 0x73, 0x73, 0x00, 0x73, 0x74, 0x72, 0x6f, 0x6b, 0x65, 0x73, 0x00, 0x66, 0x72, 0x61, 0x6d,
  0x65, 0x6e, 0x75, 0x6d, 0x00, 0x2a, 0x61, 0x63, 0x74, 0x66, 0x72, 0x61, 0x6d, 0x65, 0x00, 0x67,
  0x73, 0x74, 0x65, 0x70, 0x00, 0x69, 0x6e, 0x66, 0x6f, 0x5b, 0x31, 0x32, 0x38, 0x5d, 0x00, 0x73,
  0x62, 0x75, 0x66, 0x66, 0x65, 0x72, 0x5f, 0x73, 0x69, 0x7a, 0x65, 0x00, 0x73, 0x62, 0x75, 0x66,
  0x66, 0x65, 0x72, 0x5f, 0x73, 0x66, 0x6c, 0x61, 0x67, 0x00, 0x2a, 0x73, 0x62, 0x75, 0x66, 0x66,
  0x65, 0x72, 0x00, 0x00, 0x54, 0x59, 0x50, 0x45, 0x5f, 0x01, 0x00, 0x00, 0x63, 0x68, 0x61, 0x72,
  0x00, 0x75, 0x63, 0x68, 0x61, 0x72, 0x00, 0x73, 0x68, 0x6f, 0x72, 0x74, 0x00, 0x75, 0x73, 0x68,
  0x6f, 0x72, 0x74, 0x00, 0x69, 0x6e, 0x74, 0x00, 0x6c, 0x6f, 0x6e, 0x67, 0x00, 0x75, 0x6c, 0x6f,
  0x6e, 0x67, 0x00, 0x66, 0x6c, 0x6f, 0x61, 0x74, 0x00, 0x64, 0x6f, 0x75, 0x62, 0x6c, 0x65, 0x00,
  0x76, 0x6f, 0x69, 0x64, 0x00, 0x4c, 0x69, 0x6e, 0x6b, 0x00, 0x4c, 0x69, 0x6e, 0x6b, 0x44, 0x61,
  0x74, 0x61, 0x00, 0x4c, 0x69, 0x73, 0x74, 0x42, 0x61, 0x73, 0x65, 0x00, 0x76, 0x65, 0x63, 0x32,
  0x73, 0x00, 0x76, 0x65, 0x63, 0x32, 0x69, 0x00, 0x76, 0x65, 0x63, 0x32, 0x66, 0x00, 0x76, 0x65,
  0x63, 0x32, 0x64, 0x00, 0x76, 0x65, 0x63, 0x33, 0x69, 0x00, 0x76, 0x65, 0x63, 0x33, 0x66, 0x00,
  0x76, 0x65, 0x63, 0x33, 0x64, 0x00, 0x76, 0x65, 0x63, 0x34, 0x69, 0x00, 0x76, 0x65, 0x63, 0x34,
  0x66, 0x00, 0x76, 0x65, 0x63, 0x34, 0x64, 0x00, 0x72, 0x63, 0x74, 0x69, 0x00, 0x72, 0x63, 0x74,
  0x66, 0x00, 0x49, 0x44, 0x50, 0x72, 0x6f, 0x70, 0x65, 0x72, 0x74, 0x79, 0x44, 0x61, 0x74, 0x61,
  0x00, 0x49, 0x44, 0x50, 0x72, 0x6f, 0x70, 0x65, 0x72, 0x74, 0x79, 0x00, 0x49, 0x44, 0x00, 0x4c,
  0x69, 0x62, 0x72, 0x61, 0x72, 0x79, 0x00, 0x46, 0x69, 0x6c, 0x65, 0x44, 0x61, 0x74, 0x61, 0x00,
  0x50, 0x72, 0x65, 0x76, 0x69, 0x65, 0x77, 0x49, 0x6d, 0x61, 0x67, 0x65, 0x00, 0x49, 0x70, 0x6f,
  0x44, 0x72, 0x69, 0x76, 0x65, 0x72, 0x00, 0x4f, 0x62, 0x6a, 0x65, 0x63, 0x74, 0x00, 0x49, 0x70,
  0x6f, 0x43, 0x75, 0x72, 0x76, 0x65, 0x00, 0x42, 0x50, 0x6f, 0x69, 0x6e, 0x74, 0x00, 0x42, 0x65,
  0x7a, 0x54, 0x72, 0x69, 0x70, 0x6c, 0x65, 0x00, 0x49, 0x70, 0x6f, 0x00, 0x4b, 0x65, 0x79, 0x42,
  0x6c, 0x6f, 0x63, 0x6b, 0x00, 0x4b, 0x65, 0x79, 0x00, 0x53, 0x63, 0x72, 0x69, 0x70, 0x74, 0x4c,
  0x69, 0x6e, 0x6b, 0x00, 0x54, 0x65, 0x78, 0x74, 0x4c, 0x69, 0x6e, 0x65, 0x00, 0x54, 0x65, 0x78,
  0x74, 0x4d, 0x61, 0x72, 0x6b, 0x65, 0x72, 0x00, 0x54, 0x65, 0x78, 0x74, 0x00, 0x50, 0x61, 0x63,
  0x6b, 0x65, 0x64, 0x46, 0x69, 0x6c, 0x65, 0x00, 0x43, 0x61, 0x6d, 0x65, 0x72, 0x61, 0x00, 0x49,
  0x6d, 0x61, 0x67, 0x65, 0x55, 0x73, 0x65, 0x72, 0x00, 0x49, 0x6d, 0x61, 0x67, 0x65, 0x00, 0x47,
  0x50, 0x55, 0x54, 0x65, 0x78, 0x74, 0x75, 0x72, 0x65, 0x00, 0x61, 0x6e, 0x69, 0x6d, 0x00, 0x52,
  0x65, 0x6e, 0x64, 0x65, 0x72, 0x52, 0x65, 0x73, 0x75, 0x6c, 0x74, 0x00, 0x4d, 0x54, 0x65, 0x78,
  0x00, 0x54, 0x65, 0x78, 0x00, 0x50, 0x6c, 0x75, 0x67, 0x69, 0x6e, 0x54, 0x65, 0x78, 0x00, 0x43,
  0x42, 0x44, 0x61, 0x74, 0x61, 0x00, 0x43, 0x6f, 0x6c, 0x6f, 0x72, 0x42, 0x61, 0x6e, 0x64, 0x00,
  0x45, 0x6e, 0x76, 0x4d, 0x61, 0x70, 0x00, 0x49, 0x6d, 0x42, 0x75, 0x66, 0x00, 0x54, 0x65, 0x78,
  0x4d, 0x61, 0x70, 0x70, 0x69, 0x6e, 0x67, 0x00, 0x4c, 0x61, 0x6d, 0x70, 0x00, 0x43, 0x75, 0x72,
  0x76, 0x65, 0x4d, 0x61, 0x70, 0x70, 0x69, 0x6e, 0x67, 0x00, 0x57, 0x61, 0x76, 0x65, 0x00, 0x4d,
  0x61, 0x74, 0x65, 0x72, 0x69, 0x61, 0x6c, 0x00, 0x62, 0x4e, 0x6f, 0x64, 0x65, 0x54, 0x72, 0x65,
  0x65, 0x00, 0x47, 0x72, 0x6f, 0x75, 0x70, 0x00, 0x56, 0x46, 0x6f, 0x6e, 0x74, 0x00, 0x56, 0x46,
  0x6f, 0x6e, 0x74, 0x44, 0x61, 0x74, 0x61, 0x00, 0x4d, 0x65, 0x74, 0x61, 0x45, 0x6c, 0x65, 0x6d,
  0x00, 0x42, 0x6f, 0x75, 0x6e, 0x64, 0x42, 0x6f, 0x78, 0x00, 0x4d, 0x65, 0x74, 0x61, 0x42, 0x61,
  0x6c, 0x6c, 0x00, 0x4e, 0x75, 0x72, 0x62, 0x00, 0x43, 0x68, 0x61, 0x72, 0x49, 0x6e, 0x66, 0x6f,
  0x00, 0x54, 0x65, 0x78, 0x74, 0x42, 0x6f, 0x78, 0x00, 0x43, 0x75, 0x72, 0x76, 0x65, 0x00, 0x50,
  0x61, 0x74, 0x68, 0x00, 0x4d, 0x65, 0x73, 0x68, 0x00, 0x4d, 0x46, 0x61, 0x63, 0x65, 0x00, 0x4d,
  0x54, 0x46, 0x61, 0x63, 0x65, 0x00, 0x54, 0x46, 0x61, 0x63, 0x65, 0x00, 0x4d, 0x56, 0x65, 0x72,
  0x74, 0x00, 0x4d, 0x45, 0x64, 0x67, 0x65, 0x00, 0x4d, 0x44, 0x65, 0x66, 0x6f, 0x72, 0x6d, 0x56,
  0x65, 0x72, 0x74, 0x00, 0x4d, 0x43, 0x6f, 0x6c, 0x00, 0x4d, 0x53, 0x74, 0x69, 0x63, 0x6b, 0x79,
  0x00, 0x4d, 0x53, 0x65, 0x6c, 0x65, 0x63, 0x74, 0x00, 0x43, 0x75, 0x73, 0x74, 0x6f, 0x6d, 0x44,
  0x61, 0x74, 0x61, 0x00, 0x4d, 0x75, 0x6c, 0x74, 0x69, 0x72, 0x65, 0x73, 0x00, 0x50, 0x61, 0x72,
  0x74, 0x69, 0x61, 0x6c, 0x56, 0x69, 0x73, 0x69, 0x62, 0x69, 0x6c, 0x69, 0x74, 0x79, 0x00, 0x4d,
  0x44, 0x65, 0x66, 0x6f, 0x72, 0x6d, 0x57, 0x65, 0x69, 0x67, 0x68, 0x74, 0x00, 0x4d, 0x54, 0x65,
  0x78, 0x50, 0x6f, 0x6c, 0x79, 0x00, 0x4d, 0x4c, 0x6f, 0x6f, 0x70, 0x55, 0x56, 0x00, 0x4d, 0x4c,
  0x6f, 0x6f, 0x70, 0x43, 0x6f, 0x6c, 0x00, 0x4d, 0x46, 0x6c, 0x6f, 0x61, 0x74, 0x50, 0x72, 0x6f,
  0x70, 0x65, 0x72, 0x74, 0x79, 0x00, 0x4d, 0x49, 0x6e, 0x74, 0x50, 0x72, 0x6f, 0x70, 0x65, 0x72,
  0x74, 0x79, 0x00, 0x4d, 0x53, 0x74, 0x72, 0x69, 0x6e, 0x67, 0x50, 0x72, 0x6f, 0x70, 0x65, 0x72,
  0x74, 0x79, 0x00, 0x4f, 0x72, 0x69, 0x67, 0x53, 0x70, 0x61, 0x63, 0x65, 0x46, 0x61, 0x63, 0x65,
  0x00, 0x4d, 0x75, 0x6c, 0x74, 0x69, 0x72, 0x65, 0x73, 0x43, 0x6f, 0x6c, 0x00, 0x4d, 0x75, 0x6c,
  0x74, 0x69, 0x72, 0x65, 0x73, 0x43, 0x6f, 0x6c, 0x46, 0x61, 0x63, 0x65, 0x00, 0x4d, 0x75, 0x6c,
  0x74, 0x69, 0x72, 0x65, 0x73, 0x46, 0x61, 0x63, 0x65, 0x00, 0x4d, 0x75, 0x6c, 0x74, 0x69, 0x72,
  0x65, 0x73, 0x45, 0x64, 0x67, 0x65, 0x00, 0x4d, 0x75, 0x6c, 0x74, 0x69, 0x72, 0x65, 0x73, 0x4c,
  0x65, 0x76, 0x65, 0x6c, 0x00, 0x4d, 0x75, 0x6c, 0x74, 0x69, 0x72, 0x65, 0x73, 0x4d, 0x61, 0x70,
  0x4e, 0x6f, 0x64, 0x65, 0x00, 0x4d, 0x6f, 0x64, 0x69, 0x66, 0x69, 0x65, 0x72, 0x44, 0x61, 0x74,
  0x61, 0x00, 0x53, 0x75, 0x62, 0x73, 0x75, 0x72, 0x66, 0x4d, 0x6f, 0x64, 0x69, 0x66, 0x69, 0x65,
  0x72, 0x44, 0x61, 0x74, 0x61, 0x00, 0x4c, 0x61, 0x74, 0x74, 0x69, 0x63, 0x65, 0x4d, 0x6f, 0x64,
  0x69, 0x66, 0x69, 0x65, 0x72, 0x44, 0x61, 0x74, 0x61, 0x00, 0x43, 0x75, 0x72, 0x76, 0x65, 0x4d,
  0x6f, 0x64, 0x69, 0x66, 0x69, 0x65, 0x72, 0x44, 0x61, 0x74, 0x61, 0x00, 0x42, 0x75, 0x69, 0x6c,
  0x64, 0x4d, 0x6f, 0x64, 0x69, 0x66, 0x69, 0x65, 0x72, 0x44, 0x61, 0x74, 0x61, 0x00, 0x4d, 0x61,
  0x73, 0x6b, 0x4d, 0x6f, 0x64, 0x69, 0x66, 0x69, 0x65, 0x72, 0x44, 0x61, 0x74, 0x61, 0x00, 0x41,
  0x72, 0x72, 0x61, 0x79, 0x4d, 0x6f, 0x64, 0x69, 0x66, 0x69, 0x65, 0x72, 0x44, 0x61, 0x74, 0x61,
  0x00, 0x4d, 0x69, 0x72, 0x72, 0x6f, 0x72, 0x4d, 0x6f, 0x64, 0x69, 0x66, 0x69, 0x65, 0x72, 0x44,
  0x61, 0x74, 0x61, 0x00, 0x45, 0x64, 0x67, 0x65, 0x53, 0x70, 0x6c, 0x69, 0x74, 0x4d, 0x6f, 0x64,
  0x69, 0x66, 0x69, 0x65, 0x72, 0x44, 0x61, 0x74, 0x61, 0x00, 0x42, 0x65, 0x76, 0x65, 0x6c, 0x4d,
  0x6f, 0x64, 0x69, 0x66, 0x69, 0x65, 0x72, 0x44, 0x61, 0x74, 0x61, 0x00, 0x42, 0x4d, 0x65, 0x73,
  0x68, 0x4d, 0x6f, 0x64, 0x69, 0x66, 0x69, 0x65, 0x72, 0x44, 0x61, 0x74, 0x61, 0x00, 0x44, 0x69,
  0x73, 0x70, 0x6c, 0x61, 0x63, 0x65, 0x4d, 0x6f, 0x64, 0x69, 0x66, 0x69, 0x65, 0x72, 0x44, 0x61,
  0x74, 0x61, 0x00, 0x55, 0x56, 0x50, 0x72, 0x6f, 0x6a, 0x65, 0x63, 0x74, 0x4d, 0x6f, 0x64, 0x69,
  0x66, 0x69, 0x65, 0x72, 0x44, 0x61, 0x74, 0x61, 0x00, 0x44, 0x65, 0x63, 0x69, 0x6d, 0x61, 0x74,
  0x65, 0x4d, 0x6f, 0x64, 0x69, 0x66, 0x69, 0x65, 0x72, 0x44, 0x61, 0x74, 0x61, 0x00, 0x53, 0x6d,
  0x6f, 0x6f, 0x74, 0x68, 0x4d, 0x6f, 0x64, 0x69, 0x66, 0x69, 0x65, 0x72, 0x44, 0x61, 0x74, 0x61,
  0x00, 0x43, 0x61, 0x73, 0x74, 0x4d, 0x6f, 0x64, 0x69, 0x66, 0x69, 0x65, 0x72, 0x44, 0x61, 0x74,
  0x61, 0x00, 0x57, 0x61, 0x76, 0x65, 0x4d, 0x6f, 0x64, 0x69, 0x66, 0x69, 0x65, 0x72, 0x44, 0x61,
  0x74, 0x61, 0x00, 0x41, 0x72, 0x6d, 0x61, 0x74, 0x75, 0x72, 0x65, 0x4d, 0x6f, 0x64, 0x69, 0x66,
  0x69, 0x65, 0x72, 0x44, 0x61, 0x74, 0x61, 0x00, 0x48, 0x6f, 0x6f, 0x6b, 0x4d, 0x6f, 0x64, 0x69,
  0x66, 0x69, 0x65, 0x72, 0x44, 0x61, 0x74, 0x61, 0x00, 0x53, 0x6f, 0x66, 0x74, 0x62, 0x6f, 0x64,
  0x79, 0x4d, 0x6f, 0x64, 0x69, 0x66, 0x69, 0x65, 0x72, 0x44, 0x61, 0x74, 0x61, 0x00, 0x43, 0x6c,
  0x6f, 0x74, 0x68, 0x4d, 0x6f, 0x64, 0x69, 0x66, 0x69, 0x65, 0x72, 0x44, 0x61, 0x74, 0x61, 0x00,
  0x43, 0x6c, 0x6f, 0x74, 0x68, 0x00, 0x43, 0x6c, 0x6f, 0x74, 0x68, 0x53, 0x69, 0x6d, 0x53, 0x65,
  0x74, 0x74, 0x69, 0x6e, 0x67, 0x73, 0x00, 0x43, 0x6c, 0x6f, 0x74, 0x68, 0x43, 0x6f, 0x6c, 0x6c,
  0x53, 0x65, 0x74, 0x74, 0x69, 0x6e, 0x67, 0x73, 0x00, 0x50, 0x6f, 0x69, 0x6e, 0x74, 0x43, 0x61,
  0x63, 0x68, 0x65, 0x00, 0x43, 0x6f, 0x6c, 0x6c, 0x69, 0x73, 0x69, 0x6f, 0x6e, 0x4d, 0x6f, 0x64,
  0x69, 0x66, 0x69, 0x65, 0x72, 0x44, 0x61, 0x74, 0x61, 0x00, 0x42, 0x56, 0x48, 0x54, 0x72, 0x65,
  0x65, 0x00, 0x42, 0x6f, 0x6f, 0x6c, 0x65, 0x61, 0x6e, 0x4d, 0x6f, 0x64, 0x69, 0x66, 0x69, 0x65,
  0x72, 0x44, 0x61, 0x74, 0x61, 0x00, 0x4d, 0x44, 0x65, 0x66, 0x49, 0x6e, 0x66, 0x6c, 0x75, 0x65,
  0x6e, 0x63, 0x65, 0x00, 0x4d, 0x44, 0x65, 0x66, 0x43, 0x65, 0x6c, 0x6c, 0x00, 0x4d, 0x65, 0x73,
  0x68, 0x44, 0x65, 0x66, 0x6f, 0x72, 0x6d, 0x4d, 0x6f, 0x64, 0x69, 0x66, 0x69, 0x65, 0x72, 0x44,
  0x61, 0x74, 0x61, 0x00, 0x50, 0x61, 0x72, 0x74, 0x69, 0x63, 0x6c, 0x65, 0x53, 0x79, 0x73, 0x74,
  0x65, 0x6d, 0x4d, 0x6f, 0x64, 0x69, 0x66, 0x69, 0x65, 0x72, 0x44, 0x61, 0x74, 0x61, 0x00, 0x50,
  0x61, 0x72, 0x74, 0x69, 0x63, 0x6c, 0x65, 0x53, 0x79, 0x73, 0x74, 0x65, 0x6d, 0x00, 0x44, 0x65,
  0x72, 0x69, 0x76, 0x65, 0x64, 0x4d, 0x65, 0x73, 0x68, 0x00, 0x50, 0x61, 0x72, 0x74, 0x69, 0x63,
  0x6c, 0x65, 0x49, 0x6e, 0x73, 0x74, 0x61, 0x6e, 0x63, 0x65, 0x4d, 0x6f, 0x64, 0x69, 0x66, 0x69,
  0x65, 0x72, 0x44, 0x61, 0x74, 0x61, 0x00, 0x45, 0x78, 0x70, 0x6c, 0x6f, 0x64, 0x65, 0x4d, 0x6f,
  0x64, 0x69, 0x66, 0x69, 0x65, 0x72, 0x44, 0x61, 0x74, 0x61, 0x00, 0x46, 0x6c, 0x75, 0x69, 0x64,
  0x73, 0x69, 0x6d, 0x4d, 0x6f, 0x64, 0x69, 0x66, 0x69, 0x65, 0x72, 0x44, 0x61, 0x74, 0x61, 0x00,
  0x46, 0x6c, 0x75, 0x69, 0x64, 0x73, 0x69, 0x6d, 0x53, 0x65, 0x74, 0x74, 0x69, 0x6e, 0x67, 0x73,
  0x00, 0x53, 0x68, 0x72, 0x69, 0x6e, 0x6b, 0x77, 0x72, 0x61, 0x70, 0x4d, 0x6f, 0x64, 0x69, 0x66,
  0x69, 0x65, 0x72, 0x44, 0x61, 0x74, 0x61, 0x00, 0x53, 0x69, 0x6d, 0x70, 0x6c, 0x65, 0x44, 0x65,
  0x66, 0x6f, 0x72, 0x6d, 0x4d, 0x6f, 0x64, 0x69, 0x66, 0x69, 0x65, 0x72, 0x44, 0x61, 0x74, 0x61,
  0x00, 0x4c, 0x61, 0x74, 0x74, 0x69, 0x63, 0x65, 0x00, 0x62, 0x44, 0x65, 0x66, 0x6f, 0x72, 0x6d,
  0x47, 0x72, 0x6f, 0x75, 0x70, 0x00, 0x62, 0x41, 0x63, 0x74, 0x69, 0x6f, 0x6e, 0x00, 0x62, 0x50,
  0x6f, 0x73, 0x65, 0x00, 0x42, 0x75, 0x6c, 0x6c, 0x65, 0x74, 0x53, 0x6f, 0x66, 0x74, 0x42, 0x6f,
  0x64, 0x79, 0x00, 0x50, 0x61, 0x72, 0x74, 0x44, 0x65, 0x66, 0x6c, 0x65, 0x63, 0x74, 0x00, 0x53,
  0x6f, 0x66, 0x74, 0x42, 0x6f, 0x64, 0x79, 0x00, 0x4f, 0x62, 0x48, 0x6f, 0x6f, 0x6b, 0x00, 0x52,
  0x4e, 0x47, 0x00, 0x53, 0x42, 0x56, 0x65, 0x72, 0x74, 0x65, 0x78, 0x00, 0x42, 0x6f, 0x64, 0x79,
  0x50, 0x6f, 0x69, 0x6e, 0x74, 0x00, 0x42, 0x6f, 0x64, 0x79, 0x53, 0x70, 0x72, 0x69, 0x6e, 0x67,
  0x00, 0x53, 0x42, 0x53, 0x63, 0x72, 0x61, 0x74, 0x63, 0x68, 0x00, 0x57, 0x6f, 0x72, 0x6c, 0x64,
  0x00, 0x52, 0x61, 0x64, 0x69, 0x6f, 0x00, 0x42, 0x61, 0x73, 0x65, 0x00, 0x41, 0x76, 0x69, 0x43,
  0x6f, 0x64, 0x65, 0x63, 0x44, 0x61, 0x74, 0x61, 0x00, 0x51, 0x75, 0x69, 0x63, 0x6b, 0x74, 0x69,
  0x6d, 0x65, 0x43, 0x6f, 0x64, 0x65, 0x63, 0x44, 0x61, 0x74, 0x61, 0x00, 0x46, 0x46, 0x4d, 0x70,
  0x65, 0x67, 0x43, 0x6f, 0x64, 0x65, 0x63, 0x44, 0x61, 0x74, 0x61, 0x00, 0x41, 0x75, 0x64, 0x69,
  0x6f, 0x44, 0x61, 0x74, 0x61, 0x00, 0x53, 0x63, 0x65, 0x6e, 0x65, 0x52, 0x65, 0x6e, 0x64, 0x65,
  0x72, 0x4c, 0x61, 0x79, 0x65, 0x72, 0x00, 0x52, 0x65, 0x6e, 0x64, 0x65, 0x72, 0x44, 0x61, 0x74,
  0x61, 0x00, 0x52, 0x65, 0x6e, 0x64, 0x65, 0x72, 0x50, 0x72, 0x6f, 0x66, 0x69, 0x6c, 0x65, 0x00,
  0x47, 0x61, 0x6d, 0x65, 0x46, 0x72, 0x61, 0x6d, 0x69, 0x6e, 0x67, 0x00, 0x54, 0x69, 0x6d, 0x65,
  0x4d, 0x61, 0x72, 0x6b, 0x65, 0x72, 0x00, 0x49, 0x6d, 0x61, 0x67, 0x65, 0x50, 0x61, 0x69, 0x6e,
  0x74, 0x53, 0x65, 0x74, 0x74, 0x69, 0x6e, 0x67, 0x73, 0x00, 0x42, 0x72, 0x75, 0x73, 0x68, 0x00,
  0x50, 0x61, 0x72, 0x74, 0x69, 0x63, 0x6c, 0x65, 0x42, 0x72, 0x75, 0x73, 0x68, 0x44, 0x61, 0x74,
  0x61, 0x00, 0x50, 0x61, 0x72, 0x74, 0x69, 0x63, 0x6c, 0x65, 0x45, 0x64, 0x69, 0x74, 0x53, 0x65,
  0x74, 0x74, 0x69, 0x6e, 0x67, 0x73, 0x00, 0x54, 0x72, 0x61, 0x6e, 0x73, 0x66, 0x6f, 0x72, 0x6d,
  0x4f, 0x72, 0x69, 0x65, 0x6e, 0x74, 0x61, 0x74, 0x69, 0x6f, 0x6e, 0x00, 0x54, 0x6f, 0x6f, 0x6c,
  0x53, 0x65, 0x74, 0x74, 0x69, 0x6e, 0x67, 0x73, 0x00, 0x42, 0x72, 0x75, 0x73, 0x68, 0x44, 0x61,
  0x74, 0x61, 0x00, 0x53, 0x63, 0x75, 0x6c, 0x70, 0x74, 0x44, 0x61, 0x74, 0x61, 0x00, 0x53, 0x63,
  0x75, 0x6c, 0x70, 0x74, 0x53, 0x65, 0x73, 0x73, 0x69, 0x6f, 0x6e, 0x00, 0x53, 0x63, 0x65, 0x6e,
  0x65, 0x00, 0x44, 0x61, 0x67, 0x46, 0x6f, 0x72, 0x65, 0x73, 0x74, 0x00, 0x42, 0x47, 0x70, 0x69,
  0x63, 0x00, 0x56, 0x69, 0x65, 0x77, 0x33, 0x44, 0x00, 0x53, 0x70, 0x61, 0x63, 0x65, 0x4c, 0x69,
  0x6e, 0x6b, 0x00, 0x53, 0x63, 0x72, 0x41, 0x72, 0x65, 0x61, 0x00, 0x52, 0x65, 0x6e, 0x64, 0x65,
  0x72, 0x49, 0x6e, 0x66, 0x6f, 0x00, 0x52, 0x65, 0x74, 0x6f, 0x70, 0x6f, 0x56, 0x69, 0x65, 0x77,
  0x44, 0x61, 0x74, 0x61, 0x00, 0x56, 0x69, 0x65, 0x77, 0x44, 0x65, 0x70, 0x74, 0x68, 0x73, 0x00,
  0x62, 0x47, 0x50, 0x64, 0x61, 0x74, 0x61, 0x00, 0x56, 0x69, 0x65, 0x77, 0x32, 0x44, 0x00, 0x53,
  0x70, 0x61, 0x63, 0x65, 0x49, 0x6e, 0x66, 0x6f, 0x00, 0x53, 0x70, 0x61, 0x63, 0x65, 0x49, 0x70,
  0x6f, 0x00, 0x53, 0x70, 0x61, 0x63, 0x65, 0x42, 0x75, 0x74, 0x73, 0x00, 0x53, 0x70, 0x61, 0x63,
  0x65, 0x53, 0x65, 0x71, 0x00, 0x53, 0x70, 0x61, 0x63, 0x65, 0x46, 0x69, 0x6c, 0x65, 0x00, 0x64,
  0x69, 0x72, 0x65, 0x6e, 0x74, 0x72, 0x79, 0x00, 0x42, 0x6c, 0x65, 0x6e, 0x64, 0x48, 0x61, 0x6e,
  0x64, 0x6c, 0x65, 0x00, 0x53, 0x70, 0x61, 0x63, 0x65, 0x4f, 0x6f, 0x70, 0x73, 0x00, 0x54, 0x72,
  0x65, 0x65, 0x53, 0x74, 0x6f, 0x72, 0x65, 0x00, 0x54, 0x72, 0x65, 0x65, 0x53, 0x74, 0x6f, 0x72,
  0x65, 0x45, 0x6c, 0x65, 0x6d, 0x00, 0x53, 0x70, 0x61, 0x63, 0x65, 0x49, 0x6d, 0x61, 0x67, 0x65,
  0x00, 0x53, 0x70, 0x61, 0x63, 0x65, 0x4e, 0x6c, 0x61, 0x00, 0x53, 0x70, 0x61, 0x63, 0x65, 0x54,
  0x65, 0x78, 0x74, 0x00, 0x53, 0x63, 0x72, 0x69, 0x70, 0x74, 0x00, 0x53, 0x70, 0x61, 0x63, 0x65,
  0x53, 0x63, 0x72, 0x69, 0x70, 0x74, 0x00, 0x53, 0x70, 0x61, 0x63, 0x65, 0x54, 0x69, 0x6d, 0x65,
  0x00, 0x53, 0x70, 0x61, 0x63, 0x65, 0x4e, 0x6f, 0x64, 0x65, 0x00, 0x53, 0x70, 0x61, 0x63, 0x65,
  0x49, 0x6d, 0x61, 0x53, 0x65, 0x6c, 0x00, 0x46, 0x69, 0x6c, 0x65, 0x4c, 0x69, 0x73, 0x74, 0x00,
  0x54, 0x68, 0x65, 0x6d, 0x65, 0x55, 0x49, 0x00, 0x54, 0x68, 0x65, 0x6d, 0x65, 0x53, 0x70, 0x61,
  0x63, 0x65, 0x00, 0x54, 0x68, 0x65, 0x6d, 0x65, 0x57, 0x69, 0x72, 0x65, 0x43, 0x6f, 0x6c, 0x6f,
  0x72, 0x00, 0x62, 0x54, 0x68, 0x65, 0x6d, 0x65, 0x00, 0x53, 0x6f, 0x6c, 0x69, 0x64, 0x4c, 0x69,
  0x67, 0x68, 0x74, 0x00, 0x55, 0x73, 0x65, 0x72, 0x44, 0x65, 0x66, 0x00, 0x62, 0x53, 0x63, 0x72,
  0x65, 0x65, 0x6e, 0x00, 0x53, 0x63, 0x72, 0x56, 0x65, 0x72, 0x74, 0x00, 0x53, 0x63, 0x72, 0x45,
  0x64, 0x67, 0x65, 0x00, 0x50, 0x61, 0x6e, 0x65, 0x6c, 0x00, 0x46, 0x69, 0x6c, 0x65, 0x47, 0x6c,
  0x6f, 0x62, 0x61, 0x6c, 0x00, 0x53, 0x74, 0x72, 0x69, 0x70, 0x45, 0x6c, 0x65, 0x6d, 0x00, 0x54,
  0x53, 0x74, 0x72, 0x69, 0x70, 0x45, 0x6c, 0x65, 0x6d, 0x00, 0x53, 0x74, 0x72, 0x69, 0x70, 0x43,
  0x72, 0x6f, 0x70, 0x00, 0x53, 0x74, 0x72, 0x69, 0x70, 0x54, 0x72, 0x61, 0x6e, 0x73, 0x66, 0x6f,
  0x72, 0x6d, 0x00, 0x53, 0x74, 0x72, 0x69, 0x70, 0x43, 0x6f, 0x6c, 0x6f, 0x72, 0x42, 0x61, 0x6c,
  0x61, 0x6e, 0x63, 0x65, 0x00, 0x53, 0x74, 0x72, 0x69, 0x70, 0x50, 0x72, 0x6f, 0x78, 0x79, 0x00,
  0x53, 0x74, 0x72, 0x69, 0x70, 0x00, 0x50, 0x6c, 0x75, 0x67, 0x69, 0x6e, 0x53, 0x65, 0x71, 0x00,
  0x53, 0x65, 0x71, 0x75, 0x65, 0x6e, 0x63, 0x65, 0x00, 0x62, 0x53, 0x6f, 0x75, 0x6e, 0x64, 0x00,
  0x68, 0x64, 0x61, 0x75, 0x64, 0x69, 0x6f, 0x00, 0x4d, 0x65, 0x74, 0x61, 0x53, 0x74, 0x61, 0x63,
  0x6b, 0x00, 0x45, 0x64, 0x69, 0x74, 0x69, 0x6e, 0x67, 0x00, 0x57, 0x69, 0x70, 0x65, 0x56, 0x61,
  0x72, 0x73, 0x00, 0x47, 0x6c, 0x6f, 0x77, 0x56, 0x61, 0x72, 0x73, 0x00, 0x54, 0x72, 0x61, 0x6e,
  0x73, 0x66, 0x6f, 0x72, 0x6d, 0x56, 0x61, 0x72, 0x73, 0x00, 0x53, 0x6f, 0x6c, 0x69, 0x64, 0x43,
  0x6f, 0x6c, 0x6f, 0x72, 0x56, 0x61, 0x72, 0x73, 0x00, 0x53, 0x70, 0x65, 0x65, 0x64, 0x43, 0x6f,
  0x6e, 0x74, 0x72, 0x6f, 0x6c, 0x56, 0x61, 0x72, 0x73, 0x00, 0x45, 0x66, 0x66, 0x65, 0x63, 0x74,
  0x00, 0x42, 0x75, 0x69, 0x6c, 0x64, 0x45, 0x66, 0x66, 0x00, 0x50, 0x61, 0x72, 0x74, 0x45, 0x66,
  0x66, 0x00, 0x50, 0x61, 0x72, 0x74, 0x69, 0x63, 0x6c, 0x65, 0x00, 0x57, 0x61, 0x76, 0x65, 0x45,
  0x66, 0x66, 0x00, 0x4f, 0x6f, 0x70, 0x73, 0x00, 0x62, 0x50, 0x72, 0x6f, 0x70, 0x65, 0x72, 0x74,
  0x79, 0x00, 0x62, 0x4e, 0x65, 0x61, 0x72, 0x53, 0x65, 0x6e, 0x73, 0x6f, 0x72, 0x00, 0x62, 0x4d,
  0x6f, 0x75, 0x73, 0x65, 0x53, 0x65, 0x6e, 0x73, 0x6f, 0x72, 0x00, 0x62, 0x54, 0x6f, 0x75, 0x63,
  0x68, 0x53, 0x65, 0x6e, 0x73, 0x6f, 0x72, 0x00, 0x62, 0x4b, 0x65, 0x79, 0x62, 0x6f, 0x61, 0x72,
  0x64, 0x53, 0x65, 0x6e, 0x73, 0x6f, 0x72, 0x00, 0x62, 0x50, 0x72, 0x6f, 0x70, 0x65, 0x72, 0x74,
  0x79, 0x53, 0x65, 0x6e, 0x73, 0x6f, 0x72, 0x00, 0x62, 0x41, 0x63, 0x74, 0x75, 0x61, 0x74, 0x6f,
  0x72, 0x53, 0x65, 0x6e, 0x73, 0x6f, 0x72, 0x00, 0x62, 0x44, 0x65, 0x6c, 0x61, 0x79, 0x53, 0x65,
  0x6e, 0x73, 0x6f, 0x72, 0x00, 0x62, 0x43, 0x6f, 0x6c, 0x6c, 0x69, 0x73, 0x69, 0x6f, 0x6e, 0x53,
  0x65, 0x6e, 0x73, 0x6f, 0x72, 0x00, 0x62, 0x52, 0x61, 0x64, 0x61, 0x72, 0x53, 0x65, 0x6e, 0x73,
  0x6f, 0x72, 0x00, 0x62, 0x52, 0x61, 0x6e, 0x64, 0x6f, 0x6d, 0x53, 0x65, 0x6e, 0x73, 0x6f, 0x72,
  0x00, 0x62, 0x52, 0x61, 0x79, 0x53, 0x65, 0x6e, 0x73, 0x6f, 0x72, 0x00, 0x62, 0x4d, 0x65, 0x73,
  0x73, 0x61, 0x67, 0x65, 0x53, 0x65, 0x6e, 0x73, 0x6f, 0x72, 0x00, 0x62, 0x53, 0x65, 0x6e, 0x73,
  0x6f, 0x72, 0x00, 0x62, 0x43, 0x6f, 0x6e, 0x74, 0x72, 0x6f, 0x6c, 0x6c, 0x65, 0x72, 0x00, 0x62,
  0x4a, 0x6f, 0x79, 0x73, 0x74, 0x69, 0x63, 0x6b, 0x53, 0x65, 0x6e, 0x73, 0x6f, 0x72, 0x00, 0x62,
  0x45, 0x78, 0x70, 0x72, 0x65, 0x73, 0x73, 0x69, 0x6f, 0x6e, 0x43, 0x6f, 0x6e, 0x74, 0x00, 0x62,
  0x50, 0x79, 0x74, 0x68, 0x6f, 0x6e, 0x43, 0x6f, 0x6e, 0x74, 0x00, 0x62, 0x41, 0x63, 0x74, 0x75,
  0x61, 0x74, 0x6f, 0x72, 0x00, 0x62, 0x41, 0x64, 0x64, 0x4f, 0x62, 0x6a, 0x65, 0x63, 0x74, 0x41,
  0x63, 0x74, 0x75, 0x61, 0x74, 0x6f, 0x72, 0x00, 0x62, 0x41, 0x63, 0x74, 0x69, 0x6f, 0x6e, 0x41,
  0x63, 0x74, 0x75, 0x61, 0x74, 0x6f, 0x72, 0x00, 0x62, 0x53, 0x6f, 0x75, 0x6e, 0x64, 0x41, 0x63,
  0x74, 0x75, 0x61, 0x74, 0x6f, 0x72, 0x00, 0x62, 0x43, 0x44, 0x41, 0x63, 0x74, 0x75, 0x61, 0x74,
  0x6f, 0x72, 0x00, 0x62, 0x45, 0x64, 0x69, 0x74, 0x4f, 0x62, 0x6a, 0x65, 0x63, 0x74, 0x41, 0x63,
  0x74, 0x75, 0x61, 0x74, 0x6f, 0x72, 0x00, 0x62, 0x53, 0x63, 0x65, 0x6e, 0x65, 0x41, 0x63, 0x74,
  0x75, 0x61, 0x74, 0x6f, 0x72, 0x00, 0x62, 0x50, 0x72, 0x6f, 0x70, 0x65, 0x72, 0x74, 0x79, 0x41,
  0x63, 0x74, 0x75, 0x61, 0x74, 0x6f, 0x72, 0x00, 0x62, 0x4f, 0x62, 0x6a, 0x65, 0x63, 0x74, 0x41,
  0x63, 0x74, 0x75, 0x61, 0x74, 0x6f, 0x72, 0x00, 0x62, 0x49, 0x70, 0x6f, 0x41, 0x63, 0x74, 0x75,
  0x61, 0x74, 0x6f, 0x72, 0x00, 0x62, 0x43, 0x61, 0x6d, 0x65, 0x72, 0x61, 0x41, 0x63, 0x74, 0x75,
  0x61, 0x74, 0x6f, 0x72, 0x00, 0x62, 0x43, 0x6f, 0x6e, 0x73, 0x74, 0x72, 0x61, 0x69, 0x6e, 0x74,
  0x41, 0x63, 0x74, 0x75, 0x61, 0x74, 0x6f, 0x72, 0x00, 0x62, 0x47, 0x72, 0x6f, 0x75, 0x70, 0x41,
  0x63, 0x74, 0x75, 0x61, 0x74, 0x6f, 0x72, 0x00, 0x62, 0x52, 0x61, 0x6e, 0x64, 0x6f, 0x6d, 0x41,
  0x63, 0x74, 0x75, 0x61, 0x74, 0x6f, 0x72, 0x00, 0x62, 0x4d, 0x65, 0x73, 0x73, 0x61, 0x67, 0x65,
  0x41, 0x63, 0x74, 0x75, 0x61, 0x74, 0x6f, 0x72, 0x00, 0x62, 0x47, 0x61, 0x6d, 0x65, 0x41, 0x63,
  0x74, 0x75, 0x61, 0x74, 0x6f, 0x72, 0x00, 0x62, 0x56, 0x69, 0x73, 0x69, 0x62, 0x69, 0x6c, 0x69,
  0x74, 0x79, 0x41, 0x63, 0x74, 0x75, 0x61, 0x74, 0x6f, 0x72, 0x00, 0x62, 0x54, 0x77, 0x6f, 0x44,
  0x46, 0x69, 0x6c, 0x74, 0x65, 0x72, 0x41, 0x63, 0x74, 0x75, 0x61, 0x74, 0x6f, 0x72, 0x00, 0x62,
  0x50, 0x61, 0x72, 0x65, 0x6e, 0x74, 0x41, 0x63, 0x74, 0x75, 0x61, 0x74, 0x6f, 0x72, 0x00, 0x62,
  0x53, 0x74, 0x61, 0x74, 0x65, 0x41, 0x63, 0x74, 0x75, 0x61, 0x74, 0x6f, 0x72, 0x00, 0x46, 0x72,
  0x65, 0x65, 0x43, 0x61, 0x6d, 0x65, 0x72, 0x61, 0x00, 0x62, 0x53, 0x61, 0x6d, 0x70, 0x6c, 0x65,
  0x00, 0x62, 0x53, 0x6f, 0x75, 0x6e, 0x64, 0x4c, 0x69, 0x73, 0x74, 0x65, 0x6e, 0x65, 0x72, 0x00,
  0x53, 0x70, 0x61, 0x63, 0x65, 0x53, 0x6f, 0x75, 0x6e, 0x64, 0x00, 0x47, 0x72, 0x6f, 0x75, 0x70,
  0x4f, 0x62, 0x6a, 0x65, 0x63, 0x74, 0x00, 0x42, 0x6f, 0x6e, 0x65, 0x00, 0x62, 0x41, 0x72, 0x6d,
  0x61, 0x74, 0x75, 0x72, 0x65, 0x00, 0x62, 0x50, 0x6f, 0x73, 0x65, 0x43, 0x68, 0x61, 0x6e, 0x6e,
  0x65, 0x6c, 0x00, 0x62, 0x41, 0x63, 0x74, 0x69, 0x6f, 0x6e, 0x47, 0x72, 0x6f, 0x75, 0x70, 0x00,
  0x62, 0x41, 0x63, 0x74, 0x69, 0x6f, 0x6e, 0x43, 0x68, 0x61, 0x6e, 0x6e, 0x65, 0x6c, 0x00, 0x53,
  0x70, 0x61, 0x63, 0x65, 0x41, 0x63, 0x74, 0x69, 0x6f, 0x6e, 0x00, 0x62, 0x43, 0x6f, 0x6e, 0x73,
  0x74, 0x72, 0x61, 0x69, 0x6e, 0x74, 0x43, 0x68, 0x61, 0x6e, 0x6e, 0x65, 0x6c, 0x00, 0x62, 0x43,
  0x6f, 0x6e, 0x73, 0x74, 0x72, 0x61, 0x69, 0x6e, 0x74, 0x00, 0x62, 0x43, 0x6f, 0x6e, 0x73, 0x74,
  0x72, 0x61, 0x69, 0x6e, 0x74, 0x54, 0x61, 0x72, 0x67, 0x65, 0x74, 0x00, 0x62, 0x50, 0x79, 0x74,
  0x68, 0x6f, 0x6e, 0x43, 0x6f, 0x6e, 0x73, 0x74, 0x72, 0x61, 0x69, 0x6e, 0x74, 0x00, 0x62, 0x4b,
  0x69, 0x6e, 0x65, 0x6d, 0x61, 0x74, 0x69, 0x63, 0x43, 0x6f, 0x6e, 0x73, 0x74, 0x72, 0x61, 0x69,
  0x6e, 0x74, 0x00, 0x62, 0x54, 0x72, 0x61, 0x63, 0x6b, 0x54, 0x6f, 0x43, 0x6f, 0x6e, 0x73, 0x74,
  0x72, 0x61, 0x69, 0x6e, 0x74, 0x00, 0x62, 0x52, 0x6f, 0x74, 0x61, 0x74, 0x65, 0x4c, 0x69, 0x6b,
  0x65, 0x43, 0x6f, 0x6e, 0x73, 0x74, 0x72, 0x61, 0x69, 0x6e, 0x74, 0x00, 0x62, 0x4c, 0x6f, 0x63,
  0x61, 0x74, 0x65, 0x4c, 0x69, 0x6b, 0x65, 0x43, 0x6f, 0x6e, 0x73, 0x74, 0x72, 0x61, 0x69, 0x6e,
  0x74, 0x00, 0x62, 0x4d, 0x69, 0x6e, 0x4d, 0x61, 0x78, 0x43, 0x6f, 0x6e, 0x73, 0x74, 0x72, 0x61,
  0x69, 0x6e, 0x74, 0x00, 0x62, 0x53, 0x69, 0x7a, 0x65, 0x4c, 0x69, 0x6b, 0x65, 0x43, 0x6f, 0x6e,
  0x73, 0x74, 0x72, 0x61, 0x69, 0x6e, 0x74, 0x00, 0x62, 0x41, 0x63, 0x74, 0x69, 0x6f, 0x6e, 0x43,
  0x6f, 0x6e, 0x73, 0x74, 0x72, 0x61, 0x69, 0x6e, 0x74, 0x00, 0x62, 0x4c, 0x6f, 0x63, 0x6b, 0x54,
  0x72, 0x61, 0x63, 0x6b, 0x43, 0x6f, 0x6e, 0x73, 0x74, 0x72, 0x61, 0x69, 0x6e, 0x74, 0x00, 0x62,
  0x46, 0x6f, 0x6c, 0x6c, 0x6f, 0x77, 0x50, 0x61, 0x74, 0x68, 0x43, 0x6f, 0x6e, 0x73, 0x74, 0x72,
  0x61, 0x69, 0x6e, 0x74, 0x00, 0x62, 0x53, 0x74, 0x72, 0x65, 0x74, 0x63, 0x68, 0x54, 0x6f, 0x43,
  0x6f, 0x6e, 0x73, 0x74, 0x72, 0x61, 0x69, 0x6e, 0x74, 0x00, 0x62, 0x52, 0x69, 0x67, 0x69, 0x64,
  0x42, 0x6f, 0x64, 0x79, 0x4a, 0x6f, 0x69, 0x6e, 0x74, 0x43, 0x6f, 0x6e, 0x73, 0x74, 0x72, 0x61,
  0x69, 0x6e, 0x74, 0x00, 0x62, 0x43, 0x6c, 0x61, 0x6d, 0x70, 0x54, 0x6f, 0x43, 0x6f, 0x6e, 0x73,
  0x74, 0x72, 0x61, 0x69, 0x6e, 0x74, 0x00, 0x62, 0x43, 0x68, 0x69, 0x6c, 0x64, 0x4f, 0x66, 0x43,
  0x6f, 0x6e, 0x73, 0x74, 0x72, 0x61, 0x69, 0x6e, 0x74, 0x00, 0x62, 0x54, 0x72, 0x61, 0x6e, 0x73,
  0x66, 0x6f, 0x72, 0x6d, 0x43, 0x6f, 0x6e, 0x73, 0x74, 0x72, 0x61, 0x69, 0x6e, 0x74, 0x00, 0x62,
  0x4c, 0x6f, 0x63, 0x4c, 0x69, 0x6d, 0x69, 0x74, 0x43, 0x6f, 0x6e, 0x73, 0x74, 0x72, 0x61, 0x69,
  0x6e, 0x74, 0x00, 0x62, 0x52, 0x6f, 0x74, 0x4c, 0x69, 0x6d, 0x69, 0x74, 0x43, 0x6f, 0x6e, 0x73,
  0x74, 0x72, 0x61, 0x69, 0x6e, 0x74, 0x00, 0x62, 0x53, 0x69, 0x7a, 0x65, 0x4c, 0x69, 0x6d, 0x69,
  0x74, 0x43, 0x6f, 0x6e, 0x73, 0x74, 0x72, 0x61, 0x69, 0x6e, 0x74, 0x00, 0x62, 0x44, 0x69, 0x73,
  0x74, 0x4c, 0x69, 0x6d, 0x69, 0x74, 0x43, 0x6f, 0x6e, 0x73, 0x74, 0x72, 0x61, 0x69, 0x6e, 0x74,
  0x00, 0x62, 0x41, 0x63, 0x74, 0x69, 0x6f, 0x6e, 0x4d, 0x6f, 0x64, 0x69, 0x66, 0x69, 0x65, 0x72,
  0x00, 0x62, 0x41, 0x63, 0x74, 0x69, 0x6f, 0x6e, 0x53, 0x74, 0x72, 0x69, 0x70, 0x00, 0x62, 0x4e,
  0x6f, 0x64, 0x65, 0x53, 0x74, 0x61, 0x63, 0x6b, 0x00, 0x62, 0x4e, 0x6f, 0x64, 0x65, 0x53, 0x6f,
  0x63, 0x6b, 0x65, 0x74, 0x00, 0x62, 0x4e, 0x6f, 0x64, 0x65, 0x4c, 0x69, 0x6e, 0x6b, 0x00, 0x62,
  0x4e, 0x6f, 0x64, 0x65, 0x00, 0x62, 0x4e, 0x6f, 0x64, 0x65, 0x50, 0x72, 0x65, 0x76, 0x69, 0x65,
  0x77, 0x00, 0x62, 0x4e, 0x6f, 0x64, 0x65, 0x54, 0x79, 0x70, 0x65, 0x00, 0x4e, 0x6f, 0x64, 0x65,
  0x49, 0x6d, 0x61, 0x67, 0x65, 0x41, 0x6e, 0x69, 0x6d, 0x00, 0x4e, 0x6f, 0x64, 0x65, 0x42, 0x6c,
  0x75, 0x72, 0x44, 0x61, 0x74, 0x61, 0x00, 0x4e, 0x6f, 0x64, 0x65, 0x44, 0x42, 0x6c, 0x75, 0x72,
  0x44, 0x61, 0x74, 0x61, 0x00, 0x4e, 0x6f, 0x64, 0x65, 0x42, 0x69, 0x6c, 0x61, 0x74, 0x65, 0x72,
  0x61, 0x6c, 0x42, 0x6c, 0x75, 0x72, 0x44, 0x61, 0x74, 0x61, 0x00, 0x4e, 0x6f, 0x64, 0x65, 0x48,
  0x75, 0x65, 0x53, 0x61, 0x74, 0x00, 0x4e, 0x6f, 0x64, 0x65, 0x49, 0x6d, 0x61, 0x67, 0x65, 0x46,
  0x69, 0x6c, 0x65, 0x00, 0x4e, 0x6f, 0x64, 0x65, 0x43, 0x68, 0x72, 0x6f, 0x6d, 0x61, 0x00, 0x4e,
  0x6f, 0x64, 0x65, 0x54, 0x77, 0x6f, 0x58, 0x59, 0x73, 0x00, 0x4e, 0x6f, 0x64, 0x65, 0x54, 0x77,
  0x6f, 0x46, 0x6c, 0x6f, 0x61, 0x74, 0x73, 0x00, 0x4e, 0x6f, 0x64, 0x65, 0x47, 0x65, 0x6f, 0x6d,
  0x65, 0x74, 0x72, 0x79, 0x00, 0x4e, 0x6f, 0x64, 0x65, 0x56, 0x65, 0x72, 0x74, 0x65, 0x78, 0x43,
  0x6f, 0x6c, 0x00, 0x4e, 0x6f, 0x64, 0x65, 0x44, 0x65, 0x66, 0x6f, 0x63, 0x75, 0x73, 0x00, 0x4e,
  0x6f, 0x64, 0x65, 0x53, 0x63, 0x72, 0x69, 0x70, 0x74, 0x44, 0x69, 0x63, 0x74, 0x00, 0x4e, 0x6f,
  0x64, 0x65, 0x47, 0x6c, 0x61, 0x72, 0x65, 0x00, 0x4e, 0x6f, 0x64, 0x65, 0x54, 0x6f, 0x6e, 0x65,
  0x6d, 0x61, 0x70, 0x00, 0x4e, 0x6f, 0x64, 0x65, 0x4c, 0x65, 0x6e, 0x73, 0x44, 0x69, 0x73, 0x74,
  0x00, 0x43, 0x75, 0x72, 0x76, 0x65, 0x4d, 0x61, 0x70, 0x50, 0x6f, 0x69, 0x6e, 0x74, 0x00, 0x43,
  0x75, 0x72, 0x76, 0x65, 0x4d, 0x61, 0x70, 0x00, 0x42, 0x72, 0x75, 0x73, 0x68, 0x43, 0x6c, 0x6f,
  0x6e, 0x65, 0x00, 0x43, 0x75, 0x73, 0x74, 0x6f, 0x6d, 0x44, 0x61, 0x74, 0x61, 0x4c, 0x61, 0x79,
  0x65, 0x72, 0x00, 0x48, 0x61, 0x69, 0x72, 0x4b, 0x65, 0x79, 0x00, 0x50, 0x61, 0x72, 0x74, 0x69,
  0x63, 0x6c, 0x65, 0x4b, 0x65, 0x79, 0x00, 0x43, 0x68, 0x69, 0x6c, 0x64, 0x50, 0x61, 0x72, 0x74,
  0x69, 0x63, 0x6c, 0x65, 0x00, 0x50, 0x61, 0x72, 0x74, 0x69, 0x63, 0x6c, 0x65, 0x44, 0x61, 0x74,
  0x61, 0x00, 0x50, 0x61, 0x72, 0x74, 0x69, 0x63, 0x6c, 0x65, 0x53, 0x65, 0x74, 0x74, 0x69, 0x6e,
  0x67, 0x73, 0x00, 0x50, 0x61, 0x72, 0x74, 0x69, 0x63, 0x6c, 0x65, 0x45, 0x64, 0x69, 0x74, 0x00,
  0x50, 0x61, 0x72, 0x74, 0x69, 0x63, 0x6c, 0x65, 0x43, 0x61, 0x63, 0x68, 0x65, 0x4b, 0x65, 0x79,
  0x00, 0x4c, 0x69, 0x6e, 0x6b, 0x4e, 0x6f, 0x64, 0x65, 0x00, 0x62, 0x47, 0x50, 0x44, 0x73, 0x70,
  0x6f, 0x69, 0x6e, 0x74, 0x00, 0x62, 0x47, 0x50, 0x44, 0x73, 0x74, 0x72, 0x6f, 0x6b, 0x65, 0x00,
  0x62, 0x47, 0x50, 0x44, 0x66, 0x72, 0x61, 0x6d, 0x65, 0x00, 0x62, 0x47, 0x50, 0x44, 0x6c, 0x61,
  0x79, 0x65, 0x72, 0x00, 0x54, 0x4c, 0x45, 0x4e, 0x01, 0x00, 0x01, 0x00, 0x02, 0x00, 0x02, 0x00,
  0x04, 0x00, 0x04, 0x00, 0x04, 0x00, 0x04, 0x00, 0x08, 0x00, 0x00, 0x00, 0x08, 0x00, 0x0c, 0x00,
  0x08, 0x00, 0x04, 0x00, 0x08, 0x00, 0x08, 0x00, 0x10, 0x00, 0x0c, 0x00, 0x0c, 0x00, 0x18, 0x00,
  0x10, 0x00, 0x10, 0x00, 0x20, 0x00, 0x10, 0x00, 0x10, 0x00, 0x14, 0x00, 0x4c, 0x00, 0x34, 0x00,
  0x28, 0x02, 0x00, 0x00, 0x20, 0x00, 0x8c, 0x00, 0x48, 0x03, 0x5c, 0x00, 0x24, 0x00, 0x38, 0x00,
  0x54, 0x00, 0x70, 0x00, 0x78, 0x00, 0x10, 0x00, 0x18, 0x00, 0x28, 0x00, 0x78, 0x00, 0x14, 0x00,
  0x84, 0x00, 0x20, 0x00, 0x80, 0x01, 0x00, 0x00, 0x00, 0x00, 0x00, 0x00, 0x88, 0x00, 0x04, 0x01,
  0x54, 0x01, 0x18, 0x00, 0x08, 0x03, 0xa8, 0x00, 0x00, 0x00, 0x84, 0x00, 0x80, 0x01, 0x08, 0x01,
  0x38, 0x00, 0x6c, 0x02, 0x7c, 0x00, 0x4c, 0x00, 0x44, 0x01, 0x00, 0x00, 0x6c, 0x00, 0x68, 0x00,
  0x88, 0x00, 0x38, 0x00, 0x08, 0x00, 0x10, 0x00, 0x38, 0x01, 0x00, 0x00, 0x18, 0x01, 0x14, 0x00,
  0x2c, 0x00, 0x3c, 0x00, 0x18, 0x00, 0x0c, 0x00, 0x0c, 0x00, 0x04, 0x00, 0x08, 0x00, 0x08, 0x00,
  0x18, 0x00, 0x4c, 0x00, 0x20, 0x00, 0x08, 0x00, 0x0c, 0x00, 0x08, 0x00, 0x08, 0x00, 0x04, 0x00,
  0x04, 0x00, 0x00, 0x01, 0x20, 0x00, 0x10, 0x00, 0x40, 0x00, 0x18, 0x00, 0x0c, 0x00, 0x38, 0x00,
  0x00, 0x00, 0x34, 0x00, 0x44, 0x00, 0x58, 0x00, 0x60, 0x00, 0x44, 0x00, 0x60, 0x00, 0x74, 0x00,
  0x40, 0x00, 0x3c, 0x00, 0x6c, 0x00, 0x3c, 0x00, 0x94, 0x00, 0x98, 0x00, 0x3c, 0x00, 0x5c, 0x00,
  0x68, 0x00, 0xb8, 0x00, 0x64, 0x00, 0xb4, 0x00, 0x34, 0x00, 0x44, 0x00, 0x00, 0x00, 0x84, 0x00,
  0x1c, 0x00, 0x14, 0x00, 0x64, 0x00, 0x00, 0x00, 0x40, 0x00, 0x08, 0x00, 0x08, 0x00, 0xd8, 0x00,
  0x4c, 0x00, 0x40, 0x01, 0x00, 0x00, 0x40, 0x00, 0x40, 0x00, 0x3c, 0x00, 0xa4, 0x01, 0x6c, 0x00,
  0x68, 0x00, 0x74, 0x00, 0x28, 0x00, 0x54, 0x00, 0x38, 0x00, 0x70, 0x00, 0x80, 0x00, 0x98, 0x00,
  0xd0, 0x00, 0x00, 0x00, 0x10, 0x00, 0x00, 0x00, 0x00, 0x00, 0x00, 0x00, 0x64, 0x01, 0x28, 0x00,
  0x1c, 0x00, 0xb0, 0x00, 0x90, 0x00, 0x34, 0x00, 0x10, 0x00, 0x48, 0x00, 0xb4, 0x03, 0x38, 0x00,
  0x10, 0x00, 0x50, 0x00, 0x0c, 0x00, 0xb8, 0x00, 0x08, 0x00, 0x48, 0x00, 0x50, 0x00, 0xbc, 0x00,
  0x08, 0x00, 0xa8, 0x00, 0x00, 0x00, 0x60, 0x05, 0x00, 0x00, 0x3c, 0x00, 0x1c, 0x03, 0x24, 0x00,
  0xcc, 0x00, 0x00, 0x00, 0x00, 0x00, 0x00, 0x00, 0x14, 0x00, 0x88, 0x00, 0x24, 0x00, 0x58, 0x01,
  0xdc, 0x00, 0xc8, 0x00, 0xc8, 0x01, 0x00, 0x00, 0x00, 0x00, 0x08, 0x01, 0x0c, 0x00, 0x0c, 0x00,
  0x08, 0x01, 0xb4, 0x00, 0x80, 0x00, 0x50, 0x02, 0x24, 0x00, 0xa4, 0x00, 0xdc, 0x00, 0x84, 0x02,
  0x00, 0x00, 0x98, 0x00, 0xd0, 0x00, 0x10, 0x00, 0x38, 0x0e, 0x38, 0x00, 0x20, 0x0c, 0x78, 0x00,
  0x14, 0x00, 0x18, 0x00, 0xe4, 0x00, 0x20, 0x00, 0x50, 0x00, 0x1c, 0x00, 0x10, 0x00, 0x08, 0x00,
  0x34, 0x00, 0xa0, 0x00, 0xf0, 0x00, 0xa8, 0x01, 0xcc, 0x00, 0x1c, 0x01, 0x00, 0x00, 0x10, 0x00,
  0x1c, 0x00, 0x0c, 0x00, 0x18, 0x00, 0x30, 0x00, 0x10, 0x00, 0x14, 0x00, 0x10, 0x00, 0x18, 0x00,
  0x38, 0x01, 0x00, 0x00, 0x38, 0x00, 0x2c, 0x00, 0x40, 0x00, 0x30, 0x00, 0x08, 0x00, 0x2c, 0x00,
  0x48, 0x00, 0x68, 0x00, 0x28, 0x00, 0x08, 0x00, 0x48, 0x00, 0x2c, 0x00, 0x28, 0x00, 0x6c, 0x00,
  0x44, 0x00, 0x4c, 0x00, 0x50, 0x00, 0x3c, 0x00, 0x80, 0x00, 0x04, 0x00, 0x3c, 0x00, 0x0c, 0x00,
  0x5c, 0x00, 0x1c, 0x00, 0x14, 0x00, 0x50, 0x00, 0x10, 0x00, 0x4c, 0x00, 0x68, 0x00, 0x54, 0x00,
  0x1c, 0x00, 0x60, 0x00, 0x3c, 0x00, 0x38, 0x00, 0x6c, 0x00, 0x8c, 0x00, 0x04, 0x00, 0x14, 0x00,
  0x0c, 0x00, 0x08, 0x00, 0x28, 0x00, 0x00, 0x00, 0x44, 0x00, 0xb0, 0x00, 0x18, 0x00, 0x04, 0x01,
  0x74, 0x00, 0x98, 0x01, 0x48, 0x00, 0x40, 0x00, 0xc0, 0x00, 0x2c, 0x00, 0x40, 0x00, 0x74, 0x00,
  0x3c, 0x00, 0x68, 0x00, 0x34, 0x00, 0x2c, 0x00, 0x2c, 0x00, 0x44, 0x00, 0x2c, 0x00, 0x40, 0x00,
  0x2c, 0x00, 0x14, 0x00, 0x34, 0x00, 0x60, 0x00, 0x0c, 0x00, 0x6c, 0x00, 0x5c, 0x00, 0x1c, 0x00,
  0x1c, 0x00, 0x1c, 0x00, 0x34, 0x00, 0x3c, 0x00, 0x8c, 0x00, 0x24, 0x00, 0x78, 0x00, 0x18, 0x00,
  0xc4, 0x00, 0x00, 0x00, 0x00, 0x00, 0x10, 0x00, 0x28, 0x00, 0x1c, 0x00, 0x0c, 0x00, 0x0c, 0x00,
  0x10, 0x01, 0x28, 0x00, 0x08, 0x00, 0x08, 0x00, 0x40, 0x00, 0x20, 0x00, 0x18, 0x00, 0x08, 0x00,
  0x18, 0x00, 0x20, 0x00, 0x08, 0x00, 0x0c, 0x00, 0x2c, 0x00, 0x14, 0x00, 0x3c, 0x00, 0x18, 0x00,
  0x38, 0x00, 0x48, 0x00, 0xfc, 0x00, 0xe0, 0x01, 0x00, 0x00, 0x00, 0x00, 0x00, 0x00, 0x10, 0x00,
  0x14, 0x00, 0x18, 0x00, 0xac, 0x00, 0x00, 0x00, 0x53, 0x54, 0x52, 0x43, 0x36, 0x01, 0x00, 0x00,
  0x0a, 0x00, 0x02, 0x00, 0x0a, 0x00, 0x00, 0x00, 0x0a, 0x00, 0x01, 0x00, 0x0b, 0x00, 0x03, 0x00,
  0x0b, 0x00, 0x00, 0x00, 0x0b, 0x00, 0x01, 0x00, 0x09, 0x00, 0x02, 0x00, 0x0c, 0x00, 0x02, 0x00,
  0x09, 0x00, 0x03, 0x00, 0x09, 0x00, 0x04, 0x00, 0x0d, 0x00, 0x02, 0x00, 0x02, 0x00, 0x05, 0x00,
  0x02, 0x00, 0x06, 0x00, 0x0e, 0x00, 0x02, 0x00, 0x04, 0x00, 0x05, 0x00, 0x04, 0x00, 0x06, 0x00,
  0x0f, 0x00, 0x02, 0x00, 0x07, 0x00, 0x05, 0x00, 0x07, 0x00, 0x06, 0x00, 0x10, 0x00, 0x02, 0x00,
  0x08, 0x00, 0x05, 0x00, 0x08, 0x00, 0x06, 0x00, 0x11, 0x00, 0x03, 0x00, 0x04, 0x00, 0x05, 0x00,
  0x04, 0x00, 0x06, 0x00, 0x04, 0x00, 0x07, 0x00, 0x12, 0x00, 0x03, 0x00, 0x07, 0x00, 0x05, 0x00,
  0x07, 0x00, 0x06, 0x00, 0x07, 0x00, 0x07, 0x00, 0x13, 0x00, 0x03, 0x00, 0x08, 0x00, 0x05, 0x00,
  0x08, 0x00, 0x06, 0x00, 0x08, 0x00, 0x07, 0x00, 0x14, 0x00, 0x04, 0x00, 0x04, 0x00, 0x05, 0x00,
  0x04, 0x00, 0x06, 0x00, 0x04, 0x00, 0x07, 0x00, 0x04, 0x00, 0x08, 0x00, 0x15, 0x00, 0x04, 0x00,
  0x07, 0x00, 0x05, 0x00, 0x07, 0x00, 0x06, 0x00, 0x07, 0x00, 0x07, 0x00, 0x07, 0x00, 0x08, 0x00,
  0x16, 0x00, 0x04, 0x00, 0x08, 0x00, 0x05, 0x00, 0x08, 0x00, 0x06, 0x00, 0x08, 0x00, 0x07, 0x00,
  0x08, 0x00, 0x08, 0x00, 0x17, 0x00, 0x04, 0x00, 0x04, 0x00, 0x09, 0x00, 0x04, 0x00, 0x0a, 0x00,
  0x04, 0x00, 0x0b, 0x00, 0x04, 0x00, 0x0c, 0x00, 0x18, 0x00, 0x04, 0x00, 0x07, 0x00, 0x09, 0x00,
  0x07, 0x00, 0x0a, 0x00, 0x07, 0x00, 0x0b, 0x00, 0x07, 0x00, 0x0c, 0x00, 0x19, 0x00, 0x04, 0x00,
  0x09, 0x00, 0x0d, 0x00, 0x0c, 0x00, 0x0e, 0x00, 0x04, 0x00, 0x0f, 0x00, 0x04, 0x00, 0x10, 0x00,
  0x1a, 0x00, 0x0a, 0x00, 0x1a, 0x00, 0x00, 0x00, 0x1a, 0x00, 0x01, 0x00, 0x00, 0x00, 0x11, 0x00,
  0x00, 0x00, 0x12, 0x00, 0x00, 0x00, 0x13, 0x00, 0x02, 0x00, 0x14, 0x00, 0x04, 0x00, 0x15, 0x00,
  0x19, 0x00, 0x16, 0x00, 0x04, 0x00, 0x17, 0x00, 0x04, 0x00, 0x18, 0x00, 0x1b, 0x00, 0x09, 0x00,
  0x09, 0x00, 0x00, 0x00, 0x09, 0x00, 0x01, 0x00, 0x1b, 0x00, 0x19, 0x00, 0x1c, 0x00, 0x1a, 0x00,
  0x00, 0x00, 0x1b, 0x00, 0x02, 0x00, 0x1c, 0x00, 0x02, 0x00, 0x14, 0x00, 0x04, 0x00, 0x1d, 0x00,
  0x1a, 0x00, 0x1e, 0x00, 0x1c, 0x00, 0x08, 0x00, 0x1b, 0x00, 0x1f, 0x00, 0x1b, 0x00, 0x20, 0x00,
  0x1d, 0x00, 0x21, 0x00, 0x00, 0x00, 0x22, 0x00, 0x00, 0x00, 0x23, 0x00, 0x04, 0x00, 0x24, 0x00,
  0x04, 0x00, 0x25, 0x00, 0x1c, 0x00, 0x26, 0x00, 0x1e, 0x00, 0x06, 0x00, 0x04, 0x00, 0x27, 0x00,
  0x04, 0x00, 0x28, 0x00, 0x02, 0x00, 0x29, 0x00, 0x02, 0x00, 0x2a, 0x00, 0x02, 0x00, 0x2b, 0x00,
  0x04, 0x00, 0x2c, 0x00, 0x1f, 0x00, 0x06, 0x00, 0x20, 0x00, 0x2d, 0x00, 0x02, 0x00, 0x2e, 0x00,
  0x02, 0x00, 0x2f, 0x00, 0x02, 0x00, 0x12, 0x00, 0x02, 0x00, 0x14, 0x00, 0x00, 0x00, 0x30, 0x00,
  0x21, 0x00, 0x15, 0x00, 0x21, 0x00, 0x00, 0x00, 0x21, 0x00, 0x01, 0x00, 0x22, 0x00, 0x31, 0x00,
  0x23, 0x00, 0x32, 0x00, 0x18, 0x00, 0x33, 0x00, 0x18, 0x00, 0x34, 0x00, 0x02, 0x00, 0x2e, 0x00,
  0x02, 0x00, 0x2f, 0x00, 0x02, 0x00, 0x35, 0x00, 0x02, 0x00, 0x36, 0x00, 0x02, 0x00, 0x37, 0x00,
  0x02, 0x00, 0x38, 0x00, 0x02, 0x00, 0x14, 0x00, 0x02, 0x00, 0x39, 0x00, 0x07, 0x00, 0x0b, 0x00,
  0x07, 0x00, 0x0c, 0x00, 0x04, 0x00, 0x3a, 0x00, 0x07, 0x00, 0x3b, 0x00, 0x07, 0x00, 0x3c, 0x00,
  0x07, 0x00, 0x3d, 0x00, 0x1f, 0x00, 0x3e, 0x00, 0x24, 0x00, 0x07, 0x00, 0x1b, 0x00, 0x1f, 0x00,
  0x0c, 0x00, 0x3f, 0x00, 0x18, 0x00, 0x40, 0x00, 0x02, 0x00, 0x2e, 0x00, 0x02, 0x00, 0x41, 0x00,
  0x02, 0x00, 0x42, 0x00, 0x02, 0x00, 0x25, 0x00, 0x25, 0x00, 0x10, 0x00, 0x25, 0x00, 0x00, 0x00,
  0x25, 0x00, 0x01, 0x00, 0x07, 0x00, 0x43, 0x00, 0x07, 0x00, 0x3d, 0x00, 0x02, 0x00, 0x12, 0x00,
  0x02, 0x00, 0x2f, 0x00, 0x02, 0x00, 0x44, 0x00, 0x02, 0x00, 0x14, 0x00, 0x04, 0x00, 0x45, 0x00,
  0x04, 0x00, 0x46, 0x00, 0x09, 0x00, 0x02, 0x00, 0x07, 0x00, 0x47, 0x00, 0x00, 0x00, 0x11, 0x00,
  0x00, 0x00, 0x48, 0x00, 0x07, 0x00, 0x49, 0x00, 0x07, 0x00, 0x4a, 0x00, 0x26, 0x00, 0x0c, 0x00,
  0x1b, 0x00, 0x1f, 0x00, 0x25, 0x00, 0x4b, 0x00, 0x00, 0x00, 0x4c, 0x00, 0x04, 0x00, 0x4d, 0x00,
  0x07, 0x00, 0x3d, 0x00, 0x0c, 0x00, 0x4e, 0x00, 0x24, 0x00, 0x4f, 0x00, 0x1b, 0x00, 0x50, 0x00,
  0x02, 0x00, 0x12, 0x00, 0x02, 0x00, 0x51, 0x00, 0x02, 0x00, 0x52, 0x00, 0x02, 0x00, 0x14, 0x00,
  0x27, 0x00, 0x05, 0x00, 0x1b, 0x00, 0x53, 0x00, 0x02, 0x00, 0x54, 0x00, 0x02, 0x00, 0x55, 0x00,
  0x02, 0x00, 0x56, 0x00, 0x04, 0x00, 0x25, 0x00, 0x28, 0x00, 0x06, 0x00, 0x28, 0x00, 0x00, 0x00,
  0x28, 0x00, 0x01, 0x00, 0x00, 0x00, 0x57, 0x00, 0x00, 0x00, 0x58, 0x00, 0x04, 0x00, 0x17, 0x00,
  0x04, 0x00, 0x59, 0x00, 0x29, 0x00, 0x0a, 0x00, 0x29, 0x00, 0x00, 0x00, 0x29, 0x00, 0x01, 0x00,
  0x04, 0x00, 0x5a, 0x00, 0x04, 0x00, 0x5b, 0x00, 0x04, 0x00, 0x5c, 0x00, 0x04, 0x00, 0x2b, 0x00,
  0x04, 0x00, 0x0e, 0x00, 0x04, 0x00, 0x5d, 0x00, 0x00, 0x00, 0x5e, 0x00, 0x00, 0x00, 0x5f, 0x00,
  0x2a, 0x00, 0x0f, 0x00, 0x1b, 0x00, 0x1f, 0x00, 0x00, 0x00, 0x60, 0x00, 0x04, 0x00, 0x5d, 0x00,
  0x04, 0x00, 0x61, 0x00, 0x0c, 0x00, 0x62, 0x00, 0x28, 0x00, 0x63, 0x00, 0x28, 0x00, 0x64, 0x00,
  0x04, 0x00, 0x65, 0x00, 0x04, 0x00, 0x66, 0x00, 0x0c, 0x00, 0x67, 0x00, 0x00, 0x00, 0x68, 0x00,
  0x04, 0x00, 0x69, 0x00, 0x04, 0x00, 0x6a, 0x00, 0x09, 0x00, 0x6b, 0x00, 0x08, 0x00, 0x6c, 0x00,
  0x2b, 0x00, 0x05, 0x00, 0x04, 0x00, 0x6d, 0x00, 0x04, 0x00, 0x6e, 0x00, 0x04, 0x00, 0x5d, 0x00,
  0x04, 0x00, 0x25, 0x00, 0x09, 0x00, 0x02, 0x00, 0x2c, 0x00, 0x14, 0x00, 0x1b, 0x00, 0x1f, 0x00,
  0x02, 0x00, 0x12, 0x00, 0x02, 0x00, 0x14, 0x00, 0x07, 0x00, 0x6f, 0x00, 0x07, 0x00, 0x70, 0x00,
  0x07, 0x00, 0x71, 0x00, 0x07, 0x00, 0x72, 0x00, 0x07, 0x00, 0x73, 0x00, 0x07, 0x00, 0x74, 0x00,
  0x07, 0x00, 0x75, 0x00, 0x07, 0x00, 0x76, 0x00, 0x07, 0x00, 0x77, 0x00, 0x07, 0x00, 0x78, 0x00,
  0x07, 0x00, 0x79, 0x00, 0x02, 0x00, 0x7a, 0x00, 0x02, 0x00, 0x7b, 0x00, 0x07, 0x00, 0x7c, 0x00,
  0x24, 0x00, 0x4f, 0x00, 0x27, 0x00, 0x7d, 0x00, 0x20, 0x00, 0x7e, 0x00, 0x2d, 0x00, 0x0c, 0x00,
  0x04, 0x00, 0x7f, 0x00, 0x04, 0x00, 0x80, 0x00, 0x04, 0x00, 0x81, 0x00, 0x04, 0x00, 0x82, 0x00,
  0x02, 0x00, 0x83, 0x00, 0x02, 0x00, 0x84, 0x00, 0x02, 0x00, 0x14, 0x00, 0x02, 0x00, 0x85, 0x00,
  0x02, 0x00, 0x86, 0x00, 0x02, 0x00, 0x87, 0x00, 0x02, 0x00, 0x88, 0x00, 0x02, 0x00, 0x89, 0x00,
  0x2e, 0x00, 0x20, 0x00, 0x1b, 0x00, 0x1f, 0x00, 0x00, 0x00, 0x22, 0x00, 0x0c, 0x00, 0x8a, 0x00,
  0x2f, 0x00, 0x8b, 0x00, 0x30, 0x00, 0x8c, 0x00, 0x31, 0x00, 0x8d, 0x00, 0x02, 0x00, 0x85, 0x00,
  0x02, 0x00, 0x14, 0x00, 0x02, 0x00, 0x8e, 0x00, 0x02, 0x00, 0x12, 0x00, 0x02, 0x00, 0x25, 0x00,
  0x02, 0x00, 0x2b, 0x00, 0x04, 0x00, 0x8f, 0x00, 0x02, 0x00, 0x90, 0x00, 0x02, 0x00, 0x91, 0x00,
  0x02, 0x00, 0x92, 0x00, 0x02, 0x00, 0x93, 0x00, 0x02, 0x00, 0x94, 0x00, 0x02, 0x00, 0x95, 0x00,
  0x04, 0x00, 0x96, 0x00, 0x04, 0x00, 0x97, 0x00, 0x2b, 0x00, 0x98, 0x00, 0x1e, 0x00, 0x99, 0x00,
  0x07, 0x00, 0x9a, 0x00, 0x04, 0x00, 0x9b, 0x00, 0x02, 0x00, 0x9c, 0x00, 0x02, 0x00, 0x9d, 0x00,
  0x02, 0x00, 0x9e, 0x00, 0x02, 0x00, 0x9f, 0x00, 0x07, 0x00, 0xa0, 0x00, 0x07, 0x00, 0xa1, 0x00,
  0x09, 0x00, 0xa2, 0x00, 0x32, 0x00, 0x1e, 0x00, 0x02, 0x00, 0xa3, 0x00, 0x02, 0x00, 0xa4, 0x00,
  0x02, 0x00, 0xa5, 0x00, 0x02, 0x00, 0xa6, 0x00, 0x20, 0x00, 0xa7, 0x00, 0x33, 0x00, 0xa8, 0x00,
  0x00, 0x00, 0xa9, 0x00, 0x00, 0x00, 0xaa, 0x00, 0x00, 0x00, 0xab, 0x00, 0x00, 0x00, 0xac, 0x00,
  0x00, 0x00, 0xad, 0x00, 0x07, 0x00, 0xae, 0x00, 0x07, 0x00, 0xaf, 0x00, 0x02, 0x00, 0xb0, 0x00,
  0x02, 0x00, 0xb1, 0x00, 0x02, 0x00, 0xb2, 0x00, 0x02, 0x00, 0xb3, 0x00, 0x02, 0x00, 0xb4, 0x00,
  0x02, 0x00, 0xb5, 0x00, 0x07, 0x00, 0xb6, 0x00, 0x07, 0x00, 0xb7, 0x00, 0x07, 0x00, 0xb8, 0x00,
  0x07, 0x00, 0xb9, 0x00, 0x07, 0x00, 0xba, 0x00, 0x07, 0x00, 0x39, 0x00, 0x07, 0x00, 0xbb, 0x00,
  0x07, 0x00, 0xbc, 0x00, 0x07, 0x00, 0xbd, 0x00, 0x07, 0x00, 0xbe, 0x00, 0x07, 0x00, 0xbf, 0x00,
  0x34, 0x00, 0x0f, 0x00, 0x00, 0x00, 0xc0, 0x00, 0x09, 0x00, 0xc1, 0x00, 0x00, 0x00, 0xc2, 0x00,
  0x00, 0x00, 0xc3, 0x00, 0x04, 0x00, 0xc4, 0x00, 0x04, 0x00, 0xc5, 0x00, 0x09, 0x00, 0xc6, 0x00,
  0x07, 0x00, 0xc7, 0x00, 0x07, 0x00, 0xc8, 0x00, 0x07, 0x00, 0xc9, 0x00, 0x04, 0x00, 0xca, 0x00,
  0x09, 0x00, 0xcb, 0x00, 0x09, 0x00, 0xcc, 0x00, 0x04, 0x00, 0xcd, 0x00, 0x04, 0x00, 0x25, 0x00,
  0x35, 0x00, 0x06, 0x00, 0x07, 0x00, 0xb6, 0x00, 0x07, 0x00, 0xb7, 0x00, 0x07, 0x00, 0xb8, 0x00,
  0x07, 0x00, 0xce, 0x00, 0x07, 0x00, 0x43, 0x00, 0x04, 0x00, 0x40, 0x00, 0x36, 0x00, 0x05, 0x00,
  0x02, 0x00, 0x14, 0x00, 0x02, 0x00, 0x24, 0x00, 0x02, 0x00, 0x40, 0x00, 0x02, 0x00, 0xcf, 0x00,
  0x35, 0x00, 0xc9, 0x00, 0x37, 0x00, 0x11, 0x00, 0x20, 0x00, 0xa7, 0x00, 0x2e, 0x00, 0xd0, 0x00,
  0x38, 0x00, 0xd1, 0x00, 0x07, 0x00, 0xd2, 0x00, 0x07, 0x00, 0xd3, 0x00, 0x02, 0x00, 0x12, 0x00,
  0x02, 0x00, 0xd4, 0x00, 0x07, 0x00, 0x71, 0x00, 0x07, 0x00, 0x72, 0x00, 0x07, 0x00, 0xd5, 0x00,
  0x04, 0x00, 0xd6, 0x00, 0x02, 0x00, 0xd7, 0x00, 0x02, 0x00, 0xd8, 0x00, 0x04, 0x00, 0x85, 0x00,
  0x04, 0x00, 0x8f, 0x00, 0x02, 0x00, 0xd9, 0x00, 0x02, 0x00, 0xda, 0x00, 0x33, 0x00, 0x35, 0x00,
  0x1b, 0x00, 0x1f, 0x00, 0x07, 0x00, 0xdb, 0x00, 0x07, 0x00, 0xdc, 0x00, 0x07, 0x00, 0xdd, 0x00,
  0x07, 0x00, 0xde, 0x00, 0x07, 0x00, 0xdf, 0x00, 0x07, 0x00, 0xe0, 0x00, 0x07, 0x00, 0xe1, 0x00,
  0x07, 0x00, 0xe2, 0x00, 0x07, 0x00, 0xe3, 0x00, 0x07, 0x00, 0xe4, 0x00, 0x07, 0x00, 0xe5, 0x00,
  0x07, 0x00, 0xe6, 0x00, 0x07, 0x00, 0xe7, 0x00, 0x07, 0x00, 0xe8, 0x00, 0x07, 0x00, 0xe9, 0x00,
  0x07, 0x00, 0xea, 0x00, 0x07, 0x00, 0xeb, 0x00, 0x07, 0x00, 0xec, 0x00, 0x07, 0x00, 0xed, 0x00,
  0x07, 0x00, 0xee, 0x00, 0x02, 0x00, 0xef, 0x00, 0x02, 0x00, 0xf0, 0x00, 0x02, 0x00, 0xf1, 0x00,
  0x02, 0x00, 0xf2, 0x00, 0x02, 0x00, 0xf3, 0x00, 0x02, 0x00, 0xf4, 0x00, 0x02, 0x00, 0xf5, 0x00,
  0x02, 0x00, 0x14, 0x00, 0x02, 0x00, 0x12, 0x00, 0x02, 0x00, 0xd4, 0x00, 0x07, 0x00, 0xf6, 0x00,
  0x07, 0x00, 0xf7, 0x00, 0x07, 0x00, 0xf8, 0x00, 0x07, 0x00, 0xf9, 0x00, 0x02, 0x00, 0xfa, 0x00,
  0x02, 0x00, 0xfb, 0x00, 0x02, 0x00, 0xfc, 0x00, 0x02, 0x00, 0x83, 0x00, 0x04, 0x00, 0x17, 0x00,
  0x04, 0x00, 0x80, 0x00, 0x04, 0x00, 0x81, 0x00, 0x04, 0x00, 0x82, 0x00, 0x07, 0x00, 0xfd, 0x00,
  0x07, 0x00, 0xfe, 0x00, 0x07, 0x00, 0xbc, 0x00, 0x2d, 0x00, 0xff, 0x00, 0x24, 0x00, 0x4f, 0x00,
  0x2e, 0x00, 0xd0, 0x00, 0x34, 0x00, 0x00, 0x01, 0x36, 0x00, 0x01, 0x01, 0x37, 0x00, 0x02, 0x01,
  0x1e, 0x00, 0x99, 0x00, 0x39, 0x00, 0x08, 0x00, 0x07, 0x00, 0x03, 0x01, 0x07, 0x00, 0x04, 0x01,
  0x07, 0x00, 0xaf, 0x00, 0x04, 0x00, 0x14, 0x00, 0x07, 0x00, 0x05, 0x01, 0x07, 0x00, 0x06, 0x01,
  0x07, 0x00, 0x07, 0x01, 0x20, 0x00, 0x2d, 0x00, 0x3a, 0x00, 0x50, 0x00, 0x1b, 0x00, 0x1f, 0x00,
  0x02, 0x00, 0x12, 0x00, 0x02, 0x00, 0x08, 0x01, 0x04, 0x00, 0x09, 0x01, 0x02, 0x00, 0xb1, 0x00,
  0x02, 0x00, 0x0a, 0x01, 0x07, 0x00, 0xb6, 0x00, 0x07, 0x00, 0xb7, 0x00, 0x07, 0x00, 0xb8, 0x00,
  0x07, 0x00, 0xb9, 0x00, 0x07, 0x00, 0x0b, 0x01, 0x07, 0x00, 0x0c, 0x01, 0x07, 0x00, 0x0d, 0x01,
  0x07, 0x00, 0x0e, 0x01, 0x07, 0x00, 0x0f, 0x01, 0x07, 0x00, 0x10, 0x01, 0x07, 0x00, 0x11, 0x01,
  0x07, 0x00, 0x12, 0x01, 0x07, 0x00, 0x13, 0x01, 0x07, 0x00, 0x14, 0x01, 0x07, 0x00, 0x15, 0x01,
  0x3b, 0x00, 0x16, 0x01, 0x02, 0x00, 0x17, 0x01, 0x02, 0x00, 0x46, 0x00, 0x07, 0x00, 0x71, 0x00,
  0x07, 0x00, 0x72, 0x00, 0x07, 0x00, 0x18, 0x01, 0x07, 0x00, 0x19, 0x01, 0x07, 0x00, 0x1a, 0x01,
  0x02, 0x00, 0x1b, 0x01, 0x02, 0x00, 0x1c, 0x01, 0x02, 0x00, 0x1d, 0x01, 0x02, 0x00, 0x1e, 0x01,
  0x00, 0x00, 0x1f, 0x01, 0x00, 0x00, 0x20, 0x01, 0x02, 0x00, 0x21, 0x01, 0x02, 0x00, 0x22, 0x01,
  0x02, 0x00, 0x23, 0x01, 0x02, 0x00, 0x24, 0x01, 0x02, 0x00, 0x25, 0x01, 0x07, 0x00, 0x26, 0x01,
  0x07, 0x00, 0x27, 0x01, 0x07, 0x00, 0x28, 0x01, 0x07, 0x00, 0x29, 0x01, 0x02, 0x00, 0x2a, 0x01,
  0x02, 0x00, 0x2b, 0x00, 0x02, 0x00, 0x2b, 0x01, 0x02, 0x00, 0x2c, 0x01, 0x02, 0x00, 0x2d, 0x01,
  0x02, 0x00, 0x2e, 0x01, 0x07, 0x00, 0x2f, 0x01, 0x07, 0x00, 0x30, 0x01, 0x07, 0x00, 0x31, 0x01,
  0x07, 0x00, 0x32, 0x01, 0x07, 0x00, 0x33, 0x01, 0x07, 0x00, 0x34, 0x01, 0x07, 0x00, 0x35, 0x01,
  0x07, 0x00, 0x36, 0x01, 0x07, 0x00, 0x37, 0x01, 0x07, 0x00, 0x38, 0x01, 0x07, 0x00, 0x39, 0x01,
  0x07, 0x00, 0x3a, 0x01, 0x02, 0x00, 0x3b, 0x01, 0x02, 0x00, 0x3c, 0x01, 0x04, 0x00, 0x3d, 0x01,
  0x04, 0x00, 0x3e, 0x01, 0x02, 0x00, 0x3f, 0x01, 0x02, 0x00, 0x40, 0x01, 0x02, 0x00, 0x41, 0x01,
  0x02, 0x00, 0x42, 0x01, 0x07, 0x00, 0x43, 0x01, 0x07, 0x00, 0x44, 0x01, 0x07, 0x00, 0x45, 0x01,
  0x07, 0x00, 0x46, 0x01, 0x02, 0x00, 0x47, 0x01, 0x02, 0x00, 0x48, 0x01, 0x32, 0x00, 0x49, 0x01,
  0x24, 0x00, 0x4f, 0x00, 0x1e, 0x00, 0x99, 0x00, 0x27, 0x00, 0x7d, 0x00, 0x3c, 0x00, 0x02, 0x00,
  0x1b, 0x00, 0x1f, 0x00, 0x24, 0x00, 0x4f, 0x00, 0x3d, 0x00, 0x81, 0x00, 0x1b, 0x00, 0x1f, 0x00,
  0x02, 0x00, 0xb1, 0x00, 0x02, 0x00, 0x14, 0x00, 0x07, 0x00, 0xb6, 0x00, 0x07, 0x00, 0xb7, 0x00,
  0x07, 0x00, 0xb8, 0x00, 0x07, 0x00, 0x4a, 0x01, 0x07, 0x00, 0x4b, 0x01, 0x07, 0x00, 0x4c, 0x01,
  0x07, 0x00, 0x4d, 0x01, 0x07, 0x00, 0x4e, 0x01, 0x07, 0x00, 0x4f, 0x01, 0x07, 0x00, 0x50, 0x01,
  0x07, 0x00, 0x51, 0x01, 0x07, 0x00, 0x52, 0x01, 0x07, 0x00, 0x53, 0x01, 0x07, 0x00, 0x54, 0x01,
  0x07, 0x00, 0x55, 0x01, 0x07, 0x00, 0x56, 0x01, 0x07, 0x00, 0x57, 0x01, 0x07, 0x00, 0x58, 0x01,
  0x07, 0x00, 0x59, 0x01, 0x07, 0x00, 0x5a, 0x01, 0x07, 0x00, 0x5b, 0x01, 0x07, 0x00, 0x5c, 0x01,
  0x07, 0x00, 0x5d, 0x01, 0x07, 0x00, 0x5e, 0x01, 0x07, 0x00, 0x5f, 0x01, 0x07, 0x00, 0x60, 0x01,
  0x07, 0x00, 0x61, 0x01, 0x07, 0x00, 0x62, 0x01, 0x07, 0x00, 0x63, 0x01, 0x07, 0x00, 0x64, 0x01,
  0x02, 0x00, 0x65, 0x01, 0x02, 0x00, 0x66, 0x01, 0x02, 0x00, 0x67, 0x01, 0x00, 0x00, 0x68, 0x01,
  0x00, 0x00, 0x69, 0x01, 0x07, 0x00, 0x6a, 0x01, 0x07, 0x00, 0x6b, 0x01, 0x02, 0x00, 0x6c, 0x01,
  0x02, 0x00, 0x6d, 0x01, 0x07, 0x00, 0x6e, 0x01, 0x07, 0x00, 0x6f, 0x01, 0x07, 0x00, 0x70, 0x01,
  0x07, 0x00, 0x71, 0x01, 0x02, 0x00, 0x72, 0x01, 0x02, 0x00, 0x73, 0x01, 0x04, 0x00, 0x09, 0x01,
  0x04, 0x00, 0x74, 0x01, 0x02, 0x00, 0x75, 0x01, 0x02, 0x00, 0x76, 0x01, 0x02, 0x00, 0x77, 0x01,
  0x02, 0x00, 0x78, 0x01, 0x07, 0x00, 0x79, 0x01, 0x07, 0x00, 0x7a, 0x01, 0x07, 0x00, 0x7b, 0x01,
  0x07, 0x00, 0x7c, 0x01, 0x07, 0x00, 0x7d, 0x01, 0x07, 0x00, 0x7e, 0x01, 0x07, 0x00, 0x7f, 0x01,
  0x07, 0x00, 0x80, 0x01, 0x07, 0x00, 0x81, 0x01, 0x07, 0x00, 0x82, 0x01, 0x00, 0x00, 0x83, 0x01,
  0x07, 0x00, 0x84, 0x01, 0x07, 0x00, 0x85, 0x01, 0x07, 0x00, 0x86, 0x01, 0x04, 0x00, 0x87, 0x01,
  0x00, 0x00, 0x88, 0x01, 0x00, 0x00, 0x2b, 0x01, 0x00, 0x00, 0x89, 0x01, 0x00, 0x00, 0x8a, 0x01,
  0x02, 0x00, 0x8b, 0x01, 0x02, 0x00, 0x8c, 0x01, 0x02, 0x00, 0x3c, 0x01, 0x02, 0x00, 0x8d, 0x01,
  0x02, 0x00, 0x8e, 0x01, 0x02, 0x00, 0x8f, 0x01, 0x07, 0x00, 0x90, 0x01, 0x07, 0x00, 0x91, 0x01,
  0x07, 0x00, 0x92, 0x01, 0x07, 0x00, 0x93, 0x01, 0x07, 0x00, 0x94, 0x01, 0x02, 0x00, 0xa3, 0x00,
  0x02, 0x00, 0xa4, 0x00, 0x36, 0x00, 0x95, 0x01, 0x36, 0x00, 0x96, 0x01, 0x00, 0x00, 0x97, 0x01,
  0x00, 0x00, 0x98, 0x01, 0x00, 0x00, 0x99, 0x01, 0x00, 0x00, 0x9a, 0x01, 0x02, 0x00, 0x9b, 0x01,
  0x02, 0x00, 0x08, 0x01, 0x07, 0x00, 0x9c, 0x01, 0x07, 0x00, 0x9d, 0x01, 0x32, 0x00, 0x49, 0x01,
  0x3e, 0x00, 0x9e, 0x01, 0x24, 0x00, 0x4f, 0x00, 0x3f, 0x00, 0x9f, 0x01, 0x1e, 0x00, 0x99, 0x00,
  0x07, 0x00, 0xa0, 0x01, 0x07, 0x00, 0xa1, 0x01, 0x07, 0x00, 0xa2, 0x01, 0x07, 0x00, 0xa3, 0x01,
  0x07, 0x00, 0xa4, 0x01, 0x02, 0x00, 0xa5, 0x01, 0x02, 0x00, 0x46, 0x00, 0x07, 0x00, 0xa6, 0x01,
  0x07, 0x00, 0xa7, 0x01, 0x07, 0x00, 0xa8, 0x01, 0x07, 0x00, 0xa9, 0x01, 0x07, 0x00, 0xaa, 0x01,
  0x07, 0x00, 0xab, 0x01, 0x07, 0x00, 0xac, 0x01, 0x07, 0x00, 0xad, 0x01, 0x07, 0x00, 0xae, 0x01,
  0x02, 0x00, 0xaf, 0x01, 0x02, 0x00, 0xb0, 0x01, 0x07, 0x00, 0xb1, 0x01, 0x07, 0x00, 0xb2, 0x01,
  0x07, 0x00, 0xb3, 0x01, 0x07, 0x00, 0xb4, 0x01, 0x07, 0x00, 0xb5, 0x01, 0x04, 0x00, 0xb6, 0x01,
  0x04, 0x00, 0xb7, 0x01, 0x04, 0x00, 0xb8, 0x01, 0x27, 0x00, 0x7d, 0x00, 0x0c, 0x00, 0xb9, 0x01,
  0x40, 0x00, 0x06, 0x00, 0x1b, 0x00, 0x1f, 0x00, 0x00, 0x00, 0xba, 0x01, 0x07, 0x00, 0xbb, 0x01,
  0x07, 0x00, 0x25, 0x00, 0x41, 0x00, 0x02, 0x00, 0x2b, 0x00, 0x98, 0x00, 0x42, 0x00, 0x1a, 0x00,
  0x42, 0x00, 0x00, 0x00, 0x42, 0x00, 0x01, 0x00, 0x43, 0x00, 0xbc, 0x01, 0x04, 0x00, 0xbd, 0x01,
  0x04, 0x00, 0xbe, 0x01, 0x04, 0x00, 0xbf, 0x01, 0x04, 0x00, 0xc0, 0x01, 0x04, 0x00, 0xc1, 0x01,
  0x04, 0x00, 0xc2, 0x01, 0x02, 0x00, 0x12, 0x00, 0x02, 0x00, 0x14, 0x00, 0x02, 0x00, 0xc3, 0x01,
  0x02, 0x00, 0xc4, 0x01, 0x07, 0x00, 0x05, 0x00, 0x07, 0x00, 0x06, 0x00, 0x07, 0x00, 0x07, 0x00,
  0x07, 0x00, 0xc5, 0x01, 0x07, 0x00, 0xc6, 0x01, 0x07, 0x00, 0xc7, 0x01, 0x07, 0x00, 0xc8, 0x01,
  0x07, 0x00, 0xc9, 0x01, 0x07, 0x00, 0xca, 0x01, 0x07, 0x00, 0xcb, 0x01, 0x07, 0x00, 0x17, 0x00,
  0x07, 0x00, 0xcc, 0x01, 0x07, 0x00, 0xcd, 0x01, 0x44, 0x00, 0x0f, 0x00, 0x1b, 0x00, 0x1f, 0x00,
  0x43, 0x00, 0xbc, 0x01, 0x0c, 0x00, 0xce, 0x01, 0x0c, 0x00, 0xcf, 0x01, 0x24, 0x00, 0x4f, 0x00,
  0x3d, 0x00, 0xd0, 0x01, 0x02, 0x00, 0x14, 0x00, 0x02, 0x00, 0xd1, 0x01, 0x04, 0x00, 0xb0, 0x00,
  0x07, 0x00, 0x03, 0x01, 0x07, 0x00, 0xaf, 0x00, 0x07, 0x00, 0x04, 0x01, 0x07, 0x00, 0xd2, 0x01,
  0x07, 0x00, 0xd3, 0x01, 0x07, 0x00, 0xd4, 0x01, 0x23, 0x00, 0x0a, 0x00, 0x07, 0x00, 0xd5, 0x01,
  0x07, 0x00, 0xd6, 0x01, 0x07, 0x00, 0xd7, 0x01, 0x07, 0x00, 0xd8, 0x01, 0x02, 0x00, 0xd9, 0x01,
  0x02, 0x00, 0xda, 0x01, 0x00, 0x00, 0xdb, 0x01, 0x00, 0x00, 0xdc, 0x01, 0x00, 0x00, 0xdd, 0x01,
  0x00, 0x00, 0xde, 0x01, 0x22, 0x00, 0x07, 0x00, 0x07, 0x00, 0xdf, 0x01, 0x07, 0x00, 0xd6, 0x01,
  0x07, 0x00, 0xd7, 0x01, 0x02, 0x00, 0xdb, 0x01, 0x02, 0x00, 0xde, 0x01, 0x07, 0x00, 0xd8, 0x01,
  0x07, 0x00, 0x25, 0x00, 0x45, 0x00, 0x15, 0x00, 0x45, 0x00, 0x00, 0x00, 0x45, 0x00, 0x01, 0x00,
  0x02, 0x00, 0x12, 0x00, 0x02, 0x00, 0xe0, 0x01, 0x02, 0x00, 0xde, 0x01, 0x02, 0x00, 0x14, 0x00,
  0x02, 0x00, 0xe1, 0x01, 0x02, 0x00, 0xe2, 0x01, 0x02, 0x00, 0xe3, 0x01, 0x02, 0x00, 0xe4, 0x01,
  0x02, 0x00, 0xe5, 0x01, 0x02, 0x00, 0xe6, 0x01, 0x02, 0x00, 0xe7, 0x01, 0x02, 0x00, 0xe8, 0x01,
  0x07, 0x00, 0xe9, 0x01, 0x07, 0x00, 0xea, 0x01, 0x22, 0x00, 0x31, 0x00, 0x23, 0x00, 0x32, 0x00,
  0x02, 0x00, 0xeb, 0x01, 0x02, 0x00, 0xec, 0x01, 0x04, 0x00, 0xed, 0x01, 0x46, 0x00, 0x05, 0x00,
  0x02, 0x00, 0xee, 0x01, 0x02, 0x00, 0xe0, 0x01, 0x00, 0x00, 0x14, 0x00, 0x00, 0x00, 0x25, 0x00,
  0x02, 0x00, 0x46, 0x00, 0x47, 0x00, 0x04, 0x00, 0x07, 0x00, 0x05, 0x00, 0x07, 0x00, 0x06, 0x00,
  0x07, 0x00, 0x08, 0x00, 0x07, 0x00, 0xef, 0x01, 0x48, 0x00, 0x39, 0x00, 0x1b, 0x00, 0x1f, 0x00,
  0x43, 0x00, 0xbc, 0x01, 0x0c, 0x00, 0xf0, 0x01, 0x0c, 0x00, 0xcf, 0x01, 0x20, 0x00, 0xf1, 0x01,
  0x20, 0x00, 0xf2, 0x01, 0x20, 0x00, 0xf3, 0x01, 0x24, 0x00, 0x4f, 0x00, 0x49, 0x00, 0xf4, 0x01,
  0x26, 0x00, 0xf5, 0x01, 0x3d, 0x00, 0xd0, 0x01, 0x0c, 0x00, 0xf6, 0x01, 0x07, 0x00, 0x03, 0x01,
  0x07, 0x00, 0xaf, 0x00, 0x07, 0x00, 0x04, 0x01, 0x04, 0x00, 0xb0, 0x00, 0x02, 0x00, 0xf7, 0x01,
  0x02, 0x00, 0xd1, 0x01, 0x02, 0x00, 0x14, 0x00, 0x02, 0x00, 0xf8, 0x01, 0x07, 0x00, 0xf9, 0x01,
  0x07, 0x00, 0xfa, 0x01, 0x07, 0x00, 0xfb, 0x01, 0x02, 0x00, 0xe3, 0x01, 0x02, 0x00, 0xe4, 0x01,
  0x02, 0x00, 0xfc, 0x01, 0x02, 0x00, 0xfd, 0x01, 0x04, 0x00, 0x46, 0x00, 0x02, 0x00, 0x17, 0x00,
  0x02, 0x00, 0x62, 0x00, 0x02, 0x00, 0x43, 0x00, 0x02, 0x00, 0xfe, 0x01, 0x07, 0x00, 0xff, 0x01,
  0x07, 0x00, 0x00, 0x02, 0x07, 0x00, 0x01, 0x02, 0x07, 0x00, 0x02, 0x02, 0x07, 0x00, 0x03, 0x02,
  0x07, 0x00, 0x04, 0x02, 0x07, 0x00, 0x05, 0x02, 0x07, 0x00, 0x06, 0x02, 0x07, 0x00, 0x07, 0x02,
  0x07, 0x00, 0x08, 0x02, 0x00, 0x00, 0x09, 0x02, 0x00, 0x00, 0x0a, 0x02, 0x40, 0x00, 0x0b, 0x02,
  0x40, 0x00, 0x0c, 0x02, 0x40, 0x00, 0x0d, 0x02, 0x40, 0x00, 0x0e, 0x02, 0x04, 0x00, 0x0f, 0x02,
  0x04, 0x00, 0x10, 0x02, 0x04, 0x00, 0x11, 0x02, 0x04, 0x00, 0x25, 0x00, 0x47, 0x00, 0x12, 0x02,
  0x04, 0x00, 0x13, 0x02, 0x04, 0x00, 0x14, 0x02, 0x46, 0x00, 0x15, 0x02, 0x46, 0x00, 0x16, 0x02,
  0x4a, 0x00, 0x27, 0x00, 0x1b, 0x00, 0x1f, 0x00, 0x43, 0x00, 0xbc, 0x01, 0x0c, 0x00, 0x17, 0x02,
  0x24, 0x00, 0x4f, 0x00, 0x26, 0x00, 0xf5, 0x01, 0x3d, 0x00, 0xd0, 0x01, 0x4b, 0x00, 0x18, 0x02,
  0x4c, 0x00, 0x19, 0x02, 0x4d, 0x00, 0x1a, 0x02, 0x4e, 0x00, 0x1b, 0x02, 0x4f, 0x00, 0x1c, 0x02,
  0x50, 0x00, 0x1d, 0x02, 0x51, 0x00, 0x1e, 0x02, 0x52, 0x00, 0x1f, 0x02, 0x4a, 0x00, 0x20, 0x02,
  0x53, 0x00, 0x21, 0x02, 0x54, 0x00, 0x22, 0x02, 0x54, 0x00, 0x23, 0x02, 0x54, 0x00, 0x24, 0x02,
  0x04, 0x00, 0x36, 0x00, 0x04, 0x00, 0x25, 0x02, 0x04, 0x00, 0x26, 0x02, 0x04, 0x00, 0x27, 0x02,
  0x04, 0x00, 0x28, 0x02, 0x04, 0x00, 0xb0, 0x00, 0x07, 0x00, 0x03, 0x01, 0x07, 0x00, 0xaf, 0x00,
  0x07, 0x00, 0x04, 0x01, 0x07, 0x00, 0x29, 0x02, 0x07, 0x00, 0x25, 0x00, 0x02, 0x00, 0x2a, 0x02,
  0x02, 0x00, 0x14, 0x00, 0x02, 0x00, 0x2b, 0x02, 0x02, 0x00, 0x2c, 0x02, 0x02, 0x00, 0xd1, 0x01,
  0x02, 0x00, 0x2d, 0x02, 0x55, 0x00, 0x2e, 0x02, 0x56, 0x00, 0x2f, 0x02, 0x09, 0x00, 0xa2, 0x00,
  0x4d, 0x00, 0x08, 0x00, 0x09, 0x00, 0x30, 0x02, 0x07, 0x00, 0x31, 0x02, 0x04, 0x00, 0x32, 0x02,
  0x00, 0x00, 0x14, 0x00, 0x00, 0x00, 0x33, 0x02, 0x02, 0x00, 0x09, 0x01, 0x02, 0x00, 0x34, 0x02,
  0x02, 0x00, 0x35, 0x02, 0x4b, 0x00, 0x08, 0x00, 0x04, 0x00, 0x36, 0x02, 0x04, 0x00, 0x37, 0x02,
  0x04, 0x00, 0x38, 0x02, 0x04, 0x00, 0x39, 0x02, 0x00, 0x00, 0x25, 0x00, 0x00, 0x00, 0xe0, 0x01,
  0x00, 0x00, 0x3a, 0x02, 0x00, 0x00, 0x14, 0x00, 0x4f, 0x00, 0x05, 0x00, 0x04, 0x00, 0x36, 0x02,
  0x04, 0x00, 0x37, 0x02, 0x00, 0x00, 0x3b, 0x02, 0x00, 0x00, 0x3c, 0x02, 0x02, 0x00, 0x14, 0x00,
  0x57, 0x00, 0x02, 0x00, 0x04, 0x00, 0x3d, 0x02, 0x07, 0x00, 0xd7, 0x01, 0x50, 0x00, 0x03, 0x00,
  0x57, 0x00, 0x3e, 0x02, 0x04, 0x00, 0x3f, 0x02, 0x04, 0x00, 0x14, 0x00, 0x4e, 0x00, 0x06, 0x00,
  0x07, 0x00, 0x40, 0x02, 0x02, 0x00, 0x41, 0x02, 0x00, 0x00, 0x14, 0x00, 0x00, 0x00, 0xe0, 0x01,
  0x00, 0x00, 0x3c, 0x02, 0x00, 0x00, 0xb5, 0x00, 0x51, 0x00, 0x04, 0x00, 0x00, 0x00, 0xce, 0x00,
  0x00, 0x00, 0xb6, 0x00, 0x00, 0x00, 0xb7, 0x00, 0x00, 0x00, 0xb8, 0x00, 0x58, 0x00, 0x06, 0x00,
  0x2e, 0x00, 0x30, 0x02, 0x00, 0x00, 0x14, 0x00, 0x00, 0x00, 0x33, 0x02, 0x02, 0x00, 0x09, 0x01,
  0x02, 0x00, 0x34, 0x02, 0x02, 0x00, 0x35, 0x02, 0x59, 0x00, 0x01, 0x00, 0x07, 0x00, 0x42, 0x02,
  0x5a, 0x00, 0x05, 0x00, 0x00, 0x00, 0xce, 0x00, 0x00, 0x00, 0xb6, 0x00, 0x00, 0x00, 0xb7, 0x00,
  0x00, 0x00, 0xb8, 0x00, 0x04, 0x00, 0x25, 0x00, 0x52, 0x00, 0x01, 0x00, 0x07, 0x00, 0x43, 0x02,
  0x53, 0x00, 0x02, 0x00, 0x04, 0x00, 0x44, 0x02, 0x04, 0x00, 0x12, 0x00, 0x4c, 0x00, 0x07, 0x00,
  0x07, 0x00, 0x31, 0x02, 0x2e, 0x00, 0x30, 0x02, 0x00, 0x00, 0x14, 0x00, 0x00, 0x00, 0x33, 0x02,
  0x02, 0x00, 0x09, 0x01, 0x02, 0x00, 0x34, 0x02, 0x02, 0x00, 0x35, 0x02, 0x5b, 0x00, 0x01, 0x00,
  0x07, 0x00, 0x45, 0x02, 0x5c, 0x00, 0x01, 0x00, 0x04, 0x00, 0x46, 0x02, 0x5d, 0x00, 0x01, 0x00,
  0x00, 0x00, 0x47, 0x02, 0x5e, 0x00, 0x01, 0x00, 0x07, 0x00, 0x31, 0x02, 0x5f, 0x00, 0x04, 0x00,
  0x07, 0x00, 0xce, 0x00, 0x07, 0x00, 0xb6, 0x00, 0x07, 0x00, 0xb7, 0x00, 0x07, 0x00, 0xb8, 0x00,
  0x60, 0x00, 0x01, 0x00, 0x5f, 0x00, 0x32, 0x02, 0x61, 0x00, 0x05, 0x00, 0x04, 0x00, 0x48, 0x02,
  0x04, 0x00, 0x49, 0x02, 0x00, 0x00, 0x14, 0x00, 0x00, 0x00, 0xe0, 0x01, 0x00, 0x00, 0x4a, 0x02,
  0x62, 0x00, 0x02, 0x00, 0x04, 0x00, 0x4b, 0x02, 0x04, 0x00, 0x49, 0x02, 0x63, 0x00, 0x0e, 0x00,
  0x63, 0x00, 0x00, 0x00, 0x63, 0x00, 0x01, 0x00, 0x61, 0x00, 0x4c, 0x02, 0x60, 0x00, 0x4d, 0x02,
  0x62, 0x00, 0x4e, 0x02, 0x00, 0x00, 0x4f, 0x02, 0x0c, 0x00, 0x50, 0x02, 0x0c, 0x00, 0x51, 0x02,
  0x64, 0x00, 0x52, 0x02, 0x04, 0x00, 0x36, 0x00, 0x04, 0x00, 0x26, 0x02, 0x04, 0x00, 0x25, 0x02,
  0x04, 0x00, 0x25, 0x00, 0x4e, 0x00, 0x53, 0x02, 0x55, 0x00, 0x0e, 0x00, 0x0c, 0x00, 0x54, 0x02,
  0x4e, 0x00, 0x53, 0x02, 0x00, 0x00, 0x55, 0x02, 0x00, 0x00, 0x56, 0x02, 0x00, 0x00, 0x57, 0x02,
  0x00, 0x00, 0x58, 0x02, 0x00, 0x00, 0x59, 0x02, 0x00, 0x00, 0x5a, 0x02, 0x00, 0x00, 0x5b, 0x02,
  0x00, 0x00, 0x14, 0x00, 0x54, 0x00, 0x22, 0x02, 0x54, 0x00, 0x24, 0x02, 0x02, 0x00, 0x5c, 0x02,
  0x00, 0x00, 0x5d, 0x02, 0x56, 0x00, 0x08, 0x00, 0x04, 0x00, 0x5e, 0x02, 0x04, 0x00, 0x5f, 0x02,
  0x4b, 0x00, 0x60, 0x02, 0x4f, 0x00, 0x61, 0x02, 0x04, 0x00, 0x26, 0x02, 0x04, 0x00, 0x25, 0x02,
  0x04, 0x00, 0x36, 0x00, 0x04, 0x00, 0x25, 0x00, 0x65, 0x00, 0x06, 0x00, 0x65, 0x00, 0x00, 0x00,
  0x65, 0x00, 0x01, 0x00, 0x04, 0x00, 0x12, 0x00, 0x04, 0x00, 0x09, 0x01, 0x00, 0x00, 0x11, 0x00,
  0x00, 0x00, 0x62, 0x02, 0x66, 0x00, 0x07, 0x00, 0x65, 0x00, 0x63, 0x02, 0x02, 0x00, 0x64, 0x02,
  0x02, 0x00, 0x54, 0x02, 0x02, 0x00, 0x65, 0x02, 0x02, 0x00, 0x5d, 0x00, 0x09, 0x00, 0x66, 0x02,
  0x09, 0x00, 0x67, 0x02, 0x67, 0x00, 0x03, 0x00, 0x65, 0x00, 0x63, 0x02, 0x20, 0x00, 0xa7, 0x00,
  0x00, 0x00, 0x11, 0x00, 0x68, 0x00, 0x05, 0x00, 0x65, 0x00, 0x63, 0x02, 0x20, 0x00, 0xa7, 0x00,
  0x00, 0x00, 0x11, 0x00, 0x02, 0x00, 0x68, 0x02, 0x00, 0x00, 0x69, 0x02, 0x69, 0x00, 0x05, 0x00,
  0x65, 0x00, 0x63, 0x02, 0x07, 0x00, 0x5b, 0x00, 0x07, 0x00, 0x6a, 0x02, 0x04, 0x00, 0x6b, 0x02,
  0x04, 0x00, 0x6c, 0x02, 0x6a, 0x00, 0x05, 0x00, 0x65, 0x00, 0x63, 0x02, 0x20, 0x00, 0x6d, 0x02,
  0x00, 0x00, 0x48, 0x00, 0x04, 0x00, 0x09, 0x01, 0x04, 0x00, 0x14, 0x00, 0x6b, 0x00, 0x0d, 0x00,
  0x65, 0x00, 0x63, 0x02, 0x20, 0x00, 0x6e, 0x02, 0x20, 0x00, 0x6f, 0x02, 0x20, 0x00, 0x70, 0x02,
  0x20, 0x00, 0x71, 0x02, 0x07, 0x00, 0x72, 0x02, 0x07, 0x00, 0x73, 0x02, 0x07, 0x00, 0x6a, 0x02,
  0x07, 0x00, 0x74, 0x02, 0x04, 0x00, 0x75, 0x02, 0x04, 0x00, 0x76, 0x02, 0x04, 0x00, 0x5d, 0x00,
  0x04, 0x00, 0x77, 0x02, 0x6c, 0x00, 0x05, 0x00, 0x65, 0x00, 0x63, 0x02, 0x02, 0x00, 0x78, 0x02,
  0x02, 0x00, 0x14, 0x00, 0x07, 0x00, 0x79, 0x02, 0x20, 0x00, 0x7a, 0x02, 0x6d, 0x00, 0x03, 0x00,
  0x65, 0x00, 0x63, 0x02, 0x07, 0x00, 0x7b, 0x02, 0x04, 0x00, 0x5d, 0x00, 0x6e, 0x00, 0x0a, 0x00,
  0x65, 0x00, 0x63, 0x02, 0x07, 0x00, 0x7c, 0x02, 0x04, 0x00, 0x7d, 0x02, 0x04, 0x00, 0x25, 0x00,
  0x02, 0x00, 0x5d, 0x00, 0x02, 0x00, 0x7e, 0x02, 0x02, 0x00, 0x7f, 0x02, 0x02, 0x00, 0x80, 0x02,
  0x07, 0x00, 0x81, 0x02, 0x00, 0x00, 0x82, 0x02, 0x6f, 0x00, 0x03, 0x00, 0x65, 0x00, 0x63, 0x02,
  0x07, 0x00, 0x25, 0x00, 0x04, 0x00, 0x12, 0x00, 0x70, 0x00, 0x0b, 0x00, 0x65, 0x00, 0x63, 0x02,
  0x33, 0x00, 0x83, 0x02, 0x07, 0x00, 0x84, 0x02, 0x04, 0x00, 0x85, 0x02, 0x00, 0x00, 0x82, 0x02,
  0x07, 0x00, 0x86, 0x02, 0x04, 0x00, 0x87, 0x02, 0x20, 0x00, 0x88, 0x02, 0x00, 0x00, 0x89, 0x02,
  0x04, 0x00, 0x8a, 0x02, 0x04, 0x00, 0x25, 0x00, 0x71, 0x00, 0x0a, 0x00, 0x65, 0x00, 0x63, 0x02,
  0x20, 0x00, 0x8b, 0x02, 0x2e, 0x00, 0x8c, 0x02, 0x04, 0x00, 0x5d, 0x00, 0x04, 0x00, 0x8d, 0x02,
  0x07, 0x00, 0x8e, 0x02, 0x07, 0x00, 0x8f, 0x02, 0x00, 0x00, 0x89, 0x02, 0x04, 0x00, 0x8a, 0x02,
  0x04, 0x00, 0x25, 0x00, 0x72, 0x00, 0x03, 0x00, 0x65, 0x00, 0x63, 0x02, 0x07, 0x00, 0x90, 0x02,
  0x04, 0x00, 0x91, 0x02, 0x73, 0x00, 0x05, 0x00, 0x65, 0x00, 0x63, 0x02, 0x07, 0x00, 0x92, 0x02,
  0x00, 0x00, 0x82, 0x02, 0x02, 0x00, 0x14, 0x00, 0x02, 0x00, 0x93, 0x02, 0x74, 0x00, 0x08, 0x00,
  0x65, 0x00, 0x63, 0x02, 0x20, 0x00, 0xa7, 0x00, 0x07, 0x00, 0x92, 0x02, 0x07, 0x00, 0xd8, 0x01,
  0x07, 0x00, 0x6d, 0x00, 0x00, 0x00, 0x82, 0x02, 0x02, 0x00, 0x14, 0x00, 0x02, 0x00, 0x12, 0x00,
  0x75, 0x00, 0x15, 0x00, 0x65, 0x00, 0x63, 0x02, 0x20, 0x00, 0x94, 0x02, 0x00, 0x00, 0x82, 0x02,
  0x33, 0x00, 0x83, 0x02, 0x20, 0x00, 0x88, 0x02, 0x02, 0x00, 0x14, 0x00, 0x02, 0x00, 0x25, 0x00,
  0x07, 0x00, 0x95, 0x02, 0x07, 0x00, 0x96, 0x02, 0x07, 0x00, 0x97, 0x02, 0x07, 0x00, 0xf9, 0x01,
  0x07, 0x00, 0x98, 0x02, 0x07, 0x00, 0x99, 0x02, 0x07, 0x00, 0x9a, 0x02, 0x07, 0x00, 0x9b, 0x02,
  0x04, 0x00, 0x87, 0x02, 0x04, 0x00, 0x8a, 0x02, 0x00, 0x00, 0x89, 0x02, 0x07, 0x00, 0x9c, 0x02,
  0x07, 0x00, 0x9d, 0x02, 0x07, 0x00, 0x2b, 0x00, 0x76, 0x00, 0x07, 0x00, 0x65, 0x00, 0x63, 0x02,
  0x02, 0x00, 0x9e, 0x02, 0x02, 0x00, 0x9f, 0x02, 0x04, 0x00, 0x46, 0x00, 0x20, 0x00, 0xa7, 0x00,
  0x07, 0x00, 0xa0, 0x02, 0x00, 0x00, 0x82, 0x02, 0x77, 0x00, 0x09, 0x00, 0x65, 0x00, 0x63, 0x02,
  0x20, 0x00, 0xa7, 0x00, 0x07, 0x00, 0xa1, 0x02, 0x07, 0x00, 0xa2, 0x02, 0x07, 0x00, 0x9b, 0x02,
  0x04, 0x00, 0xa3, 0x02, 0x04, 0x00, 0xa4, 0x02, 0x07, 0x00, 0xa5, 0x02, 0x00, 0x00, 0x11, 0x00,
  0x78, 0x00, 0x01, 0x00, 0x65, 0x00, 0x63, 0x02, 0x79, 0x00, 0x05, 0x00, 0x65, 0x00, 0x63, 0x02,
  0x7a, 0x00, 0xa6, 0x02, 0x7b, 0x00, 0xa7, 0x02, 0x7c, 0x00, 0xa8, 0x02, 0x7d, 0x00, 0xa9, 0x02,
  0x7e, 0x00, 0x0e, 0x00, 0x65, 0x00, 0x63, 0x02, 0x4e, 0x00, 0xaa, 0x02, 0x4e, 0x00, 0xab, 0x02,
  0x4e, 0x00, 0xac, 0x02, 0x4e, 0x00, 0xad, 0x02, 0x4e, 0x00, 0xae, 0x02, 0x4e, 0x00, 0xaf, 0x02,
  0x4b, 0x00, 0xb0, 0x02, 0x04, 0x00, 0xb1, 0x02, 0x04, 0x00, 0xb2, 0x02, 0x02, 0x00, 0xb3, 0x02,
  0x02, 0x00, 0x25, 0x00, 0x07, 0x00, 0xb4, 0x02, 0x7f, 0x00, 0xb5, 0x02, 0x80, 0x00, 0x04, 0x00,
  0x65, 0x00, 0x63, 0x02, 0x20, 0x00, 0xa7, 0x00, 0x04, 0x00, 0xb6, 0x02, 0x04, 0x00, 0x25, 0x00,
  0x81, 0x00, 0x02, 0x00, 0x04, 0x00, 0xb7, 0x02, 0x07, 0x00, 0xd7, 0x01, 0x82, 0x00, 0x02, 0x00,
  0x04, 0x00, 0x81, 0x00, 0x04, 0x00, 0xb8, 0x02, 0x83, 0x00, 0x14, 0x00, 0x65, 0x00, 0x63, 0x02,
  0x20, 0x00, 0xa7, 0x00, 0x00, 0x00, 0x82, 0x02, 0x02, 0x00, 0xb9, 0x02, 0x02, 0x00, 0xba, 0x02,
  0x02, 0x00, 0x14, 0x00, 0x02, 0x00, 0x25, 0x00, 0x07, 0x00, 0xbb, 0x02, 0x07, 0x00, 0xbc, 0x02,
  0x04, 0x00, 0x36, 0x00, 0x04, 0x00, 0xbd, 0x02, 0x82, 0x00, 0xbe, 0x02, 0x81, 0x00, 0xbf, 0x02,
  0x04, 0x00, 0xc0, 0x02, 0x04, 0x00, 0xc1, 0x02, 0x04, 0x00, 0xc2, 0x02, 0x04, 0x00, 0xb8, 0x02,
  0x07, 0x00, 0xc3, 0x02, 0x07, 0x00, 0xc4, 0x02, 0x07, 0x00, 0xc5, 0x02, 0x84, 0x00, 0x08, 0x00,
  0x65, 0x00, 0x63, 0x02, 0x85, 0x00, 0xc6, 0x02, 0x86, 0x00, 0xc7, 0x02, 0x04, 0x00, 0xc8, 0x02,
  0x04, 0x00, 0xc9, 0x02, 0x04, 0x00, 0xca, 0x02, 0x02, 0x00, 0x14, 0x00, 0x02, 0x00, 0x39, 0x00,
  0x87, 0x00, 0x05, 0x00, 0x65, 0x00, 0x63, 0x02, 0x20, 0x00, 0x2d, 0x00, 0x02, 0x00, 0xcb, 0x02,
  0x02, 0x00, 0x14, 0x00, 0x02, 0x00, 0xcc, 0x02, 0x88, 0x00, 0x05, 0x00, 0x65, 0x00, 0x63, 0x02,
  0x04, 0x00, 0xcd, 0x02, 0x02, 0x00, 0x14, 0x00, 0x02, 0x00, 0xce, 0x02, 0x07, 0x00, 0xcf, 0x02,
  0x89, 0x00, 0x03, 0x00, 0x65, 0x00, 0x63, 0x02, 0x8a, 0x00, 0xd0, 0x02, 0x7d, 0x00, 0xa9, 0x02,
  0x8b, 0x00, 0x0a, 0x00, 0x65, 0x00, 0x63, 0x02, 0x20, 0x00, 0xd1, 0x02, 0x20, 0x00, 0xd2, 0x02,
  0x00, 0x00, 0xd3, 0x02, 0x07, 0x00, 0xd4, 0x02, 0x02, 0x00, 0xd5, 0x02, 0x02, 0x00, 0xd6, 0x02,
  0x00, 0x00, 0xd7, 0x02, 0x00, 0x00, 0xd8, 0x02, 0x00, 0x00, 0x69, 0x02, 0x8c, 0x00, 0x09, 0x00,
  0x65, 0x00, 0x63, 0x02, 0x20, 0x00, 0xd9, 0x02, 0x00, 0x00, 0xd3, 0x02, 0x07, 0x00, 0xda, 0x02,
  0x07, 0x00, 0xdb, 0x02, 0x00, 0x00, 0x09, 0x01, 0x00, 0x00, 0x78, 0x02, 0x00, 0x00, 0xdc, 0x02,
  0x00, 0x00, 0x25, 0x00, 0x8d, 0x00, 0x18, 0x00, 0x1b, 0x00, 0x1f, 0x00, 0x02, 0x00, 0xe1, 0x01,
  0x02, 0x00, 0xe2, 0x01, 0x02, 0x00, 0xdd, 0x02, 0x02, 0x00, 0x14, 0x00, 0x02, 0x00, 0xde, 0x02,
  0x02, 0x00, 0xdf, 0x02, 0x02, 0x00, 0xe0, 0x02, 0x02, 0x00, 0x46, 0x00, 0x00, 0x00, 0xe1, 0x02,
  0x00, 0x00, 0xe2, 0x02, 0x00, 0x00, 0xe3, 0x02, 0x00, 0x00, 0x12, 0x00, 0x04, 0x00, 0x25, 0x00,
  0x07, 0x00, 0xe4, 0x02, 0x07, 0x00, 0xe5, 0x02, 0x07, 0x00, 0xe6, 0x02, 0x07, 0x00, 0xe7, 0x02,
  0x07, 0x00, 0xe8, 0x02, 0x07, 0x00, 0xe9, 0x02, 0x22, 0x00, 0xea, 0x02, 0x24, 0x00, 0x4f, 0x00,
  0x26, 0x00, 0xf5, 0x01, 0x50, 0x00, 0x1d, 0x02, 0x8e, 0x00, 0x03, 0x00, 0x8e, 0x00, 0x00, 0x00,
  0x8e, 0x00, 0x01, 0x00, 0x00, 0x00, 0x11, 0x00, 0x43, 0x00, 0x03, 0x00, 0x07, 0x00, 0xeb, 0x02,
  0x04, 0x00, 0x14, 0x00, 0x04, 0x00, 0x25, 0x00, 0x20, 0x00, 0x6d, 0x00, 0x1b, 0x00, 0x1f, 0x00,
  0x02, 0x00, 0x12, 0x00, 0x02, 0x00, 0xec, 0x02, 0x04, 0x00, 0xed, 0x02, 0x04, 0x00, 0xee, 0x02,
  0x04, 0x00, 0xef, 0x02, 0x00, 0x00, 0xf0, 0x02, 0x20, 0x00, 0x26, 0x00, 0x20, 0x00, 0xf1, 0x02,
  0x20, 0x00, 0xf2, 0x02, 0x20, 0x00, 0xf3, 0x02, 0x20, 0x00, 0xf4, 0x02, 0x24, 0x00, 0x4f, 0x00,
  0x49, 0x00, 0xf4, 0x01, 0x43, 0x00, 0xbc, 0x01, 0x8f, 0x00, 0xf5, 0x02, 0x8f, 0x00, 0xf6, 0x02,
  0x90, 0x00, 0xf7, 0x02, 0x09, 0x00, 0x02, 0x00, 0x0c, 0x00, 0xf8, 0x02, 0x0c, 0x00, 0x17, 0x02,
  0x0c, 0x00, 0xcf, 0x01, 0x0c, 0x00, 0xf9, 0x02, 0x0c, 0x00, 0xfa, 0x02, 0x3d, 0x00, 0xd0, 0x01,
  0x07, 0x00, 0x03, 0x01, 0x07, 0x00, 0xfb, 0x02, 0x07, 0x00, 0xfc, 0x02, 0x07, 0x00, 0xaf, 0x00,
  0x07, 0x00, 0xfd, 0x02, 0x07, 0x00, 0x04, 0x01, 0x07, 0x00, 0xfe, 0x02, 0x07, 0x00, 0xff, 0x02,
  0x07, 0x00, 0xa1, 0x02, 0x07, 0x00, 0x00, 0x03, 0x07, 0x00, 0xd2, 0x00, 0x04, 0x00, 0x01, 0x03,
  0x02, 0x00, 0x14, 0x00, 0x02, 0x00, 0x02, 0x03, 0x02, 0x00, 0x03, 0x03, 0x02, 0x00, 0x04, 0x03,
  0x02, 0x00, 0x05, 0x03, 0x02, 0x00, 0x06, 0x03, 0x02, 0x00, 0x07, 0x03, 0x02, 0x00, 0x08, 0x03,
  0x02, 0x00, 0x09, 0x03, 0x02, 0x00, 0x0a, 0x03, 0x02, 0x00, 0x0b, 0x03, 0x02, 0x00, 0x0c, 0x03,
  0x04, 0x00, 0x0d, 0x03, 0x04, 0x00, 0x0e, 0x03, 0x04, 0x00, 0x0f, 0x03, 0x04, 0x00, 0x10, 0x03,
  0x07, 0x00, 0x11, 0x03, 0x07, 0x00, 0x12, 0x03, 0x07, 0x00, 0x13, 0x03, 0x07, 0x00, 0x14, 0x03,
  0x07, 0x00, 0x15, 0x03, 0x07, 0x00, 0x16, 0x03, 0x07, 0x00, 0x17, 0x03, 0x07, 0x00, 0x18, 0x03,
  0x07, 0x00, 0x19, 0x03, 0x04, 0x00, 0x08, 0x01, 0x00, 0x00, 0x1a, 0x03, 0x00, 0x00, 0x1b, 0x03,
  0x00, 0x00, 0xd1, 0x01, 0x00, 0x00, 0x1c, 0x03, 0x00, 0x00, 0x1d, 0x03, 0x00, 0x00, 0x1e, 0x03,
  0x07, 0x00, 0x1f, 0x03, 0x07, 0x00, 0x20, 0x03, 0x27, 0x00, 0x7d, 0x00, 0x0c, 0x00, 0x21, 0x03,
  0x0c, 0x00, 0x22, 0x03, 0x0c, 0x00, 0x23, 0x03, 0x0c, 0x00, 0x24, 0x03, 0x07, 0x00, 0x25, 0x03,
  0x02, 0x00, 0x44, 0x02, 0x02, 0x00, 0x26, 0x03, 0x07, 0x00, 0x32, 0x02, 0x04, 0x00, 0x27, 0x03,
  0x04, 0x00, 0x28, 0x03, 0x91, 0x00, 0x29, 0x03, 0x02, 0x00, 0x2a, 0x03, 0x02, 0x00, 0xd9, 0x00,
  0x07, 0x00, 0x2b, 0x03, 0x0c, 0x00, 0x2c, 0x03, 0x0c, 0x00, 0x2d, 0x03, 0x0c, 0x00, 0x2e, 0x03,
  0x0c, 0x00, 0x2f, 0x03, 0x92, 0x00, 0x30, 0x03, 0x93, 0x00, 0x31, 0x03, 0x3f, 0x00, 0x32, 0x03,
  0x02, 0x00, 0x33, 0x03, 0x02, 0x00, 0x34, 0x03, 0x02, 0x00, 0x35, 0x03, 0x02, 0x00, 0x36, 0x03,
  0x07, 0x00, 0x2a, 0x02, 0x02, 0x00, 0x37, 0x03, 0x02, 0x00, 0x38, 0x03, 0x8a, 0x00, 0x39, 0x03,
  0x86, 0x00, 0x3a, 0x03, 0x86, 0x00, 0x3b, 0x03, 0x04, 0x00, 0x3c, 0x03, 0x04, 0x00, 0x3d, 0x03,
  0x04, 0x00, 0x3e, 0x03, 0x04, 0x00, 0x46, 0x00, 0x09, 0x00, 0xa2, 0x00, 0x0c, 0x00, 0x3f, 0x03,
  0x94, 0x00, 0x0e, 0x00, 0x94, 0x00, 0x00, 0x00, 0x94, 0x00, 0x01, 0x00, 0x20, 0x00, 0x26, 0x00,
  0x07, 0x00, 0xa1, 0x02, 0x07, 0x00, 0x05, 0x01, 0x07, 0x00, 0xa2, 0x02, 0x07, 0x00, 0x9b, 0x02,
  0x00, 0x00, 0x11, 0x00, 0x04, 0x00, 0xa3, 0x02, 0x04, 0x00, 0xa4, 0x02, 0x04, 0x00, 0x40, 0x03,
  0x02, 0x00, 0x12, 0x00, 0x02, 0x00, 0x41, 0x03, 0x07, 0x00, 0xa5, 0x02, 0x92, 0x00, 0x24, 0x00,
  0x02, 0x00, 0x42, 0x03, 0x02, 0x00, 0x43, 0x03, 0x02, 0x00, 0x14, 0x00, 0x02, 0x00, 0x9b, 0x02,
  0x07, 0x00, 0x44, 0x03, 0x07, 0x00, 0x45, 0x03, 0x07, 0x00, 0x46, 0x03, 0x07, 0x00, 0x47, 0x03,
  0x07, 0x00, 0x48, 0x03, 0x07, 0x00, 0x49, 0x03, 0x07, 0x00, 0x4a, 0x03, 0x07, 0x00, 0x4b, 0x03,
  0x07, 0x00, 0x4c, 0x03, 0x07, 0x00, 0x4d, 0x03, 0x07, 0x00, 0x4e, 0x03, 0x07, 0x00, 0x4f, 0x03,
  0x07, 0x00, 0x50, 0x03, 0x07, 0x00, 0x51, 0x03, 0x07, 0x00, 0x52, 0x03, 0x07, 0x00, 0x53, 0x03,
  0x07, 0x00, 0x54, 0x03, 0x07, 0x00, 0x55, 0x03, 0x07, 0x00, 0x56, 0x03, 0x07, 0x00, 0x57, 0x03,
  0x07, 0x00, 0x58, 0x03, 0x07, 0x00, 0x59, 0x03, 0x07, 0x00, 0x5a, 0x03, 0x07, 0x00, 0x5b, 0x03,
  0x02, 0x00, 0x5c, 0x03, 0x02, 0x00, 0x5d, 0x03, 0x02, 0x00, 0x5e, 0x03, 0x02, 0x00, 0x5f, 0x03,
  0x33, 0x00, 0xa8, 0x00, 0x95, 0x00, 0x60, 0x03, 0x07, 0x00, 0x61, 0x03, 0x04, 0x00, 0x25, 0x00,
  0x7d, 0x00, 0x05, 0x00, 0x04, 0x00, 0x14, 0x00, 0x04, 0x00, 0x62, 0x03, 0x04, 0x00, 0x63, 0x03,
  0x04, 0x00, 0x64, 0x03, 0x04, 0x00, 0x65, 0x03, 0x96, 0x00, 0x01, 0x00, 0x07, 0x00, 0xdf, 0x01,
  0x91, 0x00, 0x1c, 0x00, 0x04, 0x00, 0x14, 0x00, 0x07, 0x00, 0x66, 0x03, 0x07, 0x00, 0x67, 0x03,
  0x07, 0x00, 0x68, 0x03, 0x04, 0x00, 0x69, 0x03, 0x04, 0x00, 0x6a, 0x03, 0x04, 0x00, 0x6b, 0x03,
  0x04, 0x00, 0x6c, 0x03, 0x07, 0x00, 0x6d, 0x03, 0x07, 0x00, 0x6e, 0x03, 0x07, 0x00, 0x6f, 0x03,
  0x07, 0x00, 0x70, 0x03, 0x07, 0x00, 0x71, 0x03, 0x07, 0x00, 0x72, 0x03, 0x07, 0x00, 0x73, 0x03,
  0x07, 0x00, 0x74, 0x03, 0x07, 0x00, 0x75, 0x03, 0x07, 0x00, 0x76, 0x03, 0x07, 0x00, 0x77, 0x03,
  0x07, 0x00, 0x78, 0x03, 0x07, 0x00, 0x79, 0x03, 0x07, 0x00, 0x7a, 0x03, 0x07, 0x00, 0x7b, 0x03,
  0x07, 0x00, 0x7c, 0x03, 0x07, 0x00, 0x7d, 0x03, 0x07, 0x00, 0x7e, 0x03, 0x04, 0x00, 0x7f, 0x03,
  0x04, 0x00, 0x80, 0x03, 0x93, 0x00, 0x2c, 0x00, 0x85, 0x00, 0x81, 0x03, 0x04, 0x00, 0x82, 0x03,
  0x04, 0x00, 0x83, 0x03, 0x97, 0x00, 0x84, 0x03, 0x98, 0x00, 0x85, 0x03, 0x07, 0x00, 0x25, 0x00,
  0x07, 0x00, 0x86, 0x03, 0x07, 0x00, 0x87, 0x03, 0x07, 0x00, 0x88, 0x03, 0x07, 0x00, 0x89, 0x03,
  0x07, 0x00, 0x8a, 0x03, 0x07, 0x00, 0x8b, 0x03, 0x07, 0x00, 0x8c, 0x03, 0x07, 0x00, 0x8d, 0x03,
  0x07, 0x00, 0x8e, 0x03, 0x07, 0x00, 0x8f, 0x03, 0x02, 0x00, 0x90, 0x03, 0x02, 0x00, 0x91, 0x03,
  0x07, 0x00, 0x92, 0x03, 0x07, 0x00, 0x93, 0x03, 0x04, 0x00, 0x82, 0x00, 0x04, 0x00, 0x94, 0x03,
  0x04, 0x00, 0x95, 0x03, 0x02, 0x00, 0x96, 0x03, 0x02, 0x00, 0x97, 0x03, 0x96, 0x00, 0x98, 0x03,
  0x04, 0x00, 0x99, 0x03, 0x04, 0x00, 0x51, 0x00, 0x07, 0x00, 0x9a, 0x03, 0x07, 0x00, 0x9b, 0x03,
  0x07, 0x00, 0x9c, 0x03, 0x07, 0x00, 0x9d, 0x03, 0x02, 0x00, 0x9e, 0x03, 0x02, 0x00, 0x9f, 0x03,
  0x02, 0x00, 0xa0, 0x03, 0x02, 0x00, 0xa1, 0x03, 0x02, 0x00, 0xa2, 0x03, 0x02, 0x00, 0xa3, 0x03,
  0x02, 0x00, 0xa4, 0x03, 0x02, 0x00, 0xa5, 0x03, 0x99, 0x00, 0xa6, 0x03, 0x07, 0x00, 0xa7, 0x03,
  0x07, 0x00, 0xa8, 0x03, 0x7d, 0x00, 0xa9, 0x03, 0x8a, 0x00, 0x30, 0x00, 0x02, 0x00, 0x12, 0x00,
  0x02, 0x00, 0xaa, 0x03, 0x02, 0x00, 0xab, 0x03, 0x02, 0x00, 0xac, 0x03, 0x07, 0x00, 0xad, 0x03,
  0x02, 0x00, 0xae, 0x03, 0x02, 0x00, 0xaf, 0x03, 0x07, 0x00, 0xb0, 0x03, 0x02, 0x00, 0xb1, 0x03,
  0x02, 0x00, 0xb2, 0x03, 0x07, 0x00, 0xb3, 0x03, 0x07, 0x00, 0xb4, 0x03, 0x07, 0x00, 0xb5, 0x03,
  0x07, 0x00, 0xb6, 0x03, 0x07, 0x00, 0xb7, 0x03, 0x07, 0x00, 0xb8, 0x03, 0x04, 0x00, 0xb9, 0x03,
  0x07, 0x00, 0xba, 0x03, 0x07, 0x00, 0xbb, 0x03, 0x07, 0x00, 0xbc, 0x03, 0x4a, 0x00, 0xbd, 0x03,
  0x4a, 0x00, 0xbe, 0x03, 0x4a, 0x00, 0xbf, 0x03, 0x00, 0x00, 0xc0, 0x03, 0x07, 0x00, 0xc1, 0x03,
  0x07, 0x00, 0xc2, 0x03, 0x24, 0x00, 0x4f, 0x00, 0x02, 0x00, 0xc3, 0x03, 0x00, 0x00, 0xc4, 0x03,
  0x00, 0x00, 0xc5, 0x03, 0x07, 0x00, 0xc6, 0x03, 0x04, 0x00, 0xc7, 0x03, 0x07, 0x00, 0xc8, 0x03,
  0x07, 0x00, 0xc9, 0x03, 0x04, 0x00, 0xca, 0x03, 0x04, 0x00, 0x14, 0x00, 0x07, 0x00, 0xcb, 0x03,
  0x07, 0x00, 0xcc, 0x03, 0x07, 0x00, 0xcd, 0x03, 0x4e, 0x00, 0xce, 0x03, 0x07, 0x00, 0xcf, 0x03,
  0x07, 0x00, 0xd0, 0x03, 0x07, 0x00, 0xd1, 0x03, 0x07, 0x00, 0xd2, 0x03, 0x07, 0x00, 0xd3, 0x03,
  0x07, 0x00, 0xd4, 0x03, 0x07, 0x00, 0xd5, 0x03, 0x04, 0x00, 0xd6, 0x03, 0x9a, 0x00, 0x42, 0x00,
  0x1b, 0x00, 0x1f, 0x00, 0x02, 0x00, 0xb1, 0x00, 0x02, 0x00, 0x0a, 0x01, 0x02, 0x00, 0x2b, 0x01,
  0x02, 0x00, 0xd7, 0x03, 0x07, 0x00, 0xd8, 0x03, 0x07, 0x00, 0xd9, 0x03, 0x07, 0x00, 0xda, 0x03,
  0x07, 0x00, 0xdb, 0x03, 0x07, 0x00, 0xdc, 0x03, 0x07, 0x00, 0xdd, 0x03, 0x07, 0x00, 0xde, 0x03,
  0x07, 0x00, 0xdf, 0x03, 0x07, 0x00, 0x50, 0x01, 0x07, 0x00, 0x52, 0x01, 0x07, 0x00, 0x51, 0x01,
  0x07, 0x00, 0xe0, 0x03, 0x04, 0x00, 0xe1, 0x03, 0x07, 0x00, 0xe2, 0x03, 0x07, 0x00, 0xe3, 0x03,
  0x07, 0x00, 0xe4, 0x03, 0x07, 0x00, 0xe5, 0x03, 0x07, 0x00, 0xe6, 0x03, 0x07, 0x00, 0xe7, 0x03,
  0x07, 0x00, 0xe8, 0x03, 0x02, 0x00, 0xe9, 0x03, 0x02, 0x00, 0x09, 0x01, 0x04, 0x00, 0xea, 0x03,
  0x07, 0x00, 0xeb, 0x03, 0x07, 0x00, 0xec, 0x03, 0x07, 0x00, 0xed, 0x03, 0x07, 0x00, 0xee, 0x03,
  0x07, 0x00, 0xef, 0x03, 0x07, 0x00, 0xf0, 0x03, 0x07, 0x00, 0xf1, 0x03, 0x07, 0x00, 0xf2, 0x03,
  0x07, 0x00, 0xf3, 0x03, 0x07, 0x00, 0xf4, 0x03, 0x07, 0x00, 0xf5, 0x03, 0x07, 0x00, 0xf6, 0x03,
  0x02, 0x00, 0xf7, 0x03, 0x02, 0x00, 0xf8, 0x03, 0x02, 0x00, 0xf9, 0x03, 0x02, 0x00, 0xfa, 0x03,
  0x07, 0x00, 0xfb, 0x03, 0x07, 0x00, 0xfc, 0x03, 0x07, 0x00, 0xfd, 0x03, 0x07, 0x00, 0xfe, 0x03,
  0x02, 0x00, 0xff, 0x03, 0x02, 0x00, 0x00, 0x04, 0x02, 0x00, 0x01, 0x04, 0x02, 0x00, 0x02, 0x04,
  0x07, 0x00, 0x03, 0x04, 0x07, 0x00, 0x04, 0x04, 0x07, 0x00, 0x05, 0x04, 0x07, 0x00, 0x06, 0x04,
  0x02, 0x00, 0x07, 0x04, 0x02, 0x00, 0x08, 0x04, 0x02, 0x00, 0x09, 0x04, 0x02, 0x00, 0x2b, 0x00,
  0x07, 0x00, 0x0a, 0x04, 0x07, 0x00, 0x0b, 0x04, 0x24, 0x00, 0x4f, 0x00, 0x32, 0x00, 0x49, 0x01,
  0x1e, 0x00, 0x99, 0x00, 0x27, 0x00, 0x7d, 0x00, 0x9b, 0x00, 0x10, 0x00, 0x02, 0x00, 0x0c, 0x04,
  0x02, 0x00, 0x0d, 0x04, 0x02, 0x00, 0x0e, 0x04, 0x02, 0x00, 0x14, 0x00, 0x02, 0x00, 0x0f, 0x04,
  0x02, 0x00, 0x10, 0x04, 0x02, 0x00, 0x11, 0x04, 0x02, 0x00, 0x12, 0x04, 0x02, 0x00, 0x13, 0x04,
  0x02, 0x00, 0x14, 0x04, 0x02, 0x00, 0x15, 0x04, 0x02, 0x00, 0x16, 0x04, 0x04, 0x00, 0x17, 0x04,
  0x07, 0x00, 0x18, 0x04, 0x07, 0x00, 0x19, 0x04, 0x07, 0x00, 0x1a, 0x04, 0x9c, 0x00, 0x08, 0x00,
  0x9c, 0x00, 0x00, 0x00, 0x9c, 0x00, 0x01, 0x00, 0x04, 0x00, 0x01, 0x03, 0x04, 0x00, 0x1b, 0x04,
  0x04, 0x00, 0x14, 0x00, 0x02, 0x00, 0x1c, 0x04, 0x02, 0x00, 0x1d, 0x04, 0x20, 0x00, 0xa7, 0x00,
  0x9d, 0x00, 0x0d, 0x00, 0x09, 0x00, 0x1e, 0x04, 0x09, 0x00, 0x1f, 0x04, 0x04, 0x00, 0x20, 0x04,
  0x04, 0x00, 0x21, 0x04, 0x04, 0x00, 0x22, 0x04, 0x04, 0x00, 0x23, 0x04, 0x04, 0x00, 0x24, 0x04,
  0x04, 0x00, 0x25, 0x04, 0x04, 0x00, 0x26, 0x04, 0x04, 0x00, 0x27, 0x04, 0x04, 0x00, 0x28, 0x04,
  0x04, 0x00, 0x25, 0x00, 0x00, 0x00, 0x29, 0x04, 0x9e, 0x00, 0x05, 0x00, 0x09, 0x00, 0x2a, 0x04,
  0x09, 0x00, 0x2b, 0x04, 0x04, 0x00, 0x2c, 0x04, 0x04, 0x00, 0x46, 0x00, 0x00, 0x00, 0x2d, 0x04,
  0x9f, 0x00, 0x0d, 0x00, 0x04, 0x00, 0x12, 0x00, 0x04, 0x00, 0x2e, 0x04, 0x04, 0x00, 0x2f, 0x04,
  0x04, 0x00, 0x30, 0x04, 0x04, 0x00, 0x31, 0x04, 0x04, 0x00, 0x32, 0x04, 0x04, 0x00, 0x5d, 0x00,
  0x04, 0x00, 0x33, 0x04, 0x04, 0x00, 0x34, 0x04, 0x04, 0x00, 0x35, 0x04, 0x04, 0x00, 0x36, 0x04,
  0x04, 0x00, 0x37, 0x04, 0x1a, 0x00, 0x1e, 0x00, 0xa0, 0x00, 0x04, 0x00, 0x04, 0x00, 0x38, 0x04,
  0x07, 0x00, 0x39, 0x04, 0x02, 0x00, 0x14, 0x00, 0x02, 0x00, 0xb5, 0x00, 0xa1, 0x00, 0x0b, 0x00,
  0xa1, 0x00, 0x00, 0x00, 0xa1, 0x00, 0x01, 0x00, 0x00, 0x00, 0x11, 0x00, 0x3d, 0x00, 0x3a, 0x04,
  0x3f, 0x00, 0x3b, 0x04, 0x04, 0x00, 0x01, 0x03, 0x04, 0x00, 0x3c, 0x04, 0x04, 0x00, 0x3d, 0x04,
  0x04, 0x00, 0x25, 0x00, 0x04, 0x00, 0x3e, 0x04, 0x04, 0x00, 0x3f, 0x04, 0xa2, 0x00, 0x78, 0x00,
  0x9d, 0x00, 0x40, 0x04, 0x9e, 0x00, 0x41, 0x04, 0x9f, 0x00, 0x42, 0x04, 0x04, 0x00, 0x43, 0x04,
  0x04, 0x00, 0x82, 0x00, 0x04, 0x00, 0x94, 0x03, 0x04, 0x00, 0x44, 0x04, 0x04, 0x00, 0x45, 0x04,
  0x04, 0x00, 0x46, 0x04, 0x04, 0x00, 0x47, 0x04, 0x02, 0x00, 0x14, 0x00, 0x02, 0x00, 0x48, 0x04,
  0x07, 0x00, 0x12, 0x03, 0x07, 0x00, 0x49, 0x04, 0x07, 0x00, 0x4a, 0x04, 0x07, 0x00, 0x4b, 0x04,
  0x07, 0x00, 0x4c, 0x04, 0x07, 0x00, 0x4d, 0x04, 0x02, 0x00, 0x4e, 0x04, 0x02, 0x00, 0x4f, 0x04,
  0x02, 0x00, 0x50, 0x04, 0x02, 0x00, 0x51, 0x04, 0x02, 0x00, 0xd8, 0x00, 0x02, 0x00, 0x52, 0x04,
  0x02, 0x00, 0x53, 0x04, 0x02, 0x00, 0x5f, 0x03, 0x02, 0x00, 0x54, 0x04, 0x02, 0x00, 0x55, 0x04,
  0x02, 0x00, 0x1e, 0x01, 0x02, 0x00, 0x6d, 0x00, 0x02, 0x00, 0x56, 0x04, 0x02, 0x00, 0x57, 0x04,
  0x02, 0x00, 0x58, 0x04, 0x02, 0x00, 0x59, 0x04, 0x02, 0x00, 0x5a, 0x04, 0x02, 0x00, 0x5b, 0x04,
  0x02, 0x00, 0x5c, 0x04, 0x02, 0x00, 0x5d, 0x04, 0x02, 0x00, 0x5e, 0x04, 0x02, 0x00, 0x1f, 0x01,
  0x02, 0x00, 0x5f, 0x04, 0x02, 0x00, 0x60, 0x04, 0x02, 0x00, 0x61, 0x04, 0x02, 0x00, 0x62, 0x04,
  0x04, 0x00, 0x63, 0x04, 0x04, 0x00, 0x09, 0x01, 0x02, 0x00, 0x64, 0x04, 0x02, 0x00, 0x65, 0x04,
  0x02, 0x00, 0x66, 0x04, 0x02, 0x00, 0x67, 0x04, 0x02, 0x00, 0x68, 0x04, 0x02, 0x00, 0x69, 0x04,
  0x18, 0x00, 0x6a, 0x04, 0x18, 0x00, 0x6b, 0x04, 0x17, 0x00, 0x6c, 0x04, 0x0c, 0x00, 0x6d, 0x04,
  0x02, 0x00, 0x6e, 0x04, 0x02, 0x00, 0x25, 0x00, 0x07, 0x00, 0x6f, 0x04, 0x07, 0x00, 0x70, 0x04,
  0x07, 0x00, 0x71, 0x04, 0x07, 0x00, 0x72, 0x04, 0x07, 0x00, 0x73, 0x04, 0x07, 0x00, 0x74, 0x04,
  0x07, 0x00, 0x75, 0x04, 0x07, 0x00, 0x76, 0x04, 0x07, 0x00, 0x77, 0x04, 0x02, 0x00, 0x78, 0x04,
  0x02, 0x00, 0x79, 0x04, 0x02, 0x00, 0x7a, 0x04, 0x02, 0x00, 0x7b, 0x04, 0x02, 0x00, 0x7c, 0x04,
  0x02, 0x00, 0x7d, 0x04, 0x07, 0x00, 0x7e, 0x04, 0x07, 0x00, 0x7f, 0x04, 0x07, 0x00, 0x80, 0x04,
  0x02, 0x00, 0x81, 0x04, 0x02, 0x00, 0x82, 0x04, 0x02, 0x00, 0x83, 0x04, 0x02, 0x00, 0x84, 0x04,
  0x02, 0x00, 0x85, 0x04, 0x02, 0x00, 0x86, 0x04, 0x02, 0x00, 0x87, 0x04, 0x02, 0x00, 0x88, 0x04,
  0x02, 0x00, 0x89, 0x04, 0x02, 0x00, 0x8a, 0x04, 0x04, 0x00, 0x8b, 0x04, 0x04, 0x00, 0x8c, 0x04,
  0x04, 0x00, 0x8d, 0x04, 0x04, 0x00, 0x8e, 0x04, 0x04, 0x00, 0x8f, 0x04, 0x07, 0x00, 0x90, 0x04,
  0x04, 0x00, 0x91, 0x04, 0x04, 0x00, 0x92, 0x04, 0x04, 0x00, 0x93, 0x04, 0x04, 0x00, 0x94, 0x04,
  0x07, 0x00, 0x95, 0x04, 0x07, 0x00, 0x96, 0x04, 0x07, 0x00, 0x97, 0x04, 0x07, 0x00, 0x98, 0x04,
  0x07, 0x00, 0x99, 0x04, 0x07, 0x00, 0x9a, 0x04, 0x07, 0x00, 0x9b, 0x04, 0x07, 0x00, 0x9c, 0x04,
  0x07, 0x00, 0x9d, 0x04, 0x00, 0x00, 0x9e, 0x04, 0x00, 0x00, 0x9f, 0x04, 0x04, 0x00, 0xa0, 0x04,
  0x02, 0x00, 0xa1, 0x04, 0x02, 0x00, 0x08, 0x01, 0x00, 0x00, 0xa2, 0x04, 0x07, 0x00, 0xa3, 0x04,
  0x07, 0x00, 0xa4, 0x04, 0x04, 0x00, 0xa5, 0x04, 0x04, 0x00, 0xa6, 0x04, 0x07, 0x00, 0xa7, 0x04,
  0x07, 0x00, 0xa8, 0x04, 0x02, 0x00, 0xa9, 0x04, 0x02, 0x00, 0xaa, 0x04, 0x07, 0x00, 0xab, 0x04,
  0xa3, 0x00, 0x09, 0x00, 0xa3, 0x00, 0x00, 0x00, 0xa3, 0x00, 0x01, 0x00, 0x00, 0x00, 0x11, 0x00,
  0x02, 0x00, 0xac, 0x04, 0x02, 0x00, 0xad, 0x04, 0x02, 0x00, 0xae, 0x04, 0x02, 0x00, 0x2b, 0x00,
  0x07, 0x00, 0xaf, 0x04, 0x07, 0x00, 0x46, 0x00, 0xa4, 0x00, 0x05, 0x00, 0x07, 0x00, 0xb0, 0x04,
  0x00, 0x00, 0x12, 0x00, 0x00, 0x00, 0x2b, 0x00, 0x00, 0x00, 0x46, 0x00, 0x00, 0x00, 0x08, 0x01,
  0xa5, 0x00, 0x05, 0x00, 0xa5, 0x00, 0x00, 0x00, 0xa5, 0x00, 0x01, 0x00, 0x04, 0x00, 0xb1, 0x04,
  0x00, 0x00, 0xb2, 0x04, 0x04, 0x00, 0x14, 0x00, 0xa6, 0x00, 0x04, 0x00, 0xa7, 0x00, 0xb3, 0x04,
  0x02, 0x00, 0x14, 0x00, 0x02, 0x00, 0xb4, 0x04, 0x04, 0x00, 0x08, 0x01, 0xa8, 0x00, 0x04, 0x00,
  0x02, 0x00, 0x6d, 0x00, 0x02, 0x00, 0x84, 0x02, 0x02, 0x00, 0xb5, 0x04, 0x02, 0x00, 0xb6, 0x04,
  0xa9, 0x00, 0x07, 0x00, 0x02, 0x00, 0x14, 0x00, 0x02, 0x00, 0xb7, 0x04, 0x02, 0x00, 0xb8, 0x04,
  0x02, 0x00, 0xb9, 0x04, 0xa8, 0x00, 0xba, 0x04, 0x07, 0x00, 0xbb, 0x04, 0x04, 0x00, 0xbc, 0x04,
  0xaa, 0x00, 0x04, 0x00, 0xaa, 0x00, 0x00, 0x00, 0xaa, 0x00, 0x01, 0x00, 0x00, 0x00, 0xbd, 0x04,
  0x07, 0x00, 0xbe, 0x04, 0xab, 0x00, 0x2a, 0x00, 0x02, 0x00, 0xbf, 0x04, 0x02, 0x00, 0xc0, 0x04,
  0x07, 0x00, 0xc1, 0x04, 0x07, 0x00, 0xc2, 0x04, 0x02, 0x00, 0xb5, 0x04, 0x02, 0x00, 0xc3, 0x04,
  0x07, 0x00, 0xc4, 0x04, 0x07, 0x00, 0xc5, 0x04, 0x02, 0x00, 0xc6, 0x04, 0x02, 0x00, 0xc7, 0x04,
  0x02, 0x00, 0xc8, 0x04, 0x02, 0x00, 0xc9, 0x04, 0x07, 0x00, 0xca, 0x04, 0x07, 0x00, 0xcb, 0x04,
  0x02, 0x00, 0xcc, 0x04, 0x02, 0x00, 0xcd, 0x04, 0x02, 0x00, 0xce, 0x04, 0x02, 0x00, 0xcf, 0x04,
  0xa6, 0x00, 0xd0, 0x04, 0xa9, 0x00, 0xd1, 0x04, 0x07, 0x00, 0xd2, 0x04, 0x07, 0x00, 0xd3, 0x04,
  0x00, 0x00, 0xd4, 0x04, 0x00, 0x00, 0xd5, 0x04, 0x00, 0x00, 0xd6, 0x04, 0x00, 0x00, 0xd7, 0x04,
  0x00, 0x00, 0xd8, 0x04, 0x00, 0x00, 0xd9, 0x04, 0x02, 0x00, 0xda, 0x04, 0x07, 0x00, 0xdb, 0x04,
  0x07, 0x00, 0xdc, 0x04, 0x07, 0x00, 0xdd, 0x04, 0x07, 0x00, 0xde, 0x04, 0x07, 0x00, 0xdf, 0x04,
  0x07, 0x00, 0xe0, 0x04, 0x07, 0x00, 0xe1, 0x04, 0x02, 0x00, 0xe2, 0x04, 0x00, 0x00, 0xe3, 0x04,
  0x00, 0x00, 0xe4, 0x04, 0x00, 0x00, 0xe5, 0x04, 0x00, 0x00, 0xe6, 0x04, 0x00, 0x00, 0xe7, 0x04,
  0xac, 0x00, 0x06, 0x00, 0x02, 0x00, 0x6d, 0x00, 0x00, 0x00, 0x84, 0x02, 0x00, 0x00, 0xe8, 0x04,
  0x00, 0x00, 0xe9, 0x04, 0x00, 0x00, 0x14, 0x00, 0x00, 0x00, 0x4a, 0x02, 0xad, 0x00, 0x1a, 0x00,
  0xae, 0x00, 0xea, 0x04, 0x32, 0x00, 0x49, 0x01, 0x3b, 0x00, 0xeb, 0x04, 0xac, 0x00, 0xec, 0x04,
  0xac, 0x00, 0xed, 0x04, 0xac, 0x00, 0xee, 0x04, 0xac, 0x00, 0xef, 0x04, 0xac, 0x00, 0xf0, 0x04,
  0xac, 0x00, 0xf1, 0x04, 0xac, 0x00, 0xf2, 0x04, 0x07, 0x00, 0xf3, 0x04, 0x02, 0x00, 0xf4, 0x04,
  0x02, 0x00, 0x2b, 0x01, 0x02, 0x00, 0xf5, 0x04, 0x02, 0x00, 0xff, 0x01, 0x00, 0x00, 0xf6, 0x04,
  0x00, 0x00, 0xf7, 0x04, 0x00, 0x00, 0xf8, 0x04, 0x00, 0x00, 0xf9, 0x04, 0x00, 0x00, 0x5d, 0x00,
  0x00, 0x00, 0xfa, 0x04, 0x00, 0x00, 0xfb, 0x04, 0x00, 0x00, 0xfc, 0x04, 0x00, 0x00, 0xfd, 0x04,
  0x00, 0x00, 0xfe, 0x04, 0x00, 0x00, 0x4a, 0x02, 0xaf, 0x00, 0x2b, 0x00, 0x1b, 0x00, 0x1f, 0x00,
  0x20, 0x00, 0xff, 0x04, 0x9a, 0x00, 0x00, 0x05, 0xaf, 0x00, 0x01, 0x05, 0x2e, 0x00, 0xd0, 0x00,
  0x0c, 0x00, 0x02, 0x05, 0x9c, 0x00, 0x03, 0x05, 0x07, 0x00, 0x04, 0x05, 0x07, 0x00, 0x05, 0x05,
  0x07, 0x00, 0x06, 0x05, 0x07, 0x00, 0x07, 0x05, 0x04, 0x00, 0x01, 0x03, 0x07, 0x00, 0x08, 0x05,
  0x02, 0x00, 0x09, 0x05, 0x02, 0x00, 0x0a, 0x05, 0x02, 0x00, 0x0b, 0x05, 0x02, 0x00, 0x0c, 0x05,
  0x02, 0x00, 0x0d, 0x05, 0x02, 0x00, 0x0e, 0x05, 0x02, 0x00, 0x0f, 0x05, 0x02, 0x00, 0x8a, 0x01,
  0x3e, 0x00, 0x9e, 0x01, 0x09, 0x00, 0x10, 0x05, 0x9b, 0x00, 0x11, 0x05, 0xa4, 0x00, 0x12, 0x05,
  0xab, 0x00, 0x13, 0x05, 0xa2, 0x00, 0xb6, 0x00, 0xa0, 0x00, 0x14, 0x05, 0x27, 0x00, 0x7d, 0x00,
  0x0c, 0x00, 0x67, 0x00, 0x0c, 0x00, 0x15, 0x05, 0x02, 0x00, 0x16, 0x05, 0x02, 0x00, 0x17, 0x05,
  0x02, 0x00, 0x18, 0x05, 0x02, 0x00, 0x19, 0x05, 0xb0, 0x00, 0x1a, 0x05, 0x02, 0x00, 0x1b, 0x05,
  0x02, 0x00, 0x1c, 0x05, 0x02, 0x00, 0x3c, 0x01, 0x02, 0x00, 0xd9, 0x00, 0xad, 0x00, 0x1d, 0x05,
  0x04, 0x00, 0x1e, 0x05, 0x04, 0x00, 0x25, 0x00, 0xb1, 0x00, 0x09, 0x00, 0x2e, 0x00, 0xd0, 0x00,
  0x2d, 0x00, 0xff, 0x00, 0x07, 0x00, 0x06, 0x02, 0x07, 0x00, 0x07, 0x02, 0x07, 0x00, 0x6d, 0x00,
  0x07, 0x00, 0x1f, 0x05, 0x07, 0x00, 0x20, 0x05, 0x02, 0x00, 0x21, 0x05, 0x02, 0x00, 0x22, 0x05,
  0xb2, 0x00, 0x4b, 0x00, 0xb3, 0x00, 0x00, 0x00, 0xb3, 0x00, 0x01, 0x00, 0x04, 0x00, 0x23, 0x05,
  0x07, 0x00, 0x24, 0x05, 0xb4, 0x00, 0x25, 0x05, 0x02, 0x00, 0x26, 0x05, 0x07, 0x00, 0x27, 0x05,
  0x07, 0x00, 0x28, 0x05, 0x07, 0x00, 0x29, 0x05, 0x07, 0x00, 0x2a, 0x05, 0x07, 0x00, 0x2b, 0x05,
  0x07, 0x00, 0x2c, 0x05, 0x07, 0x00, 0x2d, 0x05, 0x07, 0x00, 0x10, 0x01, 0x07, 0x00, 0x2e, 0x05,
  0x04, 0x00, 0x2f, 0x05, 0x02, 0x00, 0x30, 0x05, 0x02, 0x00, 0xe9, 0x04, 0x20, 0x00, 0xff, 0x04,
  0x20, 0x00, 0x31, 0x05, 0xb1, 0x00, 0x32, 0x05, 0xb2, 0x00, 0x33, 0x05, 0xb5, 0x00, 0x34, 0x05,
  0xb6, 0x00, 0x35, 0x05, 0xb7, 0x00, 0x36, 0x05, 0x00, 0x00, 0x37, 0x05, 0x02, 0x00, 0x0e, 0x04,
  0x02, 0x00, 0x38, 0x05, 0x04, 0x00, 0x01, 0x03, 0x04, 0x00, 0x39, 0x05, 0x02, 0x00, 0x3a, 0x05,
  0x02, 0x00, 0x3b, 0x05, 0x02, 0x00, 0x3c, 0x05, 0x00, 0x00, 0x3d, 0x05, 0x00, 0x00, 0x2b, 0x00,
  0x07, 0x00, 0x73, 0x00, 0x07, 0x00, 0x3e, 0x05, 0x07, 0x00, 0x3f, 0x05, 0x07, 0x00, 0x40, 0x05,
  0x07, 0x00, 0x41, 0x05, 0x07, 0x00, 0x42, 0x05, 0x07, 0x00, 0x43, 0x05, 0x07, 0x00, 0x44, 0x05,
  0x07, 0x00, 0xae, 0x00, 0x07, 0x00, 0x04, 0x05, 0x02, 0x00, 0x45, 0x05, 0x02, 0x00, 0x46, 0x05,
  0x02, 0x00, 0x47, 0x05, 0x02, 0x00, 0x48, 0x05, 0x02, 0x00, 0x89, 0x00, 0x02, 0x00, 0xf5, 0x04,
  0x02, 0x00, 0x49, 0x05, 0x02, 0x00, 0x4a, 0x05, 0x02, 0x00, 0x4b, 0x05, 0x02, 0x00, 0x4c, 0x05,
  0x07, 0x00, 0x4d, 0x05, 0x07, 0x00, 0x4e, 0x05, 0x43, 0x00, 0x4f, 0x05, 0x0c, 0x00, 0x50, 0x05,
  0x02, 0x00, 0x51, 0x05, 0x02, 0x00, 0x33, 0x02, 0x02, 0x00, 0x52, 0x05, 0x02, 0x00, 0x14, 0x00,
  0x02, 0x00, 0x53, 0x05, 0x02, 0x00, 0x54, 0x05, 0x02, 0x00, 0x55, 0x05, 0x00, 0x00, 0x56, 0x05,
  0x00, 0x00, 0x57, 0x05, 0x09, 0x00, 0x58, 0x05, 0xb8, 0x00, 0x59, 0x05, 0x07, 0x00, 0x5a, 0x05,
  0x02, 0x00, 0x5b, 0x05, 0x02, 0x00, 0x5c, 0x05, 0x02, 0x00, 0x0d, 0x05, 0x02, 0x00, 0x0e, 0x05,
  0xb9, 0x00, 0x13, 0x00, 0x18, 0x00, 0x24, 0x00, 0x18, 0x00, 0x40, 0x00, 0x17, 0x00, 0x5d, 0x05,
  0x17, 0x00, 0x5e, 0x05, 0x17, 0x00, 0x5f, 0x05, 0x07, 0x00, 0x60, 0x05, 0x07, 0x00, 0x61, 0x05,
  0x07, 0x00, 0x62, 0x05, 0x07, 0x00, 0x63, 0x05, 0x02, 0x00, 0x64, 0x05, 0x02, 0x00, 0x65, 0x05,
  0x02, 0x00, 0x66, 0x05, 0x02, 0x00, 0x67, 0x05, 0x02, 0x00, 0x68, 0x05, 0x02, 0x00, 0x69, 0x05,
  0x04, 0x00, 0x14, 0x00, 0x07, 0x00, 0x6a, 0x05, 0x02, 0x00, 0x3b, 0x05, 0x00, 0x00, 0x69, 0x02,
  0xb3, 0x00, 0x06, 0x00, 0xb3, 0x00, 0x00, 0x00, 0xb3, 0x00, 0x01, 0x00, 0x04, 0x00, 0x23, 0x05,
  0x07, 0x00, 0x24, 0x05, 0xb4, 0x00, 0x25, 0x05, 0x02, 0x00, 0x26, 0x05, 0xba, 0x00, 0x06, 0x00,
  0xb3, 0x00, 0x00, 0x00, 0xb3, 0x00, 0x01, 0x00, 0x04, 0x00, 0x23, 0x05, 0x07, 0x00, 0x24, 0x05,
  0xb4, 0x00, 0x25, 0x05, 0x02, 0x00, 0x26, 0x05, 0xbb, 0x00, 0x1b, 0x00, 0xb3, 0x00, 0x00, 0x00,
  0xb3, 0x00, 0x01, 0x00, 0x04, 0x00, 0x23, 0x05, 0x07, 0x00, 0x24, 0x05, 0xb4, 0x00, 0x25, 0x05,
  0x02, 0x00, 0x26, 0x05, 0x04, 0x00, 0x6b, 0x05, 0x04, 0x00, 0x46, 0x00, 0xb9, 0x00, 0x6c, 0x05,
  0x09, 0x00, 0x6d, 0x05, 0x0c, 0x00, 0x6e, 0x05, 0x24, 0x00, 0x4f, 0x00, 0x1b, 0x00, 0x50, 0x00,
  0x00, 0x00, 0x6f, 0x05, 0x00, 0x00, 0x70, 0x05, 0x00, 0x00, 0x71, 0x05, 0x02, 0x00, 0x72, 0x05,
  0x02, 0x00, 0x73, 0x05, 0x02, 0x00, 0x74, 0x05, 0x02, 0x00, 0x75, 0x05, 0x02, 0x00, 0x41, 0x00,
  0x02, 0x00, 0x2e, 0x00, 0x02, 0x00, 0x89, 0x00, 0x02, 0x00, 0x76, 0x05, 0x04, 0x00, 0x14, 0x00,
  0x07, 0x00, 0x77, 0x05, 0x18, 0x00, 0x24, 0x00, 0xbc, 0x00, 0x1d, 0x00, 0xb3, 0x00, 0x00, 0x00,
  0xb3, 0x00, 0x01, 0x00, 0x04, 0x00, 0x23, 0x05, 0x07, 0x00, 0x24, 0x05, 0xb4, 0x00, 0x25, 0x05,
  0xb5, 0x00, 0x34, 0x05, 0x02, 0x00, 0x26, 0x05, 0x02, 0x00, 0x78, 0x05, 0x02, 0x00, 0x79, 0x05,
  0x02, 0x00, 0x7a, 0x05, 0x02, 0x00, 0x7b, 0x05, 0xb9, 0x00, 0x6c, 0x05, 0x02, 0x00, 0x7c, 0x05,
  0x02, 0x00, 0x89, 0x00, 0x02, 0x00, 0x73, 0x05, 0x02, 0x00, 0x7d, 0x05, 0x09, 0x00, 0x7e, 0x05,
  0x02, 0x00, 0xf5, 0x04, 0x00, 0x00, 0x7f, 0x05, 0x00, 0x00, 0x80, 0x05, 0x02, 0x00, 0x81, 0x05,
  0x02, 0x00, 0x82, 0x05, 0x02, 0x00, 0x0a, 0x03, 0x02, 0x00, 0x83, 0x05, 0x02, 0x00, 0x84, 0x05,
  0x00, 0x00, 0x25, 0x00, 0x00, 0x00, 0x14, 0x00, 0x00, 0x00, 0x2b, 0x01, 0x00, 0x00, 0x85, 0x05,
  0xbd, 0x00, 0x10, 0x00, 0xb3, 0x00, 0x00, 0x00, 0xb3, 0x00, 0x01, 0x00, 0x04, 0x00, 0x23, 0x05,
  0x07, 0x00, 0x24, 0x05, 0xb4, 0x00, 0x25, 0x05, 0x02, 0x00, 0x26, 0x05, 0xb9, 0x00, 0x6c, 0x05,
  0x07, 0x00, 0x06, 0x02, 0x07, 0x00, 0x07, 0x02, 0x02, 0x00, 0x7c, 0x05, 0x02, 0x00, 0x25, 0x00,
  0x02, 0x00, 0x86, 0x05, 0x02, 0x00, 0x87, 0x05, 0x04, 0x00, 0x14, 0x00, 0x07, 0x00, 0x1f, 0x05,
  0xb8, 0x00, 0x59, 0x05, 0xbe, 0x00, 0x21, 0x00, 0xb3, 0x00, 0x00, 0x00, 0xb3, 0x00, 0x01, 0x00,
  0x04, 0x00, 0x23, 0x05, 0x07, 0x00, 0x24, 0x05, 0xb4, 0x00, 0x25, 0x05, 0x02, 0x00, 0x26, 0x05,
  0xbf, 0x00, 0x88, 0x05, 0x04, 0x00, 0x89, 0x05, 0x00, 0x00, 0x8a, 0x05, 0x00, 0x00, 0x8b, 0x05,
  0x00, 0x00, 0x8c, 0x05, 0x02, 0x00, 0x12, 0x00, 0x02, 0x00, 0x8d, 0x05, 0x02, 0x00, 0x14, 0x00,
  0x02, 0x00, 0x8e, 0x05, 0x02, 0x00, 0x8f, 0x05, 0x02, 0x00, 0x90, 0x05, 0x02, 0x00, 0x91, 0x05,
  0x02, 0x00, 0x2b, 0x00, 0x04, 0x00, 0x46, 0x00, 0x00, 0x00, 0x92, 0x05, 0xc0, 0x00, 0x93, 0x05,
  0x02, 0x00, 0x94, 0x05, 0x02, 0x00, 0x95, 0x05, 0x02, 0x00, 0x96, 0x05, 0x02, 0x00, 0xcf, 0x00,
  0x09, 0x00, 0x97, 0x05, 0x09, 0x00, 0x98, 0x05, 0x09, 0x00, 0x99, 0x05, 0x09, 0x00, 0x9a, 0x05,
  0x09, 0x00, 0x9b, 0x05, 0x02, 0x00, 0x9c, 0x05, 0x00, 0x00, 0x9d, 0x05, 0xc1, 0x00, 0x17, 0x00,
  0xb3, 0x00, 0x00, 0x00, 0xb3, 0x00, 0x01, 0x00, 0x04, 0x00, 0x23, 0x05, 0x07, 0x00, 0x24, 0x05,
  0xb4, 0x00, 0x25, 0x05, 0x02, 0x00, 0x26, 0x05, 0xb9, 0x00, 0x6c, 0x05, 0x0c, 0x00, 0x9e, 0x05,
  0x02, 0x00, 0x73, 0x05, 0x02, 0x00, 0x9f, 0x05, 0x02, 0x00, 0x14, 0x00, 0x02, 0x00, 0x39, 0x00,
  0x09, 0x00, 0x7e, 0x05, 0x0c, 0x00, 0xa0, 0x05, 0xc2, 0x00, 0xa1, 0x05, 0x00, 0x00, 0xa2, 0x05,
  0xc3, 0x00, 0xa3, 0x05, 0x04, 0x00, 0xa4, 0x05, 0x04, 0x00, 0xa5, 0x05, 0x02, 0x00, 0x12, 0x00,
  0x02, 0x00, 0xa6, 0x05, 0x02, 0x00, 0xa7, 0x05, 0x02, 0x00, 0xa8, 0x05, 0xc4, 0x00, 0x1d, 0x00,
  0xb3, 0x00, 0x00, 0x00, 0xb3, 0x00, 0x01, 0x00, 0x04, 0x00, 0x23, 0x05, 0x07, 0x00, 0x24, 0x05,
  0xb4, 0x00, 0x25, 0x05, 0x02, 0x00, 0x26, 0x05, 0xb9, 0x00, 0x6c, 0x05, 0x2e, 0x00, 0x8c, 0x02,
  0x2d, 0x00, 0xff, 0x00, 0x3b, 0x00, 0xeb, 0x04, 0x02, 0x00, 0x09, 0x01, 0x02, 0x00, 0x89, 0x00,
  0x02, 0x00, 0xa9, 0x05, 0x02, 0x00, 0xaa, 0x05, 0x04, 0x00, 0x14, 0x00, 0x02, 0x00, 0x09, 0x05,
  0x02, 0x00, 0xab, 0x05, 0x02, 0x00, 0x76, 0x05, 0x02, 0x00, 0x73, 0x05, 0x07, 0x00, 0x1f, 0x05,
  0x00, 0x00, 0xac, 0x05, 0x00, 0x00, 0xad, 0x05, 0x00, 0x00, 0xae, 0x05, 0x00, 0x00, 0xaf, 0x05,
  0x07, 0x00, 0x06, 0x02, 0x07, 0x00, 0x07, 0x02, 0x07, 0x00, 0xb0, 0x05, 0x07, 0x00, 0xb1, 0x05,
  0xb8, 0x00, 0x59, 0x05, 0xc5, 0x00, 0x0b, 0x00, 0xb3, 0x00, 0x00, 0x00, 0xb3, 0x00, 0x01, 0x00,
  0x04, 0x00, 0x23, 0x05, 0x07, 0x00, 0x24, 0x05, 0xb4, 0x00, 0x25, 0x05, 0x02, 0x00, 0x26, 0x05,
  0x02, 0x00, 0x89, 0x00, 0x02, 0x00, 0x76, 0x05, 0x02, 0x00, 0xb2, 0x05, 0x02, 0x00, 0x14, 0x00,
  0xb9, 0x00, 0x6c, 0x05, 0xc6, 0x00, 0x18, 0x00, 0xb3, 0x00, 0x00, 0x00, 0xb3, 0x00, 0x01, 0x00,
  0x04, 0x00, 0x23, 0x05, 0x07, 0x00, 0x24, 0x05, 0xb4, 0x00, 0x25, 0x05, 0x02, 0x00, 0x26, 0x05,
  0x2a, 0x00, 0xb3, 0x05, 0x04, 0x00, 0xb4, 0x05, 0x04, 0x00, 0xb5, 0x05, 0x02, 0x00, 0x5d, 0x00,
  0x02, 0x00, 0x89, 0x00, 0x04, 0x00, 0xb6, 0x05, 0x04, 0x00, 0xb7, 0x05, 0x04, 0x00, 0xb8, 0x05,
  0x04, 0x00, 0xb9, 0x05, 0x04, 0x00, 0xba, 0x05, 0x04, 0x00, 0xbb, 0x05, 0x04, 0x00, 0xbc, 0x05,
  0x04, 0x00, 0xbd, 0x05, 0x07, 0x00, 0xbe, 0x05, 0x17, 0x00, 0xbf, 0x05, 0x17, 0x00, 0xc0, 0x05,
  0x04, 0x00, 0xc1, 0x05, 0x04, 0x00, 0xc2, 0x05, 0xc7, 0x00, 0x0a, 0x00, 0x1b, 0x00, 0x1f, 0x00,
  0x09, 0x00, 0xc3, 0x05, 0x09, 0x00, 0xc4, 0x05, 0x09, 0x00, 0xc5, 0x05, 0x09, 0x00, 0xc6, 0x05,
  0x09, 0x00, 0xc7, 0x05, 0x04, 0x00, 0x5d, 0x00, 0x04, 0x00, 0xc8, 0x05, 0x00, 0x00, 0xc9, 0x05,
  0x00, 0x00, 0xca, 0x05, 0xc8, 0x00, 0x0a, 0x00, 0xb3, 0x00, 0x00, 0x00, 0xb3, 0x00, 0x01, 0x00,
  0x04, 0x00, 0x23, 0x05, 0x07, 0x00, 0x24, 0x05, 0xb4, 0x00, 0x25, 0x05, 0xc7, 0x00, 0xcb, 0x05,
  0x02, 0x00, 0x5d, 0x00, 0x02, 0x00, 0x89, 0x00, 0x04, 0x00, 0x2b, 0x00, 0x09, 0x00, 0xcc, 0x05,
  0xc9, 0x00, 0x08, 0x00, 0xb3, 0x00, 0x00, 0x00, 0xb3, 0x00, 0x01, 0x00, 0x04, 0x00, 0x23, 0x05,
  0x07, 0x00, 0x24, 0x05, 0xb4, 0x00, 0x25, 0x05, 0xb9, 0x00, 0x6c, 0x05, 0x04, 0x00, 0x14, 0x00,
  0x04, 0x00, 0xcd, 0x05, 0xca, 0x00, 0x14, 0x00, 0xb3, 0x00, 0x00, 0x00, 0xb3, 0x00, 0x01, 0x00,
  0x04, 0x00, 0x23, 0x05, 0x07, 0x00, 0x24, 0x05, 0xb4, 0x00, 0x25, 0x05, 0x02, 0x00, 0x26, 0x05,
  0xb9, 0x00, 0x6c, 0x05, 0x1b, 0x00, 0xce, 0x05, 0x1b, 0x00, 0x50, 0x00, 0x02, 0x00, 0x14, 0x00,
  0x02, 0x00, 0x89, 0x00, 0x07, 0x00, 0xcf, 0x05, 0x09, 0x00, 0xd0, 0x05, 0x07, 0x00, 0x06, 0x02,
  0x07, 0x00, 0x07, 0x02, 0x3e, 0x00, 0x9e, 0x01, 0x3e, 0x00, 0xd1, 0x05, 0x04, 0x00, 0xd2, 0x05,
  0x04, 0x00, 0x25, 0x00, 0xb8, 0x00, 0x59, 0x05, 0xcb, 0x00, 0x2a, 0x00, 0xb3, 0x00, 0x00, 0x00,
  0xb3, 0x00, 0x01, 0x00, 0x04, 0x00, 0x23, 0x05, 0x07, 0x00, 0x24, 0x05, 0xb4, 0x00, 0x25, 0x05,
  0x02, 0x00, 0x26, 0x05, 0xb9, 0x00, 0x6c, 0x05, 0xcc, 0x00, 0xd3, 0x05, 0x00, 0x00, 0x8a, 0x05,
  0x00, 0x00, 0x8b, 0x05, 0x00, 0x00, 0x8c, 0x05, 0x02, 0x00, 0x12, 0x00, 0x02, 0x00, 0x95, 0x05,
  0x02, 0x00, 0x14, 0x00, 0x02, 0x00, 0x8e, 0x05, 0x09, 0x00, 0xd0, 0x05, 0x04, 0x00, 0xd4, 0x05,
  0x04, 0x00, 0xd5, 0x05, 0x04, 0x00, 0xd6, 0x05, 0x04, 0x00, 0xd7, 0x05, 0x17, 0x00, 0xd8, 0x05,
  0x17, 0x00, 0xd9, 0x05, 0x07, 0x00, 0xda, 0x05, 0x07, 0x00, 0xdb, 0x05, 0x07, 0x00, 0xdc, 0x05,
  0x07, 0x00, 0xcf, 0x05, 0x02, 0x00, 0x94, 0x05, 0x02, 0x00, 0xcf, 0x00, 0x02, 0x00, 0x62, 0x01,
  0x02, 0x00, 0xdd, 0x05, 0x02, 0x00, 0x25, 0x00, 0x02, 0x00, 0x2b, 0x00, 0x02, 0x00, 0xde, 0x05,
  0x02, 0x00, 0xdf, 0x05, 0x09, 0x00, 0x97, 0x05, 0x09, 0x00, 0x98, 0x05, 0x09, 0x00, 0x99, 0x05,
  0x09, 0x00, 0x9a, 0x05, 0x09, 0x00, 0x9b, 0x05, 0x02, 0x00, 0x9c, 0x05, 0x00, 0x00, 0x9d, 0x05,
  0x38, 0x00, 0xe0, 0x05, 0xcd, 0x00, 0x14, 0x00, 0x00, 0x00, 0xe1, 0x05, 0x00, 0x00, 0xe2, 0x05,
  0x00, 0x00, 0xe3, 0x05, 0x00, 0x00, 0xe4, 0x05, 0x00, 0x00, 0xe5, 0x05, 0x00, 0x00, 0xe6, 0x05,
  0x00, 0x00, 0xe7, 0x05, 0x00, 0x00, 0xe8, 0x05, 0x00, 0x00, 0xe9, 0x05, 0x00, 0x00, 0xea, 0x05,
  0x00, 0x00, 0xeb, 0x05, 0x00, 0x00, 0xec, 0x05, 0x00, 0x00, 0xed, 0x05, 0x00, 0x00, 0xee, 0x05,
  0x00, 0x00, 0xef, 0x05, 0x00, 0x00, 0xf0, 0x05, 0x00, 0x00, 0xf1, 0x05, 0x00, 0x00, 0xf2, 0x05,
  0x00, 0x00, 0xb5, 0x00, 0x00, 0x00, 0xf3, 0x05, 0xce, 0x00, 0x36, 0x00, 0x00, 0x00, 0xf4, 0x05,
  0x00, 0x00, 0xeb, 0x05, 0x00, 0x00, 0xec, 0x05, 0x00, 0x00, 0xf5, 0x05, 0x00, 0x00, 0xf6, 0x05,
  0x00, 0x00, 0xf7, 0x05, 0x00, 0x00, 0xf8, 0x05, 0x00, 0x00, 0xf9, 0x05, 0x00, 0x00, 0xfa, 0x05,
  0x00, 0x00, 0xfb, 0x05, 0x00, 0x00, 0xfc, 0x05, 0x00, 0x00, 0xfd, 0x05, 0x00, 0x00, 0xfe, 0x05,
  0x00, 0x00, 0xff, 0x05, 0x00, 0x00, 0x00, 0x06, 0x00, 0x00, 0x01, 0x06, 0x00, 0x00, 0x02, 0x06,
  0x00, 0x00, 0x03, 0x06, 0x00, 0x00, 0x04, 0x06, 0x00, 0x00, 0x05, 0x06, 0x00, 0x00, 0x06, 0x06,
  0x00, 0x00, 0x07, 0x06, 0x00, 0x00, 0x08, 0x06, 0x00, 0x00, 0x09, 0x06, 0x00, 0x00, 0x0a, 0x06,
  0x00, 0x00, 0x0b, 0x06, 0x00, 0x00, 0x0c, 0x06, 0x00, 0x00, 0x0d, 0x06, 0x00, 0x00, 0x0e, 0x06,
  0x00, 0x00, 0x0f, 0x06, 0x00, 0x00, 0x10, 0x06, 0x00, 0x00, 0x11, 0x06, 0x00, 0x00, 0x5f, 0x00,
  0x00, 0x00, 0x12, 0x06, 0x00, 0x00, 0x13, 0x06, 0x00, 0x00, 0x14, 0x06, 0x00, 0x00, 0x15, 0x06,
  0x00, 0x00, 0x16, 0x06, 0x00, 0x00, 0x17, 0x06, 0x00, 0x00, 0x18, 0x06, 0x00, 0x00, 0x19, 0x06,
  0x00, 0x00, 0x1a, 0x06, 0x00, 0x00, 0x1b, 0x06, 0x00, 0x00, 0x1c, 0x06, 0x00, 0x00, 0x1d, 0x06,
  0x00, 0x00, 0x1e, 0x06, 0x00, 0x00, 0x1f, 0x06, 0x00, 0x00, 0x20, 0x06, 0x00, 0x00, 0x21, 0x06,
  0x00, 0x00, 0x22, 0x06, 0x00, 0x00, 0x23, 0x06, 0x00, 0x00, 0x24, 0x06, 0x00, 0x00, 0x25, 0x06,
  0x00, 0x00, 0x26, 0x06, 0xcf, 0x00, 0x05, 0x00, 0x00, 0x00, 0x27, 0x06, 0x00, 0x00, 0xfc, 0x05,
  0x00, 0x00, 0xfe, 0x05, 0x02, 0x00, 0x14, 0x00, 0x02, 0x00, 0x25, 0x00, 0xd0, 0x00, 0x16, 0x00,
  0xd0, 0x00, 0x00, 0x00, 0xd0, 0x00, 0x01, 0x00, 0x00, 0x00, 0x11, 0x00, 0xcd, 0x00, 0x28, 0x06,
  0xce, 0x00, 0x29, 0x06, 0xce, 0x00, 0x2a, 0x06, 0xce, 0x00, 0x2b, 0x06, 0xce, 0x00, 0x2c, 0x06,
  0xce, 0x00, 0x2d, 0x06, 0xce, 0x00, 0x2e, 0x06, 0xce, 0x00, 0x2f, 0x06, 0xce, 0x00, 0x30, 0x06,
  0xce, 0x00, 0x31, 0x06, 0xce, 0x00, 0x32, 0x06, 0xce, 0x00, 0x33, 0x06, 0xce, 0x00, 0x34, 0x06,
  0xce, 0x00, 0x35, 0x06, 0xce, 0x00, 0x36, 0x06, 0xce, 0x00, 0x37, 0x06, 0xcf, 0x00, 0x38, 0x06,
  0x00, 0x00, 0x39, 0x06, 0x00, 0x00, 0x3a, 0x06, 0xd1, 0x00, 0x05, 0x00, 0x04, 0x00, 0x14, 0x00,
  0x04, 0x00, 0x25, 0x00, 0x07, 0x00, 0x32, 0x02, 0x07, 0x00, 0x3b, 0x06, 0x07, 0x00, 0xdf, 0x01,
  0xd2, 0x00, 0x42, 0x00, 0x04, 0x00, 0x14, 0x00, 0x04, 0x00, 0x3c, 0x06, 0x04, 0x00, 0x3d, 0x06,
  0x00, 0x00, 0x3e, 0x06, 0x00, 0x00, 0x3f, 0x06, 0x00, 0x00, 0x40, 0x06, 0x00, 0x00, 0x41, 0x06,
  0x00, 0x00, 0x42, 0x06, 0x00, 0x00, 0x43, 0x06, 0x00, 0x00, 0x44, 0x06, 0x00, 0x00, 0x45, 0x06,
  0x00, 0x00, 0x46, 0x06, 0x02, 0x00, 0x47, 0x06, 0x02, 0x00, 0x48, 0x06, 0x04, 0x00, 0x49, 0x06,
  0x04, 0x00, 0x4a, 0x06, 0x04, 0x00, 0x4b, 0x06, 0x04, 0x00, 0x4c, 0x06, 0x02, 0x00, 0x4d, 0x06,
  0x02, 0x00, 0x4e, 0x06, 0x02, 0x00, 0x4f, 0x06, 0x02, 0x00, 0x50, 0x06, 0x04, 0x00, 0x51, 0x06,
  0x04, 0x00, 0x52, 0x06, 0x02, 0x00, 0x53, 0x06, 0x02, 0x00, 0x54, 0x06, 0x02, 0x00, 0x55, 0x06,
  0x02, 0x00, 0x56, 0x06, 0x00, 0x00, 0x57, 0x06, 0x0c, 0x00, 0x58, 0x06, 0x02, 0x00, 0x59, 0x06,
  0x02, 0x00, 0x5a, 0x06, 0x02, 0x00, 0x5b, 0x06, 0x02, 0x00, 0x5c, 0x06, 0x02, 0x00, 0x5d, 0x06,
  0x02, 0x00, 0x5e, 0x06, 0x02, 0x00, 0x5f, 0x06, 0x02, 0x00, 0x60, 0x06, 0xd1, 0x00, 0x61, 0x06,
  0x02, 0x00, 0x62, 0x06, 0x02, 0x00, 0x63, 0x06, 0x02, 0x00, 0x64, 0x06, 0x02, 0x00, 0x65, 0x06,
  0x04, 0x00, 0x66, 0x06, 0x04, 0x00, 0x67, 0x06, 0x04, 0x00, 0x68, 0x06, 0x04, 0x00, 0x69, 0x06,
  0x02, 0x00, 0x6a, 0x06, 0x02, 0x00, 0x6b, 0x06, 0x02, 0x00, 0x6c, 0x06, 0x02, 0x00, 0x6d, 0x06,
  0x02, 0x00, 0x6e, 0x06, 0x02, 0x00, 0x6f, 0x06, 0x02, 0x00, 0x70, 0x06, 0x02, 0x00, 0x71, 0x06,
  0x02, 0x00, 0x72, 0x06, 0x02, 0x00, 0x73, 0x06, 0x02, 0x00, 0x74, 0x06, 0x02, 0x00, 0x25, 0x00,
  0x00, 0x00, 0x75, 0x06, 0x00, 0x00, 0x76, 0x06, 0x00, 0x00, 0x77, 0x06, 0x07, 0x00, 0x78, 0x06,
  0x02, 0x00, 0x0f, 0x05, 0x02, 0x00, 0x79, 0x06, 0x36, 0x00, 0x7a, 0x06, 0xd3, 0x00, 0x12, 0x00,
  0x1b, 0x00, 0x1f, 0x00, 0x0c, 0x00, 0x7b, 0x06, 0x0c, 0x00, 0x7c, 0x06, 0x0c, 0x00, 0x7d, 0x06,
  0xaf, 0x00, 0x7e, 0x06, 0x02, 0x00, 0x95, 0x02, 0x02, 0x00, 0x7f, 0x06, 0x02, 0x00, 0x96, 0x02,
  0x02, 0x00, 0x80, 0x06, 0x02, 0x00, 0x81, 0x06, 0x02, 0x00, 0x82, 0x06, 0x02, 0x00, 0x83, 0x06,
  0x02, 0x00, 0x84, 0x06, 0x02, 0x00, 0x85, 0x06, 0x02, 0x00, 0x25, 0x00, 0x02, 0x00, 0x86, 0x06,
  0x02, 0x00, 0x87, 0x06, 0x02, 0x00, 0x88, 0x06, 0xd4, 0x00, 0x05, 0x00, 0xd4, 0x00, 0x00, 0x00,
  0xd4, 0x00, 0x01, 0x00, 0xd4, 0x00, 0x89, 0x06, 0x0d, 0x00, 0x8a, 0x06, 0x04, 0x00, 0x14, 0x00,
  0xd5, 0x00, 0x07, 0x00, 0xd5, 0x00, 0x00, 0x00, 0xd5, 0x00, 0x01, 0x00, 0xd4, 0x00, 0x8b, 0x06,
  0xd4, 0x00, 0x8c, 0x06, 0x02, 0x00, 0x6b, 0x04, 0x02, 0x00, 0x14, 0x00, 0x04, 0x00, 0x25, 0x00,
  0xd6, 0x00, 0x11, 0x00, 0xd6, 0x00, 0x00, 0x00, 0xd6, 0x00, 0x01, 0x00, 0x00, 0x00, 0x8d, 0x06,
  0x00, 0x00, 0x8e, 0x06, 0x00, 0x00, 0x8f, 0x06, 0x02, 0x00, 0x90, 0x06, 0x02, 0x00, 0x91, 0x06,
  0x02, 0x00, 0x81, 0x06, 0x02, 0x00, 0x82, 0x06, 0x02, 0x00, 0x14, 0x00, 0x02, 0x00, 0x41, 0x03,
  0x02, 0x00, 0x92, 0x06, 0x02, 0x00, 0x93, 0x06, 0x02, 0x00, 0x94, 0x06, 0x02, 0x00, 0x95, 0x06,
  0x04, 0x00, 0x96, 0x06, 0xd6, 0x00, 0x97, 0x06, 0xb4, 0x00, 0x1e, 0x00, 0xb4, 0x00, 0x00, 0x00,
  0xb4, 0x00, 0x01, 0x00, 0xd4, 0x00, 0x8b, 0x06, 0xd4, 0x00, 0x8c, 0x06, 0xd4, 0x00, 0x98, 0x06,
  0xd4, 0x00, 0x99, 0x06, 0xd3, 0x00, 0x9a, 0x06, 0x07, 0x00, 0x9b, 0x06, 0x17, 0x00, 0x34, 0x00,
  0x17, 0x00, 0x9c, 0x06, 0x17, 0x00, 0x9d, 0x06, 0x02, 0x00, 0x9e, 0x06, 0x02, 0x00, 0x9f, 0x06,
  0x02, 0x00, 0xa0, 0x06, 0x00, 0x00, 0x23, 0x05, 0x00, 0x00, 0xa1, 0x06, 0x02, 0x00, 0xa2, 0x06,
  0x02, 0x00, 0xa3, 0x06, 0x00, 0x00, 0xa4, 0x06, 0x00, 0x00, 0xa5, 0x06, 0x00, 0x00, 0xa6, 0x06,
  0x00, 0x00, 0xa7, 0x06, 0x02, 0x00, 0xa8, 0x06, 0x02, 0x00, 0xa9, 0x06, 0x02, 0x00, 0xaa, 0x06,
  0x02, 0x00, 0x14, 0x00, 0x27, 0x00, 0x7d, 0x00, 0x0c, 0x00, 0xab, 0x06, 0x0c, 0x00, 0xac, 0x06,
  0x0c, 0x00, 0xad, 0x06, 0xd7, 0x00, 0x0b, 0x00, 0x00, 0x00, 0xae, 0x06, 0x02, 0x00, 0xaf, 0x06,
  0x02, 0x00, 0xb0, 0x06, 0x02, 0x00, 0xb1, 0x06, 0x02, 0x00, 0xb2, 0x06, 0x02, 0x00, 0xb3, 0x06,
  0x02, 0x00, 0x5b, 0x04, 0x09, 0x00, 0xb4, 0x06, 0x09, 0x00, 0xb5, 0x06, 0x04, 0x00, 0xb6, 0x06,
  0x04, 0x00, 0xb7, 0x06, 0xd8, 0x00, 0x01, 0x00, 0x00, 0x00, 0xb8, 0x06, 0xd9, 0x00, 0x08, 0x00,
  0x38, 0x00, 0xb9, 0x06, 0x38, 0x00, 0xba, 0x06, 0xd9, 0x00, 0xbb, 0x06, 0xd9, 0x00, 0xbc, 0x06,
  0xd9, 0x00, 0xbd, 0x06, 0x02, 0x00, 0x85, 0x00, 0x02, 0x00, 0x14, 0x00, 0x04, 0x00, 0xbe, 0x06,
  0xda, 0x00, 0x04, 0x00, 0x04, 0x00, 0xb4, 0x05, 0x04, 0x00, 0xbf, 0x06, 0x04, 0x00, 0xb8, 0x05,
  0x04, 0x00, 0xc0, 0x06, 0xdb, 0x00, 0x02, 0x00, 0x04, 0x00, 0xc1, 0x06, 0x04, 0x00, 0xc2, 0x06,
  0xdc, 0x00, 0x07, 0x00, 0x07, 0x00, 0xc3, 0x06, 0x07, 0x00, 0xc4, 0x06, 0x07, 0x00, 0xc5, 0x06,
  0x04, 0x00, 0x14, 0x00, 0x04, 0x00, 0x25, 0x00, 0x07, 0x00, 0xe2, 0x03, 0x07, 0x00, 0xc6, 0x06,
  0xdd, 0x00, 0x01, 0x00, 0x00, 0x00, 0xc7, 0x06, 0xde, 0x00, 0x15, 0x00, 0xde, 0x00, 0x00, 0x00,
  0xde, 0x00, 0x01, 0x00, 0x04, 0x00, 0x39, 0x00, 0x04, 0x00, 0x17, 0x00, 0x04, 0x00, 0x1c, 0x00,
  0x04, 0x00, 0xc8, 0x06, 0x04, 0x00, 0xc9, 0x06, 0x04, 0x00, 0xca, 0x06, 0xd8, 0x00, 0xcb, 0x06,
  0x00, 0x00, 0xc7, 0x06, 0x04, 0x00, 0xcc, 0x06, 0x04, 0x00, 0xcd, 0x06, 0xdd, 0x00, 0xf2, 0x02,
  0xda, 0x00, 0xce, 0x06, 0xdb, 0x00, 0xcf, 0x06, 0xdc, 0x00, 0xd0, 0x06, 0xd9, 0x00, 0xd1, 0x06,
  0xd9, 0x00, 0xd2, 0x06, 0xd9, 0x00, 0xd3, 0x06, 0x38, 0x00, 0xd4, 0x06, 0x38, 0x00, 0xd5, 0x06,
  0xdf, 0x00, 0x0c, 0x00, 0x00, 0x00, 0xba, 0x01, 0x09, 0x00, 0xc1, 0x00, 0x00, 0x00, 0xc2, 0x00,
  0x04, 0x00, 0xc5, 0x00, 0x04, 0x00, 0xcd, 0x00, 0x09, 0x00, 0xc6, 0x00, 0x07, 0x00, 0xc8, 0x00,
  0x07, 0x00, 0xc9, 0x00, 0x09, 0x00, 0xd6, 0x06, 0x09, 0x00, 0xd7, 0x06, 0x09, 0x00, 0xca, 0x00,
  0x09, 0x00, 0xcc, 0x00, 0xe0, 0x00, 0x2d, 0x00, 0xe0, 0x00, 0x00, 0x00, 0xe0, 0x00, 0x01, 0x00,
  0x09, 0x00, 0xd8, 0x06, 0x09, 0x00, 0x1a, 0x00, 0x00, 0x00, 0x1b, 0x00, 0x04, 0x00, 0x14, 0x00,
  0x04, 0x00, 0x12, 0x00, 0x04, 0x00, 0x17, 0x00, 0x04, 0x00, 0x5b, 0x00, 0x04, 0x00, 0xd9, 0x06,
  0x04, 0x00, 0xda, 0x06, 0x04, 0x00, 0xc9, 0x06, 0x04, 0x00, 0xca, 0x06, 0x04, 0x00, 0xdb, 0x06,
  0x04, 0x00, 0xd8, 0x00, 0x04, 0x00, 0xdc, 0x06, 0x04, 0x00, 0xdd, 0x06, 0x07, 0x00, 0xde, 0x06,
  0x07, 0x00, 0xdf, 0x06, 0x04, 0x00, 0x82, 0x00, 0x04, 0x00, 0xe0, 0x06, 0xde, 0x00, 0xe1, 0x06,
  0x24, 0x00, 0x4f, 0x00, 0xaf, 0x00, 0x7e, 0x06, 0x30, 0x00, 0x8c, 0x00, 0x07, 0x00, 0xe2, 0x06,
  0x07, 0x00, 0xe3, 0x06, 0xdf, 0x00, 0x00, 0x01, 0xe0, 0x00, 0xe4, 0x06, 0xe0, 0x00, 0xe5, 0x06,
  0xe0, 0x00, 0xe6, 0x06, 0x0c, 0x00, 0xe7, 0x06, 0xe1, 0x00, 0xe8, 0x06, 0xe2, 0x00, 0xe9, 0x06,
  0x07, 0x00, 0xea, 0x06, 0x07, 0x00, 0xeb, 0x06, 0x04, 0x00, 0xec, 0x06, 0x07, 0x00, 0xed, 0x06,
  0x09, 0x00, 0xee, 0x06, 0x04, 0x00, 0xef, 0x06, 0x04, 0x00, 0xf0, 0x06, 0x04, 0x00, 0xf1, 0x06,
  0x07, 0x00, 0xf2, 0x06, 0x04, 0x00, 0x83, 0x06, 0x04, 0x00, 0x25, 0x00, 0xe3, 0x00, 0x04, 0x00,
  0xe3, 0x00, 0x00, 0x00, 0xe3, 0x00, 0x01, 0x00, 0x0c, 0x00, 0xf3, 0x06, 0xe0, 0x00, 0xf4, 0x06,
  0xe4, 0x00, 0x06, 0x00, 0x0c, 0x00, 0xf5, 0x06, 0x0c, 0x00, 0xe7, 0x06, 0x0c, 0x00, 0xf6, 0x06,
  0x02, 0x00, 0x14, 0x00, 0x02, 0x00, 0x25, 0x00, 0x04, 0x00, 0x39, 0x00, 0xe5, 0x00, 0x04, 0x00,
  0x07, 0x00, 0xf7, 0x06, 0x07, 0x00, 0x70, 0x00, 0x02, 0x00, 0xf8, 0x06, 0x02, 0x00, 0xf9, 0x06,
  0xe6, 0x00, 0x06, 0x00, 0x07, 0x00, 0xfa, 0x06, 0x07, 0x00, 0xfb, 0x06, 0x07, 0x00, 0xfc, 0x06,
  0x07, 0x00, 0xfd, 0x06, 0x04, 0x00, 0xfe, 0x06, 0x04, 0x00, 0xff, 0x06, 0xe7, 0x00, 0x0c, 0x00,
  0x07, 0x00, 0x00, 0x07, 0x07, 0x00, 0x01, 0x07, 0x07, 0x00, 0x02, 0x07, 0x07, 0x00, 0x03, 0x07,
  0x07, 0x00, 0x04, 0x07, 0x07, 0x00, 0x05, 0x07, 0x07, 0x00, 0x06, 0x07, 0x07, 0x00, 0x07, 0x07,
  0x07, 0x00, 0x08, 0x07, 0x07, 0x00, 0x09, 0x07, 0x04, 0x00, 0x90, 0x02, 0x04, 0x00, 0x0a, 0x07,
  0xe8, 0x00, 0x02, 0x00, 0x07, 0x00, 0xb0, 0x04, 0x07, 0x00, 0x25, 0x00, 0xe9, 0x00, 0x05, 0x00,
  0x07, 0x00, 0x0b, 0x07, 0x07, 0x00, 0x0c, 0x07, 0x04, 0x00, 0x5d, 0x00, 0x04, 0x00, 0x6a, 0x02,
  0x04, 0x00, 0x0d, 0x07, 0xea, 0x00, 0x06, 0x00, 0xea, 0x00, 0x00, 0x00, 0xea, 0x00, 0x01, 0x00,
  0x02, 0x00, 0x12, 0x00, 0x02, 0x00, 0x14, 0x00, 0x02, 0x00, 0x0e, 0x07, 0x02, 0x00, 0x39, 0x00,
  0xeb, 0x00, 0x08, 0x00, 0xeb, 0x00, 0x00, 0x00, 0xeb, 0x00, 0x01, 0x00, 0x02, 0x00, 0x12, 0x00,
  0x02, 0x00, 0x14, 0x00, 0x02, 0x00, 0x0e, 0x07, 0x02, 0x00, 0x39, 0x00, 0x07, 0x00, 0x17, 0x00,
  0x07, 0x00, 0x82, 0x00, 0xec, 0x00, 0x2d, 0x00, 0xec, 0x00, 0x00, 0x00, 0xec, 0x00, 0x01, 0x00,
  0x02, 0x00, 0x12, 0x00, 0x02, 0x00, 0x14, 0x00, 0x02, 0x00, 0x0e, 0x07, 0x02, 0x00, 0xd4, 0x00,
  0x02, 0x00, 0x90, 0x03, 0x02, 0x00, 0x0f, 0x07, 0x07, 0x00, 0x10, 0x07, 0x07, 0x00, 0x5c, 0x00,
  0x07, 0x00, 0x9d, 0x02, 0x04, 0x00, 0x11, 0x07, 0x04, 0x00, 0x51, 0x00, 0x04, 0x00, 0x6c, 0x02,
  0x07, 0x00, 0x12, 0x07, 0x07, 0x00, 0x13, 0x07, 0x07, 0x00, 0x14, 0x07, 0x07, 0x00, 0x15, 0x07,
  0x07, 0x00, 0x16, 0x07, 0x07, 0x00, 0x17, 0x07, 0x07, 0x00, 0x9a, 0x02, 0x07, 0x00, 0xfe, 0x00,
  0x07, 0x00, 0x18, 0x07, 0x07, 0x00, 0x19, 0x07, 0x07, 0x00, 0x25, 0x00, 0x07, 0x00, 0x1a, 0x07,
  0x07, 0x00, 0x1b, 0x07, 0x07, 0x00, 0x1c, 0x07, 0x02, 0x00, 0x1d, 0x07, 0x02, 0x00, 0x1e, 0x07,
  0x02, 0x00, 0x1f, 0x07, 0x02, 0x00, 0x20, 0x07, 0x02, 0x00, 0x21, 0x07, 0x02, 0x00, 0x22, 0x07,
  0x02, 0x00, 0x23, 0x07, 0x02, 0x00, 0x24, 0x07, 0x02, 0x00, 0x53, 0x05, 0x02, 0x00, 0x25, 0x07,
  0x02, 0x00, 0xcf, 0x01, 0x02, 0x00, 0x26, 0x07, 0x00, 0x00, 0x27, 0x07, 0x00, 0x00, 0x28, 0x07,
  0x07, 0x00, 0xd2, 0x00, 0xed, 0x00, 0x29, 0x07, 0x3f, 0x00, 0x9f, 0x01, 0xee, 0x00, 0x10, 0x00,
  0xee, 0x00, 0x00, 0x00, 0xee, 0x00, 0x01, 0x00, 0x02, 0x00, 0x12, 0x00, 0x02, 0x00, 0x14, 0x00,
  0x02, 0x00, 0x0e, 0x07, 0x02, 0x00, 0xd4, 0x00, 0x07, 0x00, 0x95, 0x02, 0x07, 0x00, 0x96, 0x02,
  0x07, 0x00, 0x97, 0x02, 0x07, 0x00, 0xf9, 0x01, 0x07, 0x00, 0x98, 0x02, 0x07, 0x00, 0x99, 0x02,
  0x07, 0x00, 0x2a, 0x07, 0x07, 0x00, 0x9a, 0x02, 0x07, 0x00, 0x9c, 0x02, 0x07, 0x00, 0x9d, 0x02,
  0xc3, 0x00, 0x05, 0x00, 0x02, 0x00, 0x12, 0x00, 0x02, 0x00, 0xbe, 0x06, 0x02, 0x00, 0x14, 0x00,
  0x02, 0x00, 0x2b, 0x07, 0x1b, 0x00, 0xce, 0x05, 0xc2, 0x00, 0x03, 0x00, 0x04, 0x00, 0x45, 0x00,
  0x04, 0x00, 0x2c, 0x07, 0xc3, 0x00, 0x02, 0x00, 0xef, 0x00, 0x0c, 0x00, 0xef, 0x00, 0x00, 0x00,
  0xef, 0x00, 0x01, 0x00, 0x02, 0x00, 0x12, 0x00, 0x02, 0x00, 0x14, 0x00, 0x02, 0x00, 0x1a, 0x03,
  0x02, 0x00, 0xde, 0x01, 0x07, 0x00, 0x05, 0x00, 0x07, 0x00, 0x06, 0x00, 0x07, 0x00, 0x2d, 0x07,
  0x07, 0x00, 0x2e, 0x07, 0x1b, 0x00, 0xce, 0x05, 0x0c, 0x00, 0x2f, 0x07, 0xf0, 0x00, 0x0b, 0x00,
  0xf0, 0x00, 0x00, 0x00, 0xf0, 0x00, 0x01, 0x00, 0x00, 0x00, 0x11, 0x00, 0x02, 0x00, 0x12, 0x00,
  0x02, 0x00, 0x30, 0x07, 0x04, 0x00, 0x16, 0x00, 0x04, 0x00, 0x31, 0x07, 0x02, 0x00, 0x14, 0x00,
  0x02, 0x00, 0x25, 0x00, 0x09, 0x00, 0x32, 0x07, 0x09, 0x00, 0x33, 0x07, 0xf1, 0x00, 0x05, 0x00,
  0x00, 0x00, 0x11, 0x00, 0x07, 0x00, 0x10, 0x01, 0x07, 0x00, 0x34, 0x07, 0x04, 0x00, 0x35, 0x07,
  0x04, 0x00, 0x25, 0x00, 0xf2, 0x00, 0x04, 0x00, 0x02, 0x00, 0x12, 0x00, 0x02, 0x00, 0x14, 0x00,
  0x02, 0x00, 0x2b, 0x00, 0x02, 0x00, 0x46, 0x00, 0xf3, 0x00, 0x04, 0x00, 0x00, 0x00, 0x11, 0x00,
  0x3d, 0x00, 0x36, 0x07, 0x07, 0x00, 0x10, 0x01, 0x07, 0x00, 0x25, 0x00, 0xf4, 0x00, 0x06, 0x00,
  0x02, 0x00, 0x37, 0x07, 0x02, 0x00, 0x38, 0x07, 0x02, 0x00, 0x12, 0x00, 0x02, 0x00, 0x39, 0x07,
  0x00, 0x00, 0x3a, 0x07, 0x00, 0x00, 0x3b, 0x07, 0xf5, 0x00, 0x05, 0x00, 0x04, 0x00, 0x12, 0x00,
  0x04, 0x00, 0x25, 0x00, 0x00, 0x00, 0x11, 0x00, 0x00, 0x00, 0x3c, 0x07, 0x00, 0x00, 0x3d, 0x07,
  0xf6, 0x00, 0x03, 0x00, 0x04, 0x00, 0x12, 0x00, 0x04, 0x00, 0x25, 0x00, 0x00, 0x00, 0x11, 0x00,
  0xf7, 0x00, 0x04, 0x00, 0x02, 0x00, 0x3e, 0x07, 0x02, 0x00, 0x3f, 0x07, 0x02, 0x00, 0x14, 0x00,
  0x02, 0x00, 0x25, 0x00, 0xf8, 0x00, 0x06, 0x00, 0x00, 0x00, 0x11, 0x00, 0x00, 0x00, 0x40, 0x07,
  0x02, 0x00, 0x41, 0x07, 0x02, 0x00, 0x9a, 0x02, 0x02, 0x00, 0x09, 0x01, 0x02, 0x00, 0x46, 0x00,
  0xf9, 0x00, 0x05, 0x00, 0x00, 0x00, 0x11, 0x00, 0x07, 0x00, 0x70, 0x00, 0x07, 0x00, 0xe4, 0x03,
  0x02, 0x00, 0x14, 0x00, 0x02, 0x00, 0x78, 0x02, 0xfa, 0x00, 0x03, 0x00, 0x00, 0x00, 0x11, 0x00,
  0x04, 0x00, 0x6c, 0x02, 0x04, 0x00, 0x3e, 0x07, 0xfb, 0x00, 0x07, 0x00, 0x00, 0x00, 0x11, 0x00,
  0x07, 0x00, 0xe4, 0x03, 0x00, 0x00, 0x42, 0x07, 0x00, 0x00, 0x43, 0x07, 0x02, 0x00, 0x09, 0x01,
  0x02, 0x00, 0x2b, 0x00, 0x04, 0x00, 0x44, 0x07, 0xfc, 0x00, 0x03, 0x00, 0x20, 0x00, 0x45, 0x07,
  0x00, 0x00, 0x46, 0x07, 0x00, 0x00, 0x47, 0x07, 0xfd, 0x00, 0x11, 0x00, 0xfd, 0x00, 0x00, 0x00,
  0xfd, 0x00, 0x01, 0x00, 0x02, 0x00, 0x12, 0x00, 0x02, 0x00, 0x30, 0x07, 0x02, 0x00, 0x14, 0x00,
  0x02, 0x00, 0x48, 0x07, 0x02, 0x00, 0x49, 0x07, 0x02, 0x00, 0x4a, 0x07, 0x02, 0x00, 0x2b, 0x00,
  0x02, 0x00, 0x46, 0x00, 0x00, 0x00, 0x11, 0x00, 0x09, 0x00, 0x02, 0x00, 0xfe, 0x00, 0x4b, 0x07,
  0x20, 0x00, 0x2d, 0x00, 0x02, 0x00, 0xb6, 0x04, 0x02, 0x00, 0xea, 0x06, 0x04, 0x00, 0x25, 0x00,
  0xff, 0x00, 0x0a, 0x00, 0x00, 0x00, 0x11, 0x00, 0x00, 0x00, 0x12, 0x00, 0x00, 0x00, 0x4c, 0x07,
  0x02, 0x00, 0x14, 0x00, 0x04, 0x00, 0x78, 0x02, 0x04, 0x00, 0x4d, 0x07, 0x04, 0x00, 0x4e, 0x07,
  0x04, 0x00, 0x4f, 0x07, 0x04, 0x00, 0x50, 0x07, 0x04, 0x00, 0x51, 0x07, 0x00, 0x01, 0x01, 0x00,
  0x00, 0x00, 0x52, 0x07, 0x01, 0x01, 0x01, 0x00, 0x2a, 0x00, 0xb3, 0x05, 0xfe, 0x00, 0x12, 0x00,
  0xfe, 0x00, 0x00, 0x00, 0xfe, 0x00, 0x01, 0x00, 0xfe, 0x00, 0x53, 0x07, 0x02, 0x00, 0x12, 0x00,
  0x02, 0x00, 0x14, 0x00, 0x02, 0x00, 0x54, 0x07, 0x02, 0x00, 0x4a, 0x07, 0x02, 0x00, 0x30, 0x07,
  0x02, 0x00, 0x55, 0x07, 0x02, 0x00, 0x46, 0x00, 0x02, 0x00, 0x08, 0x01, 0x00, 0x00, 0x11, 0x00,
  0x09, 0x00, 0x02, 0x00, 0x02, 0x01, 0x4b, 0x07, 0xfd, 0x00, 0x56, 0x07, 0x02, 0x00, 0x0f, 0x00,
  0x02, 0x00, 0x57, 0x07, 0x04, 0x00, 0x58, 0x07, 0x03, 0x01, 0x03, 0x00, 0x04, 0x00, 0xb4, 0x02,
  0x04, 0x00, 0x25, 0x00, 0x20, 0x00, 0x2d, 0x00, 0x04, 0x01, 0x0c, 0x00, 0x8f, 0x00, 0x59, 0x07,
  0x02, 0x00, 0x12, 0x00, 0x02, 0x00, 0x14, 0x00, 0x04, 0x00, 0x10, 0x07, 0x04, 0x00, 0x5c, 0x00,
  0x00, 0x00, 0x11, 0x00, 0x00, 0x00, 0x5a, 0x07, 0x02, 0x00, 0x5b, 0x07, 0x02, 0x00, 0x5c, 0x07,
  0x02, 0x00, 0x5d, 0x07, 0x02, 0x00, 0x5e, 0x07, 0x07, 0x00, 0x5f, 0x07, 0x05, 0x01, 0x0a, 0x00,
  0x02, 0x00, 0x14, 0x00, 0x02, 0x00, 0x60, 0x07, 0x04, 0x00, 0x10, 0x07, 0x04, 0x00, 0x5c, 0x00,
  0x02, 0x00, 0x61, 0x07, 0xe1, 0x00, 0xe8, 0x06, 0x02, 0x00, 0x12, 0x00, 0x02, 0x00, 0x62, 0x07,
  0x02, 0x00, 0x63, 0x07, 0x02, 0x00, 0x64, 0x07, 0x06, 0x01, 0x07, 0x00, 0x02, 0x00, 0x14, 0x00,
  0x02, 0x00, 0x60, 0x07, 0x04, 0x00, 0x10, 0x07, 0x04, 0x00, 0x5c, 0x00, 0x02, 0x00, 0x12, 0x00,
  0x02, 0x00, 0x65, 0x07, 0x07, 0x00, 0x68, 0x03, 0x07, 0x01, 0x0b, 0x00, 0x04, 0x00, 0xb4, 0x02,
  0x02, 0x00, 0x12, 0x00, 0x02, 0x00, 0x14, 0x00, 0x20, 0x00, 0x2d, 0x00, 0x4a, 0x00, 0x66, 0x07,
  0x00, 0x00, 0x11, 0x00, 0x07, 0x00, 0x67, 0x07, 0x07, 0x00, 0x68, 0x07, 0x07, 0x00, 0x25, 0x00,
  0x02, 0x00, 0x69, 0x07, 0x02, 0x00, 0x6a, 0x07, 0x08, 0x01, 0x05, 0x00, 0x02, 0x00, 0x12, 0x00,
  0x02, 0x00, 0x14, 0x00, 0x04, 0x00, 0x25, 0x00, 0xaf, 0x00, 0x7e, 0x06, 0x20, 0x00, 0xff, 0x04,
  0x09, 0x01, 0x05, 0x00, 0x04, 0x00, 0x14, 0x00, 0x04, 0x00, 0x12, 0x00, 0x00, 0x00, 0x11, 0x00,
  0x00, 0x00, 0x3c, 0x07, 0x20, 0x00, 0x2d, 0x00, 0x0a, 0x01, 0x0c, 0x00, 0x02, 0x00, 0x14, 0x00,
  0x02, 0x00, 0x12, 0x00, 0x02, 0x00, 0x30, 0x07, 0x02, 0x00, 0x14, 0x03, 0x07, 0x00, 0x6b, 0x07,
  0x07, 0x00, 0x6c, 0x07, 0x07, 0x00, 0x03, 0x01, 0x07, 0x00, 0x04, 0x01, 0x07, 0x00, 0xfb, 0x02,
  0x07, 0x00, 0xfe, 0x02, 0x07, 0x00, 0x6d, 0x07, 0x07, 0x00, 0x6e, 0x07, 0x0b, 0x01, 0x0a, 0x00,
  0x02, 0x00, 0x14, 0x00, 0x02, 0x00, 0x12, 0x00, 0x04, 0x00, 0x10, 0x07, 0x04, 0x00, 0x5c, 0x00,
  0x00, 0x00, 0x11, 0x00, 0x00, 0x00, 0x5a, 0x07, 0x02, 0x00, 0x2b, 0x00, 0x02, 0x00, 0x40, 0x00,
  0x02, 0x00, 0x6f, 0x07, 0x02, 0x00, 0x70, 0x07, 0x0c, 0x01, 0x08, 0x00, 0x20, 0x00, 0x2d, 0x00,
  0x07, 0x00, 0x97, 0x02, 0x07, 0x00, 0x71, 0x07, 0x07, 0x00, 0x72, 0x07, 0x07, 0x00, 0x92, 0x02,
  0x02, 0x00, 0x14, 0x00, 0x02, 0x00, 0x78, 0x02, 0x07, 0x00, 0x73, 0x07, 0x0d, 0x01, 0x0c, 0x00,
  0x02, 0x00, 0x12, 0x00, 0x02, 0x00, 0x09, 0x01, 0x02, 0x00, 0x14, 0x00, 0x02, 0x00, 0x9a, 0x02,
  0x02, 0x00, 0xb4, 0x02, 0x02, 0x00, 0x74, 0x07, 0x04, 0x00, 0x25, 0x00, 0x07, 0x00, 0x75, 0x07,
  0x07, 0x00, 0x76, 0x07, 0x07, 0x00, 0x77, 0x07, 0x07, 0x00, 0x78, 0x07, 0x00, 0x00, 0x79, 0x07,
  0x0e, 0x01, 0x0a, 0x00, 0x02, 0x00, 0x14, 0x00, 0x02, 0x00, 0x12, 0x00, 0x04, 0x00, 0x10, 0x07,
  0x04, 0x00, 0x5c, 0x00, 0x00, 0x00, 0x11, 0x00, 0x02, 0x00, 0xb5, 0x00, 0x02, 0x00, 0x40, 0x00,
  0x02, 0x00, 0x6f, 0x07, 0x02, 0x00, 0x70, 0x07, 0x3f, 0x00, 0x9f, 0x01, 0x0f, 0x01, 0x07, 0x00,
  0x04, 0x00, 0x6c, 0x02, 0x04, 0x00, 0x7a, 0x07, 0x04, 0x00, 0x7b, 0x07, 0x04, 0x00, 0x7c, 0x07,
  0x07, 0x00, 0x7d, 0x07, 0x07, 0x00, 0x7e, 0x07, 0x00, 0x00, 0x42, 0x07, 0x10, 0x01, 0x07, 0x00,
  0x00, 0x00, 0x7f, 0x07, 0x20, 0x00, 0x80, 0x07, 0x00, 0x00, 0x46, 0x07, 0x02, 0x00, 0x81, 0x07,
  0x02, 0x00, 0x2b, 0x00, 0x04, 0x00, 0x46, 0x00, 0x00, 0x00, 0x47, 0x07, 0x11, 0x01, 0x06, 0x00,
  0x02, 0x00, 0x14, 0x00, 0x02, 0x00, 0x12, 0x00, 0x04, 0x00, 0x10, 0x07, 0x04, 0x00, 0x5c, 0x00,
  0x00, 0x00, 0x82, 0x07, 0x00, 0x00, 0x83, 0x07, 0x12, 0x01, 0x01, 0x00, 0x04, 0x00, 0x14, 0x00,
  0x13, 0x01, 0x06, 0x00, 0x00, 0x00, 0x5f, 0x00, 0x02, 0x00, 0x12, 0x00, 0x02, 0x00, 0x14, 0x00,
  0x04, 0x00, 0x84, 0x07, 0x07, 0x00, 0x85, 0x07, 0x2a, 0x00, 0xb3, 0x05, 0x14, 0x01, 0x03, 0x00,
  0x00, 0x00, 0x5f, 0x00, 0x04, 0x00, 0x12, 0x00, 0x20, 0x00, 0x2d, 0x00, 0x15, 0x01, 0x02, 0x00,
  0x04, 0x00, 0x12, 0x00, 0x04, 0x00, 0x5f, 0x05, 0x02, 0x01, 0x0a, 0x00, 0x02, 0x01, 0x00, 0x00,
  0x02, 0x01, 0x01, 0x00, 0x02, 0x01, 0x53, 0x07, 0x02, 0x00, 0x12, 0x00, 0x02, 0x00, 0x14, 0x00,
  0x02, 0x00, 0x30, 0x07, 0x02, 0x00, 0x86, 0x07, 0x00, 0x00, 0x11, 0x00, 0x09, 0x00, 0x02, 0x00,
  0x20, 0x00, 0x2d, 0x00, 0x16, 0x01, 0x0a, 0x00, 0x07, 0x00, 0x13, 0x03, 0x07, 0x00, 0x87, 0x07,
  0x07, 0x00, 0x88, 0x07, 0x07, 0x00, 0x89, 0x07, 0x07, 0x00, 0x8a, 0x07, 0x04, 0x00, 0x14, 0x00,
  0x07, 0x00, 0x74, 0x07, 0x07, 0x00, 0x8b, 0x07, 0x07, 0x00, 0x8c, 0x07, 0x07, 0x00, 0x25, 0x00,
  0xe1, 0x00, 0x14, 0x00, 0x1b, 0x00, 0x1f, 0x00, 0x00, 0x00, 0xc0, 0x00, 0x17, 0x01, 0x8d, 0x07,
  0x09, 0x00, 0x8e, 0x07, 0x2b, 0x00, 0x98, 0x00, 0x2b, 0x00, 0x8f, 0x07, 0x09, 0x00, 0x90, 0x07,
  0x24, 0x00, 0x4f, 0x00, 0x07, 0x00, 0x68, 0x03, 0x07, 0x00, 0x91, 0x07, 0x07, 0x00, 0x92, 0x07,
  0x07, 0x00, 0x93, 0x07, 0x07, 0x00, 0x94, 0x07, 0x07, 0x00, 0x95, 0x07, 0x07, 0x00, 0x96, 0x07,
  0x04, 0x00, 0x5d, 0x00, 0x04, 0x00, 0x97, 0x07, 0x00, 0x00, 0x98, 0x07, 0x00, 0x00, 0x99, 0x07,
  0x00, 0x00, 0x9a, 0x07, 0x18, 0x01, 0x06, 0x00, 0x1b, 0x00, 0x1f, 0x00, 0x07, 0x00, 0x9b, 0x07,
  0x07, 0x00, 0x9c, 0x07, 0x07, 0x00, 0x9d, 0x07, 0x02, 0x00, 0x9e, 0x07, 0x02, 0x00, 0x9f, 0x07,
  0x19, 0x01, 0x0e, 0x00, 0xb3, 0x00, 0x00, 0x00, 0xb3, 0x00, 0x01, 0x00, 0x04, 0x00, 0x23, 0x05,
  0x07, 0x00, 0x24, 0x05, 0xb4, 0x00, 0x25, 0x05, 0xb9, 0x00, 0x6c, 0x05, 0xe1, 0x00, 0xe8, 0x06,
  0x02, 0x00, 0x09, 0x01, 0x02, 0x00, 0x60, 0x07, 0x02, 0x00, 0x06, 0x02, 0x02, 0x00, 0x07, 0x02,
  0x02, 0x00, 0x14, 0x00, 0x02, 0x00, 0x76, 0x05, 0x04, 0x00, 0x46, 0x00, 0x1a, 0x01, 0x06, 0x00,
  0x1a, 0x01, 0x00, 0x00, 0x1a, 0x01, 0x01, 0x00, 0x20, 0x00, 0x2d, 0x00, 0x09, 0x00, 0xa0, 0x07,
  0x04, 0x00, 0xd9, 0x00, 0x04, 0x00, 0x25, 0x00, 0x3f, 0x00, 0x04, 0x00, 0x1b, 0x00, 0x1f, 0x00,
  0x0c, 0x00, 0xa1, 0x07, 0x04, 0x00, 0x87, 0x00, 0x07, 0x00, 0xa2, 0x07, 0x1b, 0x01, 0x19, 0x00,
  0x1b, 0x01, 0x00, 0x00, 0x1b, 0x01, 0x01, 0x00, 0x1b, 0x01, 0x26, 0x00, 0x0c, 0x00, 0xa3, 0x07,
  0x00, 0x00, 0x11, 0x00, 0x07, 0x00, 0xa4, 0x07, 0x07, 0x00, 0xa5, 0x07, 0x07, 0x00, 0xa6, 0x07,
  0x07, 0x00, 0xa7, 0x07, 0x04, 0x00, 0x14, 0x00, 0x07, 0x00, 0xa8, 0x07, 0x07, 0x00, 0xa9, 0x07,
  0x07, 0x00, 0xaa, 0x07, 0x07, 0x00, 0x10, 0x01, 0x07, 0x00, 0xd7, 0x01, 0x07, 0x00, 0xab, 0x07,
  0x07, 0x00, 0x6a, 0x02, 0x07, 0x00, 0xac, 0x07, 0x07, 0x00, 0xad, 0x07, 0x07, 0x00, 0xae, 0x07,
  0x07, 0x00, 0xaf, 0x07, 0x07, 0x00, 0xb0, 0x07, 0x07, 0x00, 0xaf, 0x00, 0x02, 0x00, 0x87, 0x00,
  0x02, 0x00, 0xc6, 0x04, 0x1c, 0x01, 0x13, 0x00, 0x1b, 0x00, 0x1f, 0x00, 0x0c, 0x00, 0xb1, 0x07,
  0x0c, 0x00, 0xb2, 0x07, 0x04, 0x00, 0x14, 0x00, 0x04, 0x00, 0x0e, 0x04, 0x02, 0x00, 0x9e, 0x02,
  0x02, 0x00, 0xb3, 0x07, 0x02, 0x00, 0x87, 0x00, 0x02, 0x00, 0xb4, 0x07, 0x02, 0x00, 0xb5, 0x07,
  0x02, 0x00, 0xb6, 0x07, 0x02, 0x00, 0xb7, 0x07, 0x02, 0x00, 0xb8, 0x07, 0x04, 0x00, 0xb9, 0x07,
  0x04, 0x00, 0xba, 0x07, 0x04, 0x00, 0xbb, 0x07, 0x04, 0x00, 0xbc, 0x07, 0x04, 0x00, 0xbd, 0x07,
  0x04, 0x00, 0xbe, 0x07, 0x1d, 0x01, 0x22, 0x00, 0x1d, 0x01, 0x00, 0x00, 0x1d, 0x01, 0x01, 0x00,
  0x0c, 0x00, 0x2c, 0x03, 0x00, 0x00, 0x11, 0x00, 0x02, 0x00, 0x14, 0x00, 0x02, 0x00, 0xbf, 0x07,
  0x02, 0x00, 0xc0, 0x07, 0x02, 0x00, 0xc1, 0x07, 0x02, 0x00, 0x08, 0x03, 0x02, 0x00, 0xc2, 0x07,
  0x04, 0x00, 0xf7, 0x01, 0x04, 0x00, 0xbb, 0x07, 0x04, 0x00, 0xbc, 0x07, 0x1b, 0x01, 0xc3, 0x07,
  0x1d, 0x01, 0x26, 0x00, 0x1d, 0x01, 0xc4, 0x07, 0x0c, 0x00, 0xc5, 0x07, 0x09, 0x00, 0xc6, 0x07,
  0x09, 0x00, 0xc7, 0x07, 0x09, 0x00, 0xc8, 0x07, 0x07, 0x00, 0x03, 0x01, 0x07, 0x00, 0xaf, 0x00,
  0x07, 0x00, 0xc5, 0x01, 0x07, 0x00, 0xc9, 0x07, 0x07, 0x00, 0xca, 0x07, 0x07, 0x00, 0x00, 0x03,
  0x07, 0x00, 0xcb, 0x07, 0x07, 0x00, 0xcc, 0x07, 0x07, 0x00, 0xcd, 0x07, 0x07, 0x00, 0xce, 0x07,
  0x07, 0x00, 0xcf, 0x07, 0x07, 0x00, 0xd0, 0x07, 0x07, 0x00, 0xf4, 0x01, 0x20, 0x00, 0xd1, 0x07,
  0x90, 0x00, 0x09, 0x00, 0x0c, 0x00, 0xd2, 0x07, 0x02, 0x00, 0x14, 0x00, 0x02, 0x00, 0xd3, 0x07,
  0x07, 0x00, 0x12, 0x03, 0x07, 0x00, 0xd4, 0x07, 0x07, 0x00, 0xd5, 0x07, 0x0c, 0x00, 0xd6, 0x07,
  0x04, 0x00, 0xd7, 0x07, 0x04, 0x00, 0x25, 0x00, 0x1e, 0x01, 0x07, 0x00, 0x1e, 0x01, 0x00, 0x00,
  0x1e, 0x01, 0x01, 0x00, 0x0c, 0x00, 0x98, 0x07, 0x04, 0x00, 0x14, 0x00, 0x04, 0x00, 0xd8, 0x07,
  0x00, 0x00, 0x11, 0x00, 0xcf, 0x00, 0xd9, 0x07, 0x1f, 0x01, 0x08, 0x00, 0x1f, 0x01, 0x00, 0x00,
  0x1f, 0x01, 0x01, 0x00, 0x1e, 0x01, 0xda, 0x07, 0x24, 0x00, 0x4f, 0x00, 0x0c, 0x00, 0xf8, 0x02,
  0x04, 0x00, 0x14, 0x00, 0x00, 0x00, 0x11, 0x00, 0x04, 0x00, 0xdb, 0x07, 0x8f, 0x00, 0x06, 0x00,
  0x1b, 0x00, 0x1f, 0x00, 0x0c, 0x00, 0xd2, 0x07, 0x0c, 0x00, 0xdc, 0x07, 0x0c, 0x00, 0x67, 0x00,
  0x04, 0x00, 0xdd, 0x07, 0x04, 0x00, 0x25, 0x00, 0x20, 0x01, 0x10, 0x00, 0xb3, 0x00, 0x00, 0x00,
  0xb3, 0x00, 0x01, 0x00, 0x04, 0x00, 0x23, 0x05, 0x07, 0x00, 0x24, 0x05, 0xb4, 0x00, 0x25, 0x05,
  0x02, 0x00, 0x26, 0x05, 0xb9, 0x00, 0x6c, 0x05, 0x8f, 0x00, 0xf5, 0x02, 0x00, 0x00, 0x09, 0x01,
  0x00, 0x00, 0xb2, 0x05, 0x02, 0x00, 0x14, 0x00, 0x02, 0x00, 0xde, 0x07, 0x02, 0x00, 0x73, 0x05,
  0x02, 0x00, 0x76, 0x05, 0x02, 0x00, 0xdf, 0x07, 0x07, 0x00, 0xe0, 0x07, 0x21, 0x01, 0x05, 0x00,
  0x21, 0x01, 0x00, 0x00, 0x21, 0x01, 0x01, 0x00, 0x24, 0x00, 0x4f, 0x00, 0x02, 0x00, 0x14, 0x00,
  0x00, 0x00, 0xe1, 0x07, 0x22, 0x01, 0x0c, 0x00, 0x22, 0x01, 0x00, 0x00, 0x22, 0x01, 0x01, 0x00,
  0x09, 0x00, 0x02, 0x00, 0x02, 0x00, 0x12, 0x00, 0x02, 0x00, 0x14, 0x00, 0x00, 0x00, 0xe2, 0x07,
  0x00, 0x00, 0xe3, 0x07, 0x00, 0x00, 0xe1, 0x07, 0x07, 0x00, 0xe4, 0x07, 0x07, 0x00, 0xe5, 0x07,
  0x04, 0x00, 0x25, 0x00, 0x24, 0x00, 0x4f, 0x00, 0x23, 0x01, 0x09, 0x00, 0x23, 0x01, 0x00, 0x00,
  0x23, 0x01, 0x01, 0x00, 0x20, 0x00, 0xe6, 0x07, 0x00, 0x00, 0xe7, 0x07, 0x07, 0x00, 0xe8, 0x07,
  0x02, 0x00, 0xe9, 0x07, 0x02, 0x00, 0x14, 0x00, 0x02, 0x00, 0x12, 0x00, 0x02, 0x00, 0x25, 0x00,
  0x24, 0x01, 0x07, 0x00, 0x2a, 0x00, 0xb3, 0x05, 0x1a, 0x00, 0xea, 0x07, 0x04, 0x00, 0x14, 0x00,
  0x04, 0x00, 0xeb, 0x07, 0x0c, 0x00, 0xec, 0x07, 0x20, 0x00, 0xe6, 0x07, 0x00, 0x00, 0xe7, 0x07,
  0x25, 0x01, 0x0c, 0x00, 0x20, 0x00, 0xe6, 0x07, 0x02, 0x00, 0xed, 0x07, 0x02, 0x00, 0x14, 0x00,
  0x02, 0x00, 0xee, 0x07, 0x02, 0x00, 0xef, 0x07, 0x00, 0x00, 0xe7, 0x07, 0x20, 0x00, 0xf0, 0x07,
  0x00, 0x00, 0xf1, 0x07, 0x07, 0x00, 0xf2, 0x07, 0x07, 0x00, 0xd7, 0x01, 0x07, 0x00, 0xf3, 0x07,
  0x07, 0x00, 0xf4, 0x07, 0x26, 0x01, 0x06, 0x00, 0x20, 0x00, 0xe6, 0x07, 0x04, 0x00, 0xdb, 0x07,
  0x04, 0x00, 0xf5, 0x07, 0x04, 0x00, 0x5d, 0x00, 0x04, 0x00, 0x25, 0x00, 0x00, 0x00, 0xe7, 0x07,
  0x27, 0x01, 0x04, 0x00, 0x20, 0x00, 0xe6, 0x07, 0x04, 0x00, 0x14, 0x00, 0x04, 0x00, 0xdb, 0x07,
  0x00, 0x00, 0xe7, 0x07, 0x28, 0x01, 0x04, 0x00, 0x20, 0x00, 0xe6, 0x07, 0x04, 0x00, 0x14, 0x00,
  0x04, 0x00, 0xdb, 0x07, 0x00, 0x00, 0xe7, 0x07, 0x29, 0x01, 0x0a, 0x00, 0x20, 0x00, 0xe6, 0x07,
  0x04, 0x00, 0xf6, 0x07, 0x07, 0x00, 0x81, 0x00, 0x04, 0x00, 0x14, 0x00, 0x02, 0x00, 0xad, 0x05,
  0x02, 0x00, 0xf7, 0x07, 0x02, 0x00, 0x2b, 0x00, 0x02, 0x00, 0x46, 0x00, 0x07, 0x00, 0xf8, 0x07,
  0x00, 0x00, 0xe7, 0x07, 0x2a, 0x01, 0x04, 0x00, 0x20, 0x00, 0xe6, 0x07, 0x04, 0x00, 0x14, 0x00,
  0x04, 0x00, 0xdb, 0x07, 0x00, 0x00, 0xe7, 0x07, 0x2b, 0x01, 0x0a, 0x00, 0x20, 0x00, 0xe6, 0x07,
  0x02, 0x00, 0x12, 0x00, 0x02, 0x00, 0x96, 0x03, 0x04, 0x00, 0x5b, 0x00, 0x04, 0x00, 0x5c, 0x00,
  0x07, 0x00, 0x71, 0x07, 0x07, 0x00, 0x72, 0x07, 0x04, 0x00, 0x25, 0x00, 0x8f, 0x00, 0x59, 0x07,
  0x00, 0x00, 0xe7, 0x07, 0x2c, 0x01, 0x04, 0x00, 0x20, 0x00, 0xe6, 0x07, 0x04, 0x00, 0x05, 0x03,
  0x04, 0x00, 0xf9, 0x07, 0x00, 0x00, 0xe7, 0x07, 0x2d, 0x01, 0x05, 0x00, 0x20, 0x00, 0xe6, 0x07,
  0x07, 0x00, 0x81, 0x00, 0x04, 0x00, 0xfa, 0x07, 0x04, 0x00, 0x05, 0x03, 0x04, 0x00, 0x06, 0x03,
  0x2e, 0x01, 0x06, 0x00, 0x20, 0x00, 0xe6, 0x07, 0x04, 0x00, 0xfb, 0x07, 0x04, 0x00, 0xfc, 0x07,
  0x07, 0x00, 0xfd, 0x07, 0x07, 0x00, 0xfe, 0x07, 0x00, 0x00, 0xe7, 0x07, 0x2f, 0x01, 0x10, 0x00,
  0x20, 0x00, 0xe6, 0x07, 0x20, 0x00, 0xc4, 0x07, 0x04, 0x00, 0x12, 0x00, 0x07, 0x00, 0xff, 0x07,
  0x07, 0x00, 0x00, 0x08, 0x07, 0x00, 0x01, 0x08, 0x07, 0x00, 0x02, 0x08, 0x07, 0x00, 0x03, 0x08,
  0x07, 0x00, 0x04, 0x08, 0x07, 0x00, 0x05, 0x08, 0x07, 0x00, 0x06, 0x08, 0x07, 0x00, 0x07, 0x08,
  0x02, 0x00, 0x14, 0x00, 0x02, 0x00, 0x25, 0x00, 0x02, 0x00, 0x2b, 0x00, 0x02, 0x00, 0x46, 0x00,
  0x30, 0x01, 0x03, 0x00, 0x20, 0x00, 0xe6, 0x07, 0x04, 0x00, 0x14, 0x00, 0x04, 0x00, 0x53, 0x05,
  0x31, 0x01, 0x05, 0x00, 0x20, 0x00, 0xe6, 0x07, 0x04, 0x00, 0x14, 0x00, 0x04, 0x00, 0x25, 0x00,
  0x07, 0x00, 0x08, 0x08, 0x00, 0x00, 0xe7, 0x07, 0x32, 0x01, 0x0a, 0x00, 0x20, 0x00, 0xe6, 0x07,
  0x00, 0x00, 0xe7, 0x07, 0x02, 0x00, 0x09, 0x08, 0x02, 0x00, 0x0a, 0x08, 0x00, 0x00, 0x0b, 0x08,
  0x00, 0x00, 0x0c, 0x08, 0x07, 0x00, 0x0d, 0x08, 0x07, 0x00, 0x0e, 0x08, 0x07, 0x00, 0x0f, 0x08,
  0x07, 0x00, 0x10, 0x08, 0x33, 0x01, 0x08, 0x00, 0x07, 0x00, 0x09, 0x00, 0x07, 0x00, 0x0a, 0x00,
  0x07, 0x00, 0x0b, 0x00, 0x07, 0x00, 0x0c, 0x00, 0x07, 0x00, 0x11, 0x08, 0x07, 0x00, 0x12, 0x08,
  0x02, 0x00, 0x14, 0x00, 0x02, 0x00, 0x53, 0x05, 0x34, 0x01, 0x08, 0x00, 0x07, 0x00, 0x09, 0x00,
  0x07, 0x00, 0x0a, 0x00, 0x07, 0x00, 0x0b, 0x00, 0x07, 0x00, 0x0c, 0x00, 0x07, 0x00, 0x11, 0x08,
  0x07, 0x00, 0x12, 0x08, 0x02, 0x00, 0x14, 0x00, 0x02, 0x00, 0x53, 0x05, 0x35, 0x01, 0x08, 0x00,
  0x07, 0x00, 0x09, 0x00, 0x07, 0x00, 0x0a, 0x00, 0x07, 0x00, 0x0b, 0x00, 0x07, 0x00, 0x0c, 0x00,
  0x07, 0x00, 0x11, 0x08, 0x07, 0x00, 0x12, 0x08, 0x02, 0x00, 0x14, 0x00, 0x02, 0x00, 0x53, 0x05,
  0x36, 0x01, 0x07, 0x00, 0x20, 0x00, 0xe6, 0x07, 0x00, 0x00, 0xe7, 0x07, 0x07, 0x00, 0x10, 0x01,
  0x07, 0x00, 0x1a, 0x01, 0x02, 0x00, 0x14, 0x00, 0x02, 0x00, 0x09, 0x01, 0x04, 0x00, 0x25, 0x00,
  0x37, 0x01, 0x0a, 0x00, 0x37, 0x01, 0x00, 0x00, 0x37, 0x01, 0x01, 0x00, 0x02, 0x00, 0x12, 0x00,
  0x02, 0x00, 0x14, 0x00, 0x00, 0x00, 0x13, 0x08, 0x07, 0x00, 0xdb, 0x00, 0x07, 0x00, 0xdc, 0x00,
  0x02, 0x00, 0x98, 0x07, 0x02, 0x00, 0x14, 0x08, 0x20, 0x00, 0x2d, 0x00, 0x38, 0x01, 0x16, 0x00,
  0x38, 0x01, 0x00, 0x00, 0x38, 0x01, 0x01, 0x00, 0x02, 0x00, 0x14, 0x00, 0x02, 0x00, 0x09, 0x01,
  0x02, 0x00, 0x15, 0x08, 0x02, 0x00, 0x16, 0x08, 0x24, 0x00, 0x4f, 0x00, 0x8f, 0x00, 0x59, 0x07,
  0x20, 0x00, 0xa7, 0x00, 0x07, 0x00, 0x5b, 0x00, 0x07, 0x00, 0x5c, 0x00, 0x07, 0x00, 0x17, 0x08,
  0x07, 0x00, 0x18, 0x08, 0x07, 0x00, 0x19, 0x08, 0x07, 0x00, 0x1a, 0x08, 0x07, 0x00, 0x93, 0x02,
  0x07, 0x00, 0xbb, 0x01, 0x07, 0x00, 0x5b, 0x07, 0x07, 0x00, 0x1b, 0x08, 0x00, 0x00, 0x1c, 0x08,
  0x00, 0x00, 0x1d, 0x08, 0x0c, 0x00, 0xfa, 0x02, 0x39, 0x01, 0x08, 0x00, 0x07, 0x00, 0xdf, 0x01,
  0x07, 0x00, 0x71, 0x07, 0x07, 0x00, 0x72, 0x07, 0x09, 0x00, 0x02, 0x00, 0x02, 0x00, 0x1e, 0x08,
  0x02, 0x00, 0x1f, 0x08, 0x02, 0x00, 0x20, 0x08, 0x02, 0x00, 0x21, 0x08, 0x3a, 0x01, 0x12, 0x00,
  0x3a, 0x01, 0x00, 0x00, 0x3a, 0x01, 0x01, 0x00, 0x3a, 0x01, 0x22, 0x08, 0x00, 0x00, 0x11, 0x00,
  0x39, 0x01, 0x23, 0x08, 0x02, 0x00, 0x12, 0x00, 0x02, 0x00, 0x14, 0x00, 0x02, 0x00, 0x24, 0x08,
  0x02, 0x00, 0x25, 0x08, 0x02, 0x00, 0x26, 0x08, 0x02, 0x00, 0x27, 0x08, 0x04, 0x00, 0x2b, 0x00,
  0x07, 0x00, 0x28, 0x08, 0x07, 0x00, 0x29, 0x08, 0x04, 0x00, 0x2a, 0x08, 0x04, 0x00, 0x2b, 0x08,
  0x3a, 0x01, 0x2c, 0x08, 0x3b, 0x01, 0x2d, 0x08, 0x3c, 0x01, 0x1e, 0x00, 0x3c, 0x01, 0x00, 0x00,
  0x3c, 0x01, 0x01, 0x00, 0x3c, 0x01, 0x2e, 0x08, 0x00, 0x00, 0x11, 0x00, 0x00, 0x00, 0x2f, 0x08,
  0x02, 0x00, 0x12, 0x00, 0x02, 0x00, 0x14, 0x00, 0x02, 0x00, 0xc8, 0x06, 0x02, 0x00, 0xea, 0x06,
  0x02, 0x00, 0x30, 0x08, 0x02, 0x00, 0x89, 0x00, 0x02, 0x00, 0x25, 0x08, 0x02, 0x00, 0xbe, 0x06,
  0x0c, 0x00, 0x54, 0x07, 0x0c, 0x00, 0x31, 0x08, 0x1b, 0x00, 0xce, 0x05, 0x09, 0x00, 0x32, 0x08,
  0x07, 0x00, 0x28, 0x08, 0x07, 0x00, 0x29, 0x08, 0x07, 0x00, 0xf9, 0x01, 0x07, 0x00, 0x33, 0x08,
  0x02, 0x00, 0x34, 0x08, 0x02, 0x00, 0x35, 0x08, 0x02, 0x00, 0x36, 0x08, 0x02, 0x00, 0x37, 0x08,
  0x18, 0x00, 0x38, 0x08, 0x18, 0x00, 0x39, 0x08, 0x18, 0x00, 0x3a, 0x08, 0x3d, 0x01, 0x99, 0x00,
  0x3e, 0x01, 0x3b, 0x08, 0x3b, 0x01, 0x06, 0x00, 0x3b, 0x01, 0x00, 0x00, 0x3b, 0x01, 0x01, 0x00,
  0x3c, 0x01, 0x3c, 0x08, 0x3c, 0x01, 0x3d, 0x08, 0x3a, 0x01, 0x3e, 0x08, 0x3a, 0x01, 0x2c, 0x08,
  0x3e, 0x00, 0x10, 0x00, 0x1b, 0x00, 0x1f, 0x00, 0x0c, 0x00, 0x3f, 0x08, 0x0c, 0x00, 0x40, 0x08,
  0x39, 0x01, 0x41, 0x08, 0x0c, 0x00, 0x42, 0x08, 0x04, 0x00, 0x12, 0x00, 0x04, 0x00, 0x43, 0x08,
  0x04, 0x00, 0x44, 0x08, 0x04, 0x00, 0x45, 0x08, 0x0c, 0x00, 0x46, 0x08, 0x3e, 0x01, 0x47, 0x08,
  0x3a, 0x01, 0x48, 0x08, 0x3a, 0x01, 0x49, 0x08, 0x09, 0x00, 0x4a, 0x08, 0x09, 0x00, 0x4b, 0x08,
  0x04, 0x00, 0x4c, 0x08, 0x3f, 0x01, 0x06, 0x00, 0x04, 0x00, 0x80, 0x00, 0x04, 0x00, 0x82, 0x00,
  0x04, 0x00, 0xbe, 0x06, 0x00, 0x00, 0x4d, 0x08, 0x00, 0x00, 0x4e, 0x08, 0x02, 0x00, 0x25, 0x00,
  0x40, 0x01, 0x10, 0x00, 0x02, 0x00, 0x81, 0x06, 0x02, 0x00, 0x82, 0x06, 0x02, 0x00, 0x4f, 0x08,
  0x02, 0x00, 0x88, 0x07, 0x02, 0x00, 0x50, 0x08, 0x02, 0x00, 0x44, 0x00, 0x07, 0x00, 0x92, 0x02,
  0x07, 0x00, 0x51, 0x08, 0x07, 0x00, 0x52, 0x08, 0x02, 0x00, 0x1e, 0x01, 0x00, 0x00, 0x53, 0x08,
  0x00, 0x00, 0x1a, 0x04, 0x02, 0x00, 0x54, 0x08, 0x02, 0x00, 0x25, 0x00, 0x04, 0x00, 0x55, 0x08,
  0x04, 0x00, 0x56, 0x08, 0x41, 0x01, 0x09, 0x00, 0x07, 0x00, 0x57, 0x08, 0x07, 0x00, 0x58, 0x08,
  0x07, 0x00, 0x96, 0x07, 0x07, 0x00, 0x70, 0x00, 0x07, 0x00, 0x59, 0x08, 0x07, 0x00, 0x1f, 0x05,
  0x02, 0x00, 0x5a, 0x08, 0x00, 0x00, 0x5b, 0x08, 0x00, 0x00, 0x25, 0x00, 0x42, 0x01, 0x04, 0x00,
  0x07, 0x00, 0x5c, 0x08, 0x07, 0x00, 0x5d, 0x08, 0x02, 0x00, 0x5a, 0x08, 0x02, 0x00, 0x25, 0x00,
  0x43, 0x01, 0x03, 0x00, 0x07, 0x00, 0x5e, 0x08, 0x07, 0x00, 0x5f, 0x08, 0x07, 0x00, 0x0f, 0x00,
  0x44, 0x01, 0x07, 0x00, 0x00, 0x00, 0xba, 0x01, 0x02, 0x00, 0x5d, 0x04, 0x02, 0x00, 0x5e, 0x04,
  0x02, 0x00, 0x5f, 0x04, 0x02, 0x00, 0x2e, 0x04, 0x04, 0x00, 0x82, 0x00, 0x04, 0x00, 0x94, 0x03,
  0x45, 0x01, 0x07, 0x00, 0x07, 0x00, 0x60, 0x08, 0x07, 0x00, 0x61, 0x08, 0x07, 0x00, 0x62, 0x08,
  0x07, 0x00, 0x02, 0x02, 0x07, 0x00, 0x63, 0x08, 0x07, 0x00, 0x64, 0x08, 0x07, 0x00, 0x65, 0x08,
  0x46, 0x01, 0x04, 0x00, 0x02, 0x00, 0x66, 0x08, 0x02, 0x00, 0x67, 0x08, 0x02, 0x00, 0x68, 0x08,
  0x02, 0x00, 0x69, 0x08, 0x47, 0x01, 0x02, 0x00, 0x07, 0x00, 0x05, 0x00, 0x07, 0x00, 0x06, 0x00,
  0x48, 0x01, 0x02, 0x00, 0x00, 0x00, 0xa9, 0x00, 0x00, 0x00, 0x6a, 0x08, 0x49, 0x01, 0x01, 0x00,
  0x00, 0x00, 0x11, 0x00, 0x4a, 0x01, 0x0a, 0x00, 0x00, 0x00, 0x6b, 0x08, 0x00, 0x00, 0x6c, 0x08,
  0x00, 0x00, 0x6d, 0x08, 0x00, 0x00, 0x6e, 0x08, 0x02, 0x00, 0x4f, 0x08, 0x02, 0x00, 0x6f, 0x08,
  0x07, 0x00, 0x70, 0x08, 0x07, 0x00, 0x71, 0x08, 0x07, 0x00, 0x72, 0x08, 0x07, 0x00, 0xbb, 0x01,
  0x4b, 0x01, 0x02, 0x00, 0x09, 0x00, 0x73, 0x08, 0x09, 0x00, 0x74, 0x08, 0x4c, 0x01, 0x0b, 0x00,
  0x00, 0x00, 0x5f, 0x04, 0x00, 0x00, 0x12, 0x00, 0x00, 0x00, 0x5a, 0x08, 0x00, 0x00, 0x70, 0x00,
  0x00, 0x00, 0x75, 0x08, 0x00, 0x00, 0x6d, 0x00, 0x00, 0x00, 0x4a, 0x02, 0x07, 0x00, 0x76, 0x08,
  0x07, 0x00, 0x77, 0x08, 0x07, 0x00, 0x78, 0x08, 0x07, 0x00, 0x79, 0x08, 0x4d, 0x01, 0x08, 0x00,
  0x07, 0x00, 0x37, 0x07, 0x07, 0x00, 0x81, 0x00, 0x07, 0x00, 0x1a, 0x04, 0x07, 0x00, 0x45, 0x02,
  0x07, 0x00, 0x7a, 0x08, 0x07, 0x00, 0xce, 0x00, 0x07, 0x00, 0x7b, 0x08, 0x04, 0x00, 0x12, 0x00,
  0x4e, 0x01, 0x04, 0x00, 0x02, 0x00, 0x7c, 0x08, 0x02, 0x00, 0x7d, 0x08, 0x02, 0x00, 0x7e, 0x08,
  0x02, 0x00, 0x25, 0x00, 0x4f, 0x01, 0x04, 0x00, 0x07, 0x00, 0x05, 0x00, 0x07, 0x00, 0x06, 0x00,
  0x02, 0x00, 0x14, 0x00, 0x02, 0x00, 0x7f, 0x08, 0x50, 0x01, 0x0a, 0x00, 0x02, 0x00, 0x82, 0x03,
  0x02, 0x00, 0x14, 0x00, 0x07, 0x00, 0xe4, 0x03, 0x07, 0x00, 0x80, 0x08, 0x07, 0x00, 0x81, 0x08,
  0x07, 0x00, 0x82, 0x08, 0x07, 0x00, 0x83, 0x08, 0x4f, 0x01, 0x84, 0x08, 0x4f, 0x01, 0x85, 0x08,
  0x4f, 0x01, 0x86, 0x08, 0x3b, 0x00, 0x09, 0x00, 0x04, 0x00, 0x14, 0x00, 0x04, 0x00, 0x40, 0x00,
  0x18, 0x00, 0x87, 0x08, 0x18, 0x00, 0x88, 0x08, 0x50, 0x01, 0x89, 0x08, 0x07, 0x00, 0x8a, 0x08,
  0x07, 0x00, 0x8b, 0x08, 0x07, 0x00, 0x8c, 0x08, 0x07, 0x00, 0x8d, 0x08, 0x51, 0x01, 0x04, 0x00,
  0x2e, 0x00, 0x8c, 0x02, 0x07, 0x00, 0x8e, 0x08, 0x07, 0x00, 0x58, 0x01, 0x07, 0x00, 0x25, 0x00,
  0xa7, 0x00, 0x0d, 0x00, 0x1b, 0x00, 0x1f, 0x00, 0x02, 0x00, 0x14, 0x00, 0x02, 0x00, 0x20, 0x05,
  0x04, 0x00, 0x6d, 0x00, 0x07, 0x00, 0x8f, 0x08, 0x07, 0x00, 0xff, 0x01, 0x07, 0x00, 0x90, 0x08,
  0x07, 0x00, 0x91, 0x08, 0x07, 0x00, 0x58, 0x01, 0x02, 0x00, 0x2b, 0x01, 0x02, 0x00, 0x25, 0x00,
  0x32, 0x00, 0x49, 0x01, 0x51, 0x01, 0x92, 0x08, 0x52, 0x01, 0x08, 0x00, 0x04, 0x00, 0x12, 0x00,
  0x04, 0x00, 0x81, 0x00, 0x04, 0x00, 0x14, 0x00, 0x04, 0x00, 0x41, 0x03, 0x04, 0x00, 0x93, 0x08,
  0x00, 0x00, 0x5f, 0x00, 0x00, 0x00, 0x11, 0x00, 0x09, 0x00, 0x02, 0x00, 0x54, 0x00, 0x06, 0x00,
  0x52, 0x01, 0x94, 0x08, 0x04, 0x00, 0x95, 0x08, 0x04, 0x00, 0x96, 0x08, 0x04, 0x00, 0x97, 0x08,
  0x04, 0x00, 0x25, 0x00, 0x09, 0x00, 0x98, 0x08, 0x53, 0x01, 0x05, 0x00, 0x07, 0x00, 0x40, 0x02,
  0x07, 0x00, 0xb4, 0x02, 0x07, 0x00, 0xd7, 0x01, 0x02, 0x00, 0x99, 0x08, 0x02, 0x00, 0x25, 0x00,
  0x54, 0x01, 0x05, 0x00, 0x07, 0x00, 0x40, 0x02, 0x07, 0x00, 0x9a, 0x08, 0x07, 0x00, 0x9b, 0x08,
  0x07, 0x00, 0x9c, 0x08, 0x07, 0x00, 0xb4, 0x02, 0x55, 0x01, 0x07, 0x00, 0x04, 0x00, 0x9d, 0x08,
  0x04, 0x00, 0x9e, 0x08, 0x04, 0x00, 0x9f, 0x08, 0x07, 0x00, 0xa0, 0x08, 0x07, 0x00, 0xa1, 0x08,
  0x07, 0x00, 0xa2, 0x08, 0x07, 0x00, 0xa3, 0x08, 0x56, 0x01, 0x1a, 0x00, 0x20, 0x00, 0xa4, 0x08,
  0x54, 0x01, 0x3d, 0x03, 0x54, 0x01, 0xa5, 0x08, 0x53, 0x01, 0xa6, 0x08, 0x54, 0x01, 0x29, 0x07,
  0x07, 0x00, 0xa7, 0x08, 0x07, 0x00, 0xa8, 0x08, 0x07, 0x00, 0xa9, 0x08, 0x07, 0x00, 0xaa, 0x08,
  0x07, 0x00, 0xa1, 0x08, 0x07, 0x00, 0xa2, 0x08, 0x07, 0x00, 0xb4, 0x02, 0x07, 0x00, 0x9d, 0x02,
  0x07, 0x00, 0xab, 0x08, 0x07, 0x00, 0xac, 0x08, 0x07, 0x00, 0x6d, 0x00, 0x07, 0x00, 0xad, 0x08,
  0x04, 0x00, 0x9d, 0x08, 0x04, 0x00, 0xae, 0x08, 0x04, 0x00, 0x25, 0x00, 0x04, 0x00, 0x51, 0x00,
  0x04, 0x00, 0xaf, 0x08, 0x02, 0x00, 0x14, 0x00, 0x02, 0x00, 0xb0, 0x08, 0x02, 0x00, 0xb1, 0x08,
  0x02, 0x00, 0x5f, 0x03, 0x57, 0x01, 0x70, 0x00, 0x1b, 0x00, 0x1f, 0x00, 0x04, 0x00, 0x14, 0x00,
  0x02, 0x00, 0x12, 0x00, 0x02, 0x00, 0x09, 0x08, 0x02, 0x00, 0xb2, 0x08, 0x02, 0x00, 0xb3, 0x08,
  0x02, 0x00, 0xb4, 0x08, 0x02, 0x00, 0xb5, 0x08, 0x02, 0x00, 0xb6, 0x08, 0x02, 0x00, 0xb7, 0x08,
  0x02, 0x00, 0xb8, 0x08, 0x02, 0x00, 0xb9, 0x08, 0x02, 0x00, 0xba, 0x08, 0x02, 0x00, 0xbb, 0x08,
  0x02, 0x00, 0xbc, 0x08, 0x02, 0x00, 0xbd, 0x08, 0x02, 0x00, 0xbe, 0x08, 0x02, 0x00, 0xbf, 0x08,
  0x02, 0x00, 0xc0, 0x08, 0x02, 0x00, 0xcf, 0x01, 0x02, 0x00, 0x22, 0x07, 0x02, 0x00, 0x0a, 0x07,
  0x02, 0x00, 0xc1, 0x08, 0x02, 0x00, 0xc2, 0x08, 0x02, 0x00, 0x5d, 0x03, 0x02, 0x00, 0x5e, 0x03,
  0x02, 0x00, 0xc3, 0x08, 0x02, 0x00, 0xc4, 0x08, 0x02, 0x00, 0xc5, 0x08, 0x02, 0x00, 0xc6, 0x08,
  0x02, 0x00, 0xc7, 0x08, 0x02, 0x00, 0xc8, 0x08, 0x07, 0x00, 0xc9, 0x08, 0x07, 0x00, 0xca, 0x08,
  0x07, 0x00, 0xcb, 0x08, 0x02, 0x00, 0xcc, 0x08, 0x02, 0x00, 0xcd, 0x08, 0x07, 0x00, 0xce, 0x08,
  0x07, 0x00, 0xcf, 0x08, 0x07, 0x00, 0xd0, 0x08, 0x07, 0x00, 0x10, 0x07, 0x07, 0x00, 0x5c, 0x00,
  0x07, 0x00, 0x9d, 0x02, 0x07, 0x00, 0x16, 0x07, 0x07, 0x00, 0xd1, 0x08, 0x07, 0x00, 0xd2, 0x08,
  0x07, 0x00, 0xd3, 0x08, 0x07, 0x00, 0xd4, 0x08, 0x07, 0x00, 0x39, 0x00, 0x04, 0x00, 0x11, 0x07,
  0x04, 0x00, 0x0f, 0x07, 0x04, 0x00, 0xd5, 0x08, 0x07, 0x00, 0x12, 0x07, 0x07, 0x00, 0x13, 0x07,
  0x07, 0x00, 0x14, 0x07, 0x07, 0x00, 0xd6, 0x08, 0x07, 0x00, 0xd7, 0x08, 0x07, 0x00, 0xd8, 0x08,
  0x07, 0x00, 0xd9, 0x08, 0x07, 0x00, 0xda, 0x08, 0x07, 0x00, 0xdb, 0x08, 0x07, 0x00, 0xdc, 0x08,
  0x07, 0x00, 0xdd, 0x08, 0x07, 0x00, 0x13, 0x03, 0x07, 0x00, 0x6d, 0x00, 0x07, 0x00, 0xde, 0x08,
  0x07, 0x00, 0xdf, 0x08, 0x07, 0x00, 0xe0, 0x08, 0x07, 0x00, 0xe1, 0x08, 0x07, 0x00, 0xe2, 0x08,
  0x07, 0x00, 0xe3, 0x08, 0x07, 0x00, 0x6a, 0x02, 0x07, 0x00, 0xe4, 0x08, 0x07, 0x00, 0xe5, 0x08,
  0x04, 0x00, 0xe6, 0x08, 0x04, 0x00, 0xe7, 0x08, 0x07, 0x00, 0xe8, 0x08, 0x07, 0x00, 0xe9, 0x08,
  0x07, 0x00, 0xea, 0x08, 0x07, 0x00, 0xeb, 0x08, 0x07, 0x00, 0xec, 0x08, 0x07, 0x00, 0xed, 0x08,
  0x07, 0x00, 0xee, 0x08, 0x07, 0x00, 0xef, 0x08, 0x07, 0x00, 0x59, 0x03, 0x07, 0x00, 0x57, 0x03,
  0x07, 0x00, 0x58, 0x03, 0x07, 0x00, 0xf0, 0x08, 0x07, 0x00, 0xf1, 0x08, 0x07, 0x00, 0xf2, 0x08,
  0x07, 0x00, 0xf3, 0x08, 0x07, 0x00, 0xf4, 0x08, 0x07, 0x00, 0xf5, 0x08, 0x07, 0x00, 0xf6, 0x08,
  0x07, 0x00, 0xf7, 0x08, 0x07, 0x00, 0xf8, 0x08, 0x07, 0x00, 0xf9, 0x08, 0x07, 0x00, 0xfa, 0x08,
  0x07, 0x00, 0xfb, 0x08, 0x07, 0x00, 0xfc, 0x08, 0x07, 0x00, 0xfd, 0x08, 0x07, 0x00, 0xfe, 0x08,
  0x07, 0x00, 0xff, 0x08, 0x07, 0x00, 0x00, 0x09, 0x00, 0x00, 0x01, 0x09, 0x3f, 0x00, 0x32, 0x03,
  0x3f, 0x00, 0x02, 0x09, 0x20, 0x00, 0x03, 0x09, 0x20, 0x00, 0x04, 0x09, 0x24, 0x00, 0x4f, 0x00,
  0x92, 0x00, 0x30, 0x03, 0x92, 0x00, 0x05, 0x09, 0x85, 0x00, 0x25, 0x00, 0x85, 0x00, 0x00, 0x00,
  0x85, 0x00, 0x01, 0x00, 0x57, 0x01, 0x06, 0x09, 0x56, 0x01, 0x81, 0x03, 0x55, 0x01, 0xc4, 0x07,
  0x58, 0x01, 0x07, 0x09, 0x59, 0x01, 0x08, 0x09, 0x59, 0x01, 0x09, 0x09, 0x0c, 0x00, 0x0a, 0x09,
  0x0c, 0x00, 0x0b, 0x09, 0x93, 0x00, 0x31, 0x03, 0x20, 0x00, 0x0c, 0x09, 0x20, 0x00, 0x0d, 0x09,
  0x20, 0x00, 0x0e, 0x09, 0x0c, 0x00, 0x0f, 0x09, 0x0c, 0x00, 0x10, 0x09, 0x07, 0x00, 0xd2, 0x00,
  0x07, 0x00, 0x43, 0x04, 0x04, 0x00, 0x6c, 0x02, 0x04, 0x00, 0x14, 0x00, 0x04, 0x00, 0x11, 0x07,
  0x04, 0x00, 0x11, 0x09, 0x04, 0x00, 0x12, 0x09, 0x04, 0x00, 0x13, 0x09, 0x04, 0x00, 0x39, 0x00,
  0x02, 0x00, 0xd9, 0x00, 0x02, 0x00, 0x14, 0x09, 0x02, 0x00, 0x15, 0x09, 0x02, 0x00, 0x16, 0x09,
  0x02, 0x00, 0x2a, 0x03, 0x02, 0x00, 0x17, 0x09, 0x00, 0x00, 0x18, 0x09, 0x02, 0x00, 0x19, 0x09,
  0x02, 0x00, 0x1a, 0x09, 0x02, 0x00, 0x1b, 0x09, 0x09, 0x00, 0x1c, 0x09, 0x7d, 0x00, 0xa9, 0x03,
  0x7b, 0x00, 0x22, 0x00, 0x5a, 0x01, 0x1d, 0x09, 0x07, 0x00, 0x8d, 0x03, 0x07, 0x00, 0x1e, 0x09,
  0x07, 0x00, 0x1f, 0x09, 0x07, 0x00, 0xe7, 0x03, 0x07, 0x00, 0x20, 0x09, 0x07, 0x00, 0x1a, 0x03,
  0x07, 0x00, 0x13, 0x03, 0x07, 0x00, 0x21, 0x09, 0x07, 0x00, 0x01, 0x02, 0x07, 0x00, 0x22, 0x09,
  0x07, 0x00, 0x23, 0x09, 0x07, 0x00, 0x24, 0x09, 0x07, 0x00, 0x25, 0x09, 0x07, 0x00, 0x26, 0x09,
  0x07, 0x00, 0x27, 0x09, 0x07, 0x00, 0x8e, 0x03, 0x07, 0x00, 0x28, 0x09, 0x07, 0x00, 0x29, 0x09,
  0x07, 0x00, 0x2a, 0x09, 0x07, 0x00, 0x8f, 0x03, 0x07, 0x00, 0x8b, 0x03, 0x07, 0x00, 0x8c, 0x03,
  0x04, 0x00, 0x2b, 0x09, 0x04, 0x00, 0x5d, 0x00, 0x04, 0x00, 0x2c, 0x09, 0x04, 0x00, 0x2d, 0x09,
  0x02, 0x00, 0x2e, 0x09, 0x02, 0x00, 0x2f, 0x09, 0x02, 0x00, 0x30, 0x09, 0x02, 0x00, 0x31, 0x09,
  0x02, 0x00, 0x32, 0x09, 0x02, 0x00, 0x25, 0x00, 0x04, 0x00, 0x46, 0x00, 0x7c, 0x00, 0x08, 0x00,
  0x5a, 0x01, 0x33, 0x09, 0x07, 0x00, 0x34, 0x09, 0x07, 0x00, 0x35, 0x09, 0x07, 0x00, 0xa0, 0x01,
  0x07, 0x00, 0x36, 0x09, 0x04, 0x00, 0x5d, 0x00, 0x02, 0x00, 0x37, 0x09, 0x02, 0x00, 0x38, 0x09,
  0x5b, 0x01, 0x04, 0x00, 0x07, 0x00, 0x05, 0x00, 0x07, 0x00, 0x06, 0x00, 0x07, 0x00, 0x07, 0x00,
  0x07, 0x00, 0x39, 0x09, 0x5c, 0x01, 0x06, 0x00, 0x5c, 0x01, 0x00, 0x00, 0x5c, 0x01, 0x01, 0x00,
  0x5b, 0x01, 0x3a, 0x09, 0x04, 0x00, 0x3b, 0x09, 0x02, 0x00, 0x3c, 0x09, 0x02, 0x00, 0x14, 0x00,
  0x5d, 0x01, 0x05, 0x00, 0x5d, 0x01, 0x00, 0x00, 0x5d, 0x01, 0x01, 0x00, 0x0c, 0x00, 0x3d, 0x09,
  0x04, 0x00, 0x3e, 0x09, 0x04, 0x00, 0x14, 0x00, 0x5e, 0x01, 0x09, 0x00, 0x5e, 0x01, 0x00, 0x00,
  0x5e, 0x01, 0x01, 0x00, 0x0c, 0x00, 0x80, 0x00, 0x5d, 0x01, 0x3f, 0x09, 0x04, 0x00, 0x14, 0x00,
  0x02, 0x00, 0x3c, 0x09, 0x02, 0x00, 0x40, 0x09, 0x07, 0x00, 0x5e, 0x00, 0x00, 0x00, 0x41, 0x09,
  0xb8, 0x00, 0x05, 0x00, 0x0c, 0x00, 0x6d, 0x04, 0x04, 0x00, 0x14, 0x00, 0x02, 0x00, 0x42, 0x09,
  0x02, 0x00, 0x43, 0x09, 0x09, 0x00, 0x44, 0x09, 0x45, 0x4e, 0x44, 0x42, 0x00, 0x00, 0x00, 0x00,
  0x00, 0x00, 0x00, 0x00, 0x00, 0x00, 0x00, 0x00, 0x00, 0x00, 0x00, 0x00,
};
static const unsigned int kBlendDefault248Len = 125148;
